country,iso2c,iso3c,year,status,lastupdated,rd_gdp,researchers_pm,region,capital,longitude,latitude,income,lending
Afghanistan,AF,AFG,2019,,2026-07-01,NA,NA,"Middle East, North Africa, Afghanistan & Pakistan",Kabul,69.1761,34.5228,Low income,IDA
Afghanistan,AF,AFG,2022,,2026-07-01,NA,NA,"Middle East, North Africa, Afghanistan & Pakistan",Kabul,69.1761,34.5228,Low income,IDA
Afghanistan,AF,AFG,2016,,2026-07-01,NA,NA,"Middle East, North Africa, Afghanistan & Pakistan",Kabul,69.1761,34.5228,Low income,IDA
Afghanistan,AF,AFG,2015,,2026-07-01,NA,NA,"Middle East, North Africa, Afghanistan & Pakistan",Kabul,69.1761,34.5228,Low income,IDA
Afghanistan,AF,AFG,2018,,2026-07-01,NA,NA,"Middle East, North Africa, Afghanistan & Pakistan",Kabul,69.1761,34.5228,Low income,IDA
Afghanistan,AF,AFG,2025,,2026-07-01,NA,NA,"Middle East, North Africa, Afghanistan & Pakistan",Kabul,69.1761,34.5228,Low income,IDA
Afghanistan,AF,AFG,2021,,2026-07-01,NA,NA,"Middle East, North Africa, Afghanistan & Pakistan",Kabul,69.1761,34.5228,Low income,IDA
Afghanistan,AF,AFG,2024,,2026-07-01,NA,NA,"Middle East, North Africa, Afghanistan & Pakistan",Kabul,69.1761,34.5228,Low income,IDA
Afghanistan,AF,AFG,2017,,2026-07-01,NA,NA,"Middle East, North Africa, Afghanistan & Pakistan",Kabul,69.1761,34.5228,Low income,IDA
Afghanistan,AF,AFG,2020,,2026-07-01,NA,NA,"Middle East, North Africa, Afghanistan & Pakistan",Kabul,69.1761,34.5228,Low income,IDA
Afghanistan,AF,AFG,2023,,2026-07-01,NA,NA,"Middle East, North Africa, Afghanistan & Pakistan",Kabul,69.1761,34.5228,Low income,IDA
Africa Eastern and Southern,ZH,AFE,2021,,2026-07-01,NA,NA,Aggregates,,,,Aggregates,Aggregates
Africa Eastern and Southern,ZH,AFE,2024,,2026-07-01,NA,NA,Aggregates,,,,Aggregates,Aggregates
Africa Eastern and Southern,ZH,AFE,2023,,2026-07-01,NA,NA,Aggregates,,,,Aggregates,Aggregates
Africa Eastern and Southern,ZH,AFE,2022,,2026-07-01,NA,NA,Aggregates,,,,Aggregates,Aggregates
Africa Eastern and Southern,ZH,AFE,2016,,2026-07-01,NA,NA,Aggregates,,,,Aggregates,Aggregates
Africa Eastern and Southern,ZH,AFE,2017,,2026-07-01,NA,NA,Aggregates,,,,Aggregates,Aggregates
Africa Eastern and Southern,ZH,AFE,2019,,2026-07-01,NA,NA,Aggregates,,,,Aggregates,Aggregates
Africa Eastern and Southern,ZH,AFE,2025,,2026-07-01,NA,NA,Aggregates,,,,Aggregates,Aggregates
Africa Eastern and Southern,ZH,AFE,2018,,2026-07-01,NA,NA,Aggregates,,,,Aggregates,Aggregates
Africa Eastern and Southern,ZH,AFE,2020,,2026-07-01,NA,NA,Aggregates,,,,Aggregates,Aggregates
Africa Eastern and Southern,ZH,AFE,2015,,2026-07-01,NA,NA,Aggregates,,,,Aggregates,Aggregates
Africa Western and Central,ZI,AFW,2016,,2026-07-01,NA,NA,Aggregates,,,,Aggregates,Aggregates
Africa Western and Central,ZI,AFW,2018,,2026-07-01,NA,NA,Aggregates,,,,Aggregates,Aggregates
Africa Western and Central,ZI,AFW,2015,,2026-07-01,NA,NA,Aggregates,,,,Aggregates,Aggregates
Africa Western and Central,ZI,AFW,2021,,2026-07-01,NA,NA,Aggregates,,,,Aggregates,Aggregates
Africa Western and Central,ZI,AFW,2019,,2026-07-01,0.277536756220093,NA,Aggregates,,,,Aggregates,Aggregates
Africa Western and Central,ZI,AFW,2017,,2026-07-01,NA,NA,Aggregates,,,,Aggregates,Aggregates
Africa Western and Central,ZI,AFW,2022,,2026-07-01,NA,NA,Aggregates,,,,Aggregates,Aggregates
Africa Western and Central,ZI,AFW,2025,,2026-07-01,NA,NA,Aggregates,,,,Aggregates,Aggregates
Africa Western and Central,ZI,AFW,2020,,2026-07-01,NA,NA,Aggregates,,,,Aggregates,Aggregates
Africa Western and Central,ZI,AFW,2023,,2026-07-01,NA,NA,Aggregates,,,,Aggregates,Aggregates
Africa Western and Central,ZI,AFW,2024,,2026-07-01,NA,NA,Aggregates,,,,Aggregates,Aggregates
Albania,AL,ALB,2019,,2026-07-01,NA,NA,Europe & Central Asia,Tirane,19.8172,41.3317,Upper middle income,IBRD
Albania,AL,ALB,2018,,2026-07-01,NA,NA,Europe & Central Asia,Tirane,19.8172,41.3317,Upper middle income,IBRD
Albania,AL,ALB,2017,,2026-07-01,NA,NA,Europe & Central Asia,Tirane,19.8172,41.3317,Upper middle income,IBRD
Albania,AL,ALB,2025,,2026-07-01,NA,NA,Europe & Central Asia,Tirane,19.8172,41.3317,Upper middle income,IBRD
Albania,AL,ALB,2020,,2026-07-01,NA,NA,Europe & Central Asia,Tirane,19.8172,41.3317,Upper middle income,IBRD
Albania,AL,ALB,2021,,2026-07-01,0.18998,449.1043,Europe & Central Asia,Tirane,19.8172,41.3317,Upper middle income,IBRD
Albania,AL,ALB,2016,,2026-07-01,NA,NA,Europe & Central Asia,Tirane,19.8172,41.3317,Upper middle income,IBRD
Albania,AL,ALB,2022,,2026-07-01,0.19997,428.69994,Europe & Central Asia,Tirane,19.8172,41.3317,Upper middle income,IBRD
Albania,AL,ALB,2023,,2026-07-01,NA,NA,Europe & Central Asia,Tirane,19.8172,41.3317,Upper middle income,IBRD
Albania,AL,ALB,2015,,2026-07-01,NA,NA,Europe & Central Asia,Tirane,19.8172,41.3317,Upper middle income,IBRD
Albania,AL,ALB,2024,,2026-07-01,NA,NA,Europe & Central Asia,Tirane,19.8172,41.3317,Upper middle income,IBRD
Algeria,DZ,DZA,2018,,2026-07-01,NA,NA,"Middle East, North Africa, Afghanistan & Pakistan",Algiers,3.05097,36.7397,Upper middle income,IBRD
Algeria,DZ,DZA,2016,,2026-07-01,NA,NA,"Middle East, North Africa, Afghanistan & Pakistan",Algiers,3.05097,36.7397,Upper middle income,IBRD
Algeria,DZ,DZA,2021,,2026-07-01,NA,NA,"Middle East, North Africa, Afghanistan & Pakistan",Algiers,3.05097,36.7397,Upper middle income,IBRD
Algeria,DZ,DZA,2020,,2026-07-01,NA,NA,"Middle East, North Africa, Afghanistan & Pakistan",Algiers,3.05097,36.7397,Upper middle income,IBRD
Algeria,DZ,DZA,2015,,2026-07-01,NA,NA,"Middle East, North Africa, Afghanistan & Pakistan",Algiers,3.05097,36.7397,Upper middle income,IBRD
Algeria,DZ,DZA,2017,,2026-07-01,0.47865,821.66519,"Middle East, North Africa, Afghanistan & Pakistan",Algiers,3.05097,36.7397,Upper middle income,IBRD
Algeria,DZ,DZA,2019,,2026-07-01,NA,NA,"Middle East, North Africa, Afghanistan & Pakistan",Algiers,3.05097,36.7397,Upper middle income,IBRD
Algeria,DZ,DZA,2023,,2026-07-01,0.37787,1782.46286,"Middle East, North Africa, Afghanistan & Pakistan",Algiers,3.05097,36.7397,Upper middle income,IBRD
Algeria,DZ,DZA,2024,,2026-07-01,0.44395,1763.99214,"Middle East, North Africa, Afghanistan & Pakistan",Algiers,3.05097,36.7397,Upper middle income,IBRD
Algeria,DZ,DZA,2022,,2026-07-01,NA,NA,"Middle East, North Africa, Afghanistan & Pakistan",Algiers,3.05097,36.7397,Upper middle income,IBRD
Algeria,DZ,DZA,2025,,2026-07-01,NA,NA,"Middle East, North Africa, Afghanistan & Pakistan",Algiers,3.05097,36.7397,Upper middle income,IBRD
American Samoa,AS,ASM,2020,,2026-07-01,NA,NA,East Asia & Pacific,Pago Pago,-170.691,-14.2846,High income,Not classified
American Samoa,AS,ASM,2022,,2026-07-01,NA,NA,East Asia & Pacific,Pago Pago,-170.691,-14.2846,High income,Not classified
American Samoa,AS,ASM,2024,,2026-07-01,NA,NA,East Asia & Pacific,Pago Pago,-170.691,-14.2846,High income,Not classified
American Samoa,AS,ASM,2018,,2026-07-01,NA,NA,East Asia & Pacific,Pago Pago,-170.691,-14.2846,High income,Not classified
American Samoa,AS,ASM,2021,,2026-07-01,NA,NA,East Asia & Pacific,Pago Pago,-170.691,-14.2846,High income,Not classified
American Samoa,AS,ASM,2016,,2026-07-01,NA,NA,East Asia & Pacific,Pago Pago,-170.691,-14.2846,High income,Not classified
American Samoa,AS,ASM,2025,,2026-07-01,NA,NA,East Asia & Pacific,Pago Pago,-170.691,-14.2846,High income,Not classified
American Samoa,AS,ASM,2019,,2026-07-01,NA,NA,East Asia & Pacific,Pago Pago,-170.691,-14.2846,High income,Not classified
American Samoa,AS,ASM,2023,,2026-07-01,NA,NA,East Asia & Pacific,Pago Pago,-170.691,-14.2846,High income,Not classified
American Samoa,AS,ASM,2017,,2026-07-01,NA,NA,East Asia & Pacific,Pago Pago,-170.691,-14.2846,High income,Not classified
American Samoa,AS,ASM,2015,,2026-07-01,NA,NA,East Asia & Pacific,Pago Pago,-170.691,-14.2846,High income,Not classified
Andorra,AD,AND,2025,,2026-07-01,NA,NA,Europe & Central Asia,Andorra la Vella,1.5218,42.5075,High income,Not classified
Andorra,AD,AND,2023,,2026-07-01,NA,NA,Europe & Central Asia,Andorra la Vella,1.5218,42.5075,High income,Not classified
Andorra,AD,AND,2016,,2026-07-01,NA,NA,Europe & Central Asia,Andorra la Vella,1.5218,42.5075,High income,Not classified
Andorra,AD,AND,2024,,2026-07-01,NA,NA,Europe & Central Asia,Andorra la Vella,1.5218,42.5075,High income,Not classified
Andorra,AD,AND,2021,,2026-07-01,NA,NA,Europe & Central Asia,Andorra la Vella,1.5218,42.5075,High income,Not classified
Andorra,AD,AND,2022,,2026-07-01,0.15818,NA,Europe & Central Asia,Andorra la Vella,1.5218,42.5075,High income,Not classified
Andorra,AD,AND,2020,,2026-07-01,NA,NA,Europe & Central Asia,Andorra la Vella,1.5218,42.5075,High income,Not classified
Andorra,AD,AND,2017,,2026-07-01,NA,NA,Europe & Central Asia,Andorra la Vella,1.5218,42.5075,High income,Not classified
Andorra,AD,AND,2018,,2026-07-01,NA,NA,Europe & Central Asia,Andorra la Vella,1.5218,42.5075,High income,Not classified
Andorra,AD,AND,2015,,2026-07-01,NA,NA,Europe & Central Asia,Andorra la Vella,1.5218,42.5075,High income,Not classified
Andorra,AD,AND,2019,,2026-07-01,NA,NA,Europe & Central Asia,Andorra la Vella,1.5218,42.5075,High income,Not classified
Angola,AO,AGO,2015,,2026-07-01,NA,NA,Sub-Saharan Africa,Luanda,13.242,-8.81155,Lower middle income,IBRD
Angola,AO,AGO,2024,,2026-07-01,NA,NA,Sub-Saharan Africa,Luanda,13.242,-8.81155,Lower middle income,IBRD
Angola,AO,AGO,2017,,2026-07-01,NA,NA,Sub-Saharan Africa,Luanda,13.242,-8.81155,Lower middle income,IBRD
Angola,AO,AGO,2025,,2026-07-01,NA,NA,Sub-Saharan Africa,Luanda,13.242,-8.81155,Lower middle income,IBRD
Angola,AO,AGO,2016,,2026-07-01,0.03229,18.93579,Sub-Saharan Africa,Luanda,13.242,-8.81155,Lower middle income,IBRD
Angola,AO,AGO,2019,,2026-07-01,NA,NA,Sub-Saharan Africa,Luanda,13.242,-8.81155,Lower middle income,IBRD
Angola,AO,AGO,2023,,2026-07-01,NA,NA,Sub-Saharan Africa,Luanda,13.242,-8.81155,Lower middle income,IBRD
Angola,AO,AGO,2021,,2026-07-01,NA,NA,Sub-Saharan Africa,Luanda,13.242,-8.81155,Lower middle income,IBRD
Angola,AO,AGO,2018,,2026-07-01,NA,NA,Sub-Saharan Africa,Luanda,13.242,-8.81155,Lower middle income,IBRD
Angola,AO,AGO,2020,,2026-07-01,NA,NA,Sub-Saharan Africa,Luanda,13.242,-8.81155,Lower middle income,IBRD
Angola,AO,AGO,2022,,2026-07-01,NA,NA,Sub-Saharan Africa,Luanda,13.242,-8.81155,Lower middle income,IBRD
Antigua and Barbuda,AG,ATG,2016,,2026-07-01,NA,NA,Latin America & Caribbean,Saint John's,-61.8456,17.1175,High income,IBRD
Antigua and Barbuda,AG,ATG,2020,,2026-07-01,NA,NA,Latin America & Caribbean,Saint John's,-61.8456,17.1175,High income,IBRD
Antigua and Barbuda,AG,ATG,2015,,2026-07-01,NA,NA,Latin America & Caribbean,Saint John's,-61.8456,17.1175,High income,IBRD
Antigua and Barbuda,AG,ATG,2019,,2026-07-01,NA,NA,Latin America & Caribbean,Saint John's,-61.8456,17.1175,High income,IBRD
Antigua and Barbuda,AG,ATG,2023,,2026-07-01,NA,NA,Latin America & Caribbean,Saint John's,-61.8456,17.1175,High income,IBRD
Antigua and Barbuda,AG,ATG,2017,,2026-07-01,NA,NA,Latin America & Caribbean,Saint John's,-61.8456,17.1175,High income,IBRD
Antigua and Barbuda,AG,ATG,2018,,2026-07-01,NA,NA,Latin America & Caribbean,Saint John's,-61.8456,17.1175,High income,IBRD
Antigua and Barbuda,AG,ATG,2022,,2026-07-01,NA,NA,Latin America & Caribbean,Saint John's,-61.8456,17.1175,High income,IBRD
Antigua and Barbuda,AG,ATG,2024,,2026-07-01,NA,NA,Latin America & Caribbean,Saint John's,-61.8456,17.1175,High income,IBRD
Antigua and Barbuda,AG,ATG,2021,,2026-07-01,NA,NA,Latin America & Caribbean,Saint John's,-61.8456,17.1175,High income,IBRD
Antigua and Barbuda,AG,ATG,2025,,2026-07-01,NA,NA,Latin America & Caribbean,Saint John's,-61.8456,17.1175,High income,IBRD
Arab World,1A,ARB,2017,,2026-07-01,NA,NA,Aggregates,,,,Aggregates,Aggregates
Arab World,1A,ARB,2019,,2026-07-01,NA,NA,Aggregates,,,,Aggregates,Aggregates
Arab World,1A,ARB,2020,,2026-07-01,0.692556590528382,NA,Aggregates,,,,Aggregates,Aggregates
Arab World,1A,ARB,2016,,2026-07-01,NA,NA,Aggregates,,,,Aggregates,Aggregates
Arab World,1A,ARB,2018,,2026-07-01,NA,NA,Aggregates,,,,Aggregates,Aggregates
Arab World,1A,ARB,2023,,2026-07-01,NA,NA,Aggregates,,,,Aggregates,Aggregates
Arab World,1A,ARB,2021,,2026-07-01,0.677204938802721,NA,Aggregates,,,,Aggregates,Aggregates
Arab World,1A,ARB,2015,,2026-07-01,NA,NA,Aggregates,,,,Aggregates,Aggregates
Arab World,1A,ARB,2022,,2026-07-01,NA,NA,Aggregates,,,,Aggregates,Aggregates
Arab World,1A,ARB,2024,,2026-07-01,NA,NA,Aggregates,,,,Aggregates,Aggregates
Arab World,1A,ARB,2025,,2026-07-01,NA,NA,Aggregates,,,,Aggregates,Aggregates
Argentina,AR,ARG,2021,,2026-07-01,0.5236,1288.13477,Latin America & Caribbean,Buenos Aires,-58.4173,-34.6118,Upper middle income,IBRD
Argentina,AR,ARG,2017,,2026-07-01,0.55632,1206.01905,Latin America & Caribbean,Buenos Aires,-58.4173,-34.6118,Upper middle income,IBRD
Argentina,AR,ARG,2020,,2026-07-01,0.54126,1250.48347,Latin America & Caribbean,Buenos Aires,-58.4173,-34.6118,Upper middle income,IBRD
Argentina,AR,ARG,2019,,2026-07-01,0.47813,1224.69939,Latin America & Caribbean,Buenos Aires,-58.4173,-34.6118,Upper middle income,IBRD
Argentina,AR,ARG,2018,,2026-07-01,0.4883,1220.93622,Latin America & Caribbean,Buenos Aires,-58.4173,-34.6118,Upper middle income,IBRD
Argentina,AR,ARG,2015,,2026-07-01,0.62262,1225.50983,Latin America & Caribbean,Buenos Aires,-58.4173,-34.6118,Upper middle income,IBRD
Argentina,AR,ARG,2016,,2026-07-01,0.55815,1254.06674,Latin America & Caribbean,Buenos Aires,-58.4173,-34.6118,Upper middle income,IBRD
Argentina,AR,ARG,2025,,2026-07-01,NA,NA,Latin America & Caribbean,Buenos Aires,-58.4173,-34.6118,Upper middle income,IBRD
Argentina,AR,ARG,2022,,2026-07-01,0.54951,1301.43112,Latin America & Caribbean,Buenos Aires,-58.4173,-34.6118,Upper middle income,IBRD
Argentina,AR,ARG,2023,,2026-07-01,0.60111,1312.75278,Latin America & Caribbean,Buenos Aires,-58.4173,-34.6118,Upper middle income,IBRD
Argentina,AR,ARG,2024,,2026-07-01,NA,NA,Latin America & Caribbean,Buenos Aires,-58.4173,-34.6118,Upper middle income,IBRD
Armenia,AM,ARM,2019,,2026-07-01,0.17854,NA,Europe & Central Asia,Yerevan,44.509,40.1596,Upper middle income,IBRD
Armenia,AM,ARM,2022,,2026-07-01,0.20955,1187.43401,Europe & Central Asia,Yerevan,44.509,40.1596,Upper middle income,IBRD
Armenia,AM,ARM,2015,,2026-07-01,0.25002,NA,Europe & Central Asia,Yerevan,44.509,40.1596,Upper middle income,IBRD
Armenia,AM,ARM,2018,,2026-07-01,0.18876,NA,Europe & Central Asia,Yerevan,44.509,40.1596,Upper middle income,IBRD
Armenia,AM,ARM,2016,,2026-07-01,0.23305,NA,Europe & Central Asia,Yerevan,44.509,40.1596,Upper middle income,IBRD
Armenia,AM,ARM,2017,,2026-07-01,0.22788,NA,Europe & Central Asia,Yerevan,44.509,40.1596,Upper middle income,IBRD
Armenia,AM,ARM,2021,,2026-07-01,0.20557,NA,Europe & Central Asia,Yerevan,44.509,40.1596,Upper middle income,IBRD
Armenia,AM,ARM,2024,,2026-07-01,0.2861,942.22095,Europe & Central Asia,Yerevan,44.509,40.1596,Upper middle income,IBRD
Armenia,AM,ARM,2025,,2026-07-01,NA,NA,Europe & Central Asia,Yerevan,44.509,40.1596,Upper middle income,IBRD
Armenia,AM,ARM,2023,,2026-07-01,0.1821,1039.84774,Europe & Central Asia,Yerevan,44.509,40.1596,Upper middle income,IBRD
Armenia,AM,ARM,2020,,2026-07-01,0.2092,NA,Europe & Central Asia,Yerevan,44.509,40.1596,Upper middle income,IBRD
Aruba,AW,ABW,2024,,2026-07-01,NA,NA,Latin America & Caribbean,Oranjestad,-70.0167,12.5167,High income,Not classified
Aruba,AW,ABW,2022,,2026-07-01,NA,NA,Latin America & Caribbean,Oranjestad,-70.0167,12.5167,High income,Not classified
Aruba,AW,ABW,2023,,2026-07-01,NA,NA,Latin America & Caribbean,Oranjestad,-70.0167,12.5167,High income,Not classified
Aruba,AW,ABW,2025,,2026-07-01,NA,NA,Latin America & Caribbean,Oranjestad,-70.0167,12.5167,High income,Not classified
Aruba,AW,ABW,2021,,2026-07-01,NA,NA,Latin America & Caribbean,Oranjestad,-70.0167,12.5167,High income,Not classified
Aruba,AW,ABW,2017,,2026-07-01,NA,NA,Latin America & Caribbean,Oranjestad,-70.0167,12.5167,High income,Not classified
Aruba,AW,ABW,2019,,2026-07-01,NA,NA,Latin America & Caribbean,Oranjestad,-70.0167,12.5167,High income,Not classified
Aruba,AW,ABW,2020,,2026-07-01,NA,NA,Latin America & Caribbean,Oranjestad,-70.0167,12.5167,High income,Not classified
Aruba,AW,ABW,2016,,2026-07-01,NA,NA,Latin America & Caribbean,Oranjestad,-70.0167,12.5167,High income,Not classified
Aruba,AW,ABW,2018,,2026-07-01,NA,NA,Latin America & Caribbean,Oranjestad,-70.0167,12.5167,High income,Not classified
Aruba,AW,ABW,2015,,2026-07-01,NA,NA,Latin America & Caribbean,Oranjestad,-70.0167,12.5167,High income,Not classified
Australia,AU,AUS,2018,,2026-07-01,NA,NA,East Asia & Pacific,Canberra,149.129,-35.282,High income,Not classified
Australia,AU,AUS,2016,,2026-07-01,NA,NA,East Asia & Pacific,Canberra,149.129,-35.282,High income,Not classified
Australia,AU,AUS,2021,,2026-07-01,1.85783,NA,East Asia & Pacific,Canberra,149.129,-35.282,High income,Not classified
Australia,AU,AUS,2019,,2026-07-01,1.82826,NA,East Asia & Pacific,Canberra,149.129,-35.282,High income,Not classified
Australia,AU,AUS,2017,,2026-07-01,1.88102,NA,East Asia & Pacific,Canberra,149.129,-35.282,High income,Not classified
Australia,AU,AUS,2015,,2026-07-01,1.91969,NA,East Asia & Pacific,Canberra,149.129,-35.282,High income,Not classified
Australia,AU,AUS,2022,,2026-07-01,NA,NA,East Asia & Pacific,Canberra,149.129,-35.282,High income,Not classified
Australia,AU,AUS,2025,,2026-07-01,NA,NA,East Asia & Pacific,Canberra,149.129,-35.282,High income,Not classified
Australia,AU,AUS,2020,,2026-07-01,NA,NA,East Asia & Pacific,Canberra,149.129,-35.282,High income,Not classified
Australia,AU,AUS,2023,,2026-07-01,NA,NA,East Asia & Pacific,Canberra,149.129,-35.282,High income,Not classified
Australia,AU,AUS,2024,,2026-07-01,NA,NA,East Asia & Pacific,Canberra,149.129,-35.282,High income,Not classified
Austria,AT,AUT,2019,,2026-07-01,3.14405,5958.85643,Europe & Central Asia,Vienna,16.3798,48.2201,High income,Not classified
Austria,AT,AUT,2018,,2026-07-01,3.10828,5682.44087,Europe & Central Asia,Vienna,16.3798,48.2201,High income,Not classified
Austria,AT,AUT,2017,,2026-07-01,3.07376,5416.07999,Europe & Central Asia,Vienna,16.3798,48.2201,High income,Not classified
Austria,AT,AUT,2016,,2026-07-01,3.13356,5400.34772,Europe & Central Asia,Vienna,16.3798,48.2201,High income,Not classified
Austria,AT,AUT,2022,,2026-07-01,3.17775,6632.30683,Europe & Central Asia,Vienna,16.3798,48.2201,High income,Not classified
Austria,AT,AUT,2021,,2026-07-01,3.25565,6323.00331,Europe & Central Asia,Vienna,16.3798,48.2201,High income,Not classified
Austria,AT,AUT,2020,,2026-07-01,3.20758,5829.2859,Europe & Central Asia,Vienna,16.3798,48.2201,High income,Not classified
Austria,AT,AUT,2025,,2026-07-01,NA,NA,Europe & Central Asia,Vienna,16.3798,48.2201,High income,Not classified
Austria,AT,AUT,2023,,2026-07-01,3.25517,6633.64894,Europe & Central Asia,Vienna,16.3798,48.2201,High income,Not classified
Austria,AT,AUT,2015,,2026-07-01,3.06917,5073.42857,Europe & Central Asia,Vienna,16.3798,48.2201,High income,Not classified
Austria,AT,AUT,2024,,2026-07-01,NA,NA,Europe & Central Asia,Vienna,16.3798,48.2201,High income,Not classified
Azerbaijan,AZ,AZE,2021,,2026-07-01,0.20836,1743.43016,Europe & Central Asia,Baku,49.8932,40.3834,Upper middle income,IBRD
Azerbaijan,AZ,AZE,2018,,2026-07-01,0.18416,NA,Europe & Central Asia,Baku,49.8932,40.3834,Upper middle income,IBRD
Azerbaijan,AZ,AZE,2017,,2026-07-01,0.18468,NA,Europe & Central Asia,Baku,49.8932,40.3834,Upper middle income,IBRD
Azerbaijan,AZ,AZE,2020,,2026-07-01,0.2239,1732.37308,Europe & Central Asia,Baku,49.8932,40.3834,Upper middle income,IBRD
Azerbaijan,AZ,AZE,2015,,2026-07-01,0.22232,NA,Europe & Central Asia,Baku,49.8932,40.3834,Upper middle income,IBRD
Azerbaijan,AZ,AZE,2022,,2026-07-01,0.1513,1702.31299,Europe & Central Asia,Baku,49.8932,40.3834,Upper middle income,IBRD
Azerbaijan,AZ,AZE,2019,,2026-07-01,0.20013,1715.46385,Europe & Central Asia,Baku,49.8932,40.3834,Upper middle income,IBRD
Azerbaijan,AZ,AZE,2023,,2026-07-01,0.1816,1663.3395,Europe & Central Asia,Baku,49.8932,40.3834,Upper middle income,IBRD
Azerbaijan,AZ,AZE,2024,,2026-07-01,0.20778,1662.52798,Europe & Central Asia,Baku,49.8932,40.3834,Upper middle income,IBRD
Azerbaijan,AZ,AZE,2016,,2026-07-01,0.20637,NA,Europe & Central Asia,Baku,49.8932,40.3834,Upper middle income,IBRD
Azerbaijan,AZ,AZE,2025,,2026-07-01,NA,NA,Europe & Central Asia,Baku,49.8932,40.3834,Upper middle income,IBRD
"Bahamas, The",BS,BHS,2021,,2026-07-01,NA,NA,Latin America & Caribbean,Nassau,-77.339,25.0661,High income,Not classified
"Bahamas, The",BS,BHS,2023,,2026-07-01,NA,NA,Latin America & Caribbean,Nassau,-77.339,25.0661,High income,Not classified
"Bahamas, The",BS,BHS,2018,,2026-07-01,NA,NA,Latin America & Caribbean,Nassau,-77.339,25.0661,High income,Not classified
"Bahamas, The",BS,BHS,2020,,2026-07-01,NA,NA,Latin America & Caribbean,Nassau,-77.339,25.0661,High income,Not classified
"Bahamas, The",BS,BHS,2015,,2026-07-01,NA,NA,Latin America & Caribbean,Nassau,-77.339,25.0661,High income,Not classified
"Bahamas, The",BS,BHS,2016,,2026-07-01,NA,NA,Latin America & Caribbean,Nassau,-77.339,25.0661,High income,Not classified
"Bahamas, The",BS,BHS,2024,,2026-07-01,NA,NA,Latin America & Caribbean,Nassau,-77.339,25.0661,High income,Not classified
"Bahamas, The",BS,BHS,2022,,2026-07-01,NA,NA,Latin America & Caribbean,Nassau,-77.339,25.0661,High income,Not classified
"Bahamas, The",BS,BHS,2025,,2026-07-01,NA,NA,Latin America & Caribbean,Nassau,-77.339,25.0661,High income,Not classified
"Bahamas, The",BS,BHS,2017,,2026-07-01,NA,NA,Latin America & Caribbean,Nassau,-77.339,25.0661,High income,Not classified
"Bahamas, The",BS,BHS,2019,,2026-07-01,NA,NA,Latin America & Caribbean,Nassau,-77.339,25.0661,High income,Not classified
Bahrain,BH,BHR,2025,,2026-07-01,NA,NA,"Middle East, North Africa, Afghanistan & Pakistan",Manama,50.5354,26.1921,High income,Not classified
Bahrain,BH,BHR,2023,,2026-07-01,NA,NA,"Middle East, North Africa, Afghanistan & Pakistan",Manama,50.5354,26.1921,High income,Not classified
Bahrain,BH,BHR,2020,,2026-07-01,NA,NA,"Middle East, North Africa, Afghanistan & Pakistan",Manama,50.5354,26.1921,High income,Not classified
Bahrain,BH,BHR,2024,,2026-07-01,0.19327,848.94502,"Middle East, North Africa, Afghanistan & Pakistan",Manama,50.5354,26.1921,High income,Not classified
Bahrain,BH,BHR,2021,,2026-07-01,NA,NA,"Middle East, North Africa, Afghanistan & Pakistan",Manama,50.5354,26.1921,High income,Not classified
Bahrain,BH,BHR,2022,,2026-07-01,NA,NA,"Middle East, North Africa, Afghanistan & Pakistan",Manama,50.5354,26.1921,High income,Not classified
Bahrain,BH,BHR,2015,,2026-07-01,NA,NA,"Middle East, North Africa, Afghanistan & Pakistan",Manama,50.5354,26.1921,High income,Not classified
Bahrain,BH,BHR,2016,,2026-07-01,NA,NA,"Middle East, North Africa, Afghanistan & Pakistan",Manama,50.5354,26.1921,High income,Not classified
Bahrain,BH,BHR,2017,,2026-07-01,NA,NA,"Middle East, North Africa, Afghanistan & Pakistan",Manama,50.5354,26.1921,High income,Not classified
Bahrain,BH,BHR,2018,,2026-07-01,NA,NA,"Middle East, North Africa, Afghanistan & Pakistan",Manama,50.5354,26.1921,High income,Not classified
Bahrain,BH,BHR,2019,,2026-07-01,NA,NA,"Middle East, North Africa, Afghanistan & Pakistan",Manama,50.5354,26.1921,High income,Not classified
Bangladesh,BD,BGD,2023,,2026-07-01,NA,NA,South Asia,Dhaka,90.4113,23.7055,Lower middle income,IDA
Bangladesh,BD,BGD,2017,,2026-07-01,NA,NA,South Asia,Dhaka,90.4113,23.7055,Lower middle income,IDA
Bangladesh,BD,BGD,2025,,2026-07-01,NA,NA,South Asia,Dhaka,90.4113,23.7055,Lower middle income,IDA
Bangladesh,BD,BGD,2015,,2026-07-01,NA,NA,South Asia,Dhaka,90.4113,23.7055,Lower middle income,IDA
Bangladesh,BD,BGD,2018,,2026-07-01,NA,NA,South Asia,Dhaka,90.4113,23.7055,Lower middle income,IDA
Bangladesh,BD,BGD,2019,,2026-07-01,NA,NA,South Asia,Dhaka,90.4113,23.7055,Lower middle income,IDA
Bangladesh,BD,BGD,2016,,2026-07-01,NA,NA,South Asia,Dhaka,90.4113,23.7055,Lower middle income,IDA
Bangladesh,BD,BGD,2024,,2026-07-01,NA,NA,South Asia,Dhaka,90.4113,23.7055,Lower middle income,IDA
Bangladesh,BD,BGD,2022,,2026-07-01,NA,NA,South Asia,Dhaka,90.4113,23.7055,Lower middle income,IDA
Bangladesh,BD,BGD,2020,,2026-07-01,NA,NA,South Asia,Dhaka,90.4113,23.7055,Lower middle income,IDA
Bangladesh,BD,BGD,2021,,2026-07-01,NA,NA,South Asia,Dhaka,90.4113,23.7055,Lower middle income,IDA
Barbados,BB,BRB,2016,,2026-07-01,NA,NA,Latin America & Caribbean,Bridgetown,-59.6105,13.0935,High income,IBRD
Barbados,BB,BRB,2017,,2026-07-01,NA,NA,Latin America & Caribbean,Bridgetown,-59.6105,13.0935,High income,IBRD
Barbados,BB,BRB,2015,,2026-07-01,NA,NA,Latin America & Caribbean,Bridgetown,-59.6105,13.0935,High income,IBRD
Barbados,BB,BRB,2019,,2026-07-01,NA,NA,Latin America & Caribbean,Bridgetown,-59.6105,13.0935,High income,IBRD
Barbados,BB,BRB,2020,,2026-07-01,NA,NA,Latin America & Caribbean,Bridgetown,-59.6105,13.0935,High income,IBRD
Barbados,BB,BRB,2018,,2026-07-01,NA,NA,Latin America & Caribbean,Bridgetown,-59.6105,13.0935,High income,IBRD
Barbados,BB,BRB,2021,,2026-07-01,NA,NA,Latin America & Caribbean,Bridgetown,-59.6105,13.0935,High income,IBRD
Barbados,BB,BRB,2022,,2026-07-01,NA,NA,Latin America & Caribbean,Bridgetown,-59.6105,13.0935,High income,IBRD
Barbados,BB,BRB,2023,,2026-07-01,NA,NA,Latin America & Caribbean,Bridgetown,-59.6105,13.0935,High income,IBRD
Barbados,BB,BRB,2024,,2026-07-01,NA,NA,Latin America & Caribbean,Bridgetown,-59.6105,13.0935,High income,IBRD
Barbados,BB,BRB,2025,,2026-07-01,NA,NA,Latin America & Caribbean,Bridgetown,-59.6105,13.0935,High income,IBRD
Belarus,BY,BLR,2019,,2026-07-01,0.57733,NA,Europe & Central Asia,Minsk,27.5766,53.9678,Upper middle income,IBRD
Belarus,BY,BLR,2020,,2026-07-01,0.53901,1473.37761,Europe & Central Asia,Minsk,27.5766,53.9678,Upper middle income,IBRD
Belarus,BY,BLR,2018,,2026-07-01,0.60443,NA,Europe & Central Asia,Minsk,27.5766,53.9678,Upper middle income,IBRD
Belarus,BY,BLR,2016,,2026-07-01,0.50063,NA,Europe & Central Asia,Minsk,27.5766,53.9678,Upper middle income,IBRD
Belarus,BY,BLR,2015,,2026-07-01,0.49999,NA,Europe & Central Asia,Minsk,27.5766,53.9678,Upper middle income,IBRD
Belarus,BY,BLR,2023,,2026-07-01,0.57348,1504.35265,Europe & Central Asia,Minsk,27.5766,53.9678,Upper middle income,IBRD
Belarus,BY,BLR,2021,,2026-07-01,0.45981,1439.1965,Europe & Central Asia,Minsk,27.5766,53.9678,Upper middle income,IBRD
Belarus,BY,BLR,2017,,2026-07-01,0.58411,NA,Europe & Central Asia,Minsk,27.5766,53.9678,Upper middle income,IBRD
Belarus,BY,BLR,2022,,2026-07-01,0.47477,1434.19007,Europe & Central Asia,Minsk,27.5766,53.9678,Upper middle income,IBRD
Belarus,BY,BLR,2024,,2026-07-01,0.5872,1567.81421,Europe & Central Asia,Minsk,27.5766,53.9678,Upper middle income,IBRD
Belarus,BY,BLR,2025,,2026-07-01,NA,NA,Europe & Central Asia,Minsk,27.5766,53.9678,Upper middle income,IBRD
Belgium,BE,BEL,2020,,2026-07-01,3.36823,5418.91258,Europe & Central Asia,Brussels,4.36761,50.8371,High income,Not classified
Belgium,BE,BEL,2018,,2026-07-01,2.86365,5040.00069,Europe & Central Asia,Brussels,4.36761,50.8371,High income,Not classified
Belgium,BE,BEL,2019,,2026-07-01,3.15154,5290.87935,Europe & Central Asia,Brussels,4.36761,50.8371,High income,Not classified
Belgium,BE,BEL,2025,,2026-07-01,NA,NA,Europe & Central Asia,Brussels,4.36761,50.8371,High income,Not classified
Belgium,BE,BEL,2021,,2026-07-01,3.40589,5770.89032,Europe & Central Asia,Brussels,4.36761,50.8371,High income,Not classified
Belgium,BE,BEL,2015,,2026-07-01,2.43496,4731.81573,Europe & Central Asia,Brussels,4.36761,50.8371,High income,Not classified
Belgium,BE,BEL,2017,,2026-07-01,2.67654,4757.30821,Europe & Central Asia,Brussels,4.36761,50.8371,High income,Not classified
Belgium,BE,BEL,2022,,2026-07-01,3.19592,5818.71223,Europe & Central Asia,Brussels,4.36761,50.8371,High income,Not classified
Belgium,BE,BEL,2023,,2026-07-01,3.27235,5990.12849,Europe & Central Asia,Brussels,4.36761,50.8371,High income,Not classified
Belgium,BE,BEL,2016,,2026-07-01,2.53291,4798.32663,Europe & Central Asia,Brussels,4.36761,50.8371,High income,Not classified
Belgium,BE,BEL,2024,,2026-07-01,NA,NA,Europe & Central Asia,Brussels,4.36761,50.8371,High income,Not classified
Belize,BZ,BLZ,2023,,2026-07-01,NA,NA,Latin America & Caribbean,Belmopan,-88.7713,17.2534,Upper middle income,Blend
Belize,BZ,BLZ,2020,,2026-07-01,NA,NA,Latin America & Caribbean,Belmopan,-88.7713,17.2534,Upper middle income,Blend
Belize,BZ,BLZ,2021,,2026-07-01,NA,NA,Latin America & Caribbean,Belmopan,-88.7713,17.2534,Upper middle income,Blend
Belize,BZ,BLZ,2019,,2026-07-01,NA,NA,Latin America & Caribbean,Belmopan,-88.7713,17.2534,Upper middle income,Blend
Belize,BZ,BLZ,2015,,2026-07-01,NA,NA,Latin America & Caribbean,Belmopan,-88.7713,17.2534,Upper middle income,Blend
Belize,BZ,BLZ,2017,,2026-07-01,NA,NA,Latin America & Caribbean,Belmopan,-88.7713,17.2534,Upper middle income,Blend
Belize,BZ,BLZ,2022,,2026-07-01,NA,NA,Latin America & Caribbean,Belmopan,-88.7713,17.2534,Upper middle income,Blend
Belize,BZ,BLZ,2016,,2026-07-01,NA,NA,Latin America & Caribbean,Belmopan,-88.7713,17.2534,Upper middle income,Blend
Belize,BZ,BLZ,2024,,2026-07-01,NA,NA,Latin America & Caribbean,Belmopan,-88.7713,17.2534,Upper middle income,Blend
Belize,BZ,BLZ,2018,,2026-07-01,NA,NA,Latin America & Caribbean,Belmopan,-88.7713,17.2534,Upper middle income,Blend
Belize,BZ,BLZ,2025,,2026-07-01,NA,NA,Latin America & Caribbean,Belmopan,-88.7713,17.2534,Upper middle income,Blend
Benin,BJ,BEN,2025,,2026-07-01,NA,NA,Sub-Saharan Africa,Porto-Novo,2.6323,6.4779,Lower middle income,IDA
Benin,BJ,BEN,2015,,2026-07-01,NA,NA,Sub-Saharan Africa,Porto-Novo,2.6323,6.4779,Lower middle income,IDA
Benin,BJ,BEN,2023,,2026-07-01,NA,NA,Sub-Saharan Africa,Porto-Novo,2.6323,6.4779,Lower middle income,IDA
Benin,BJ,BEN,2022,,2026-07-01,NA,NA,Sub-Saharan Africa,Porto-Novo,2.6323,6.4779,Lower middle income,IDA
Benin,BJ,BEN,2017,,2026-07-01,NA,NA,Sub-Saharan Africa,Porto-Novo,2.6323,6.4779,Lower middle income,IDA
Benin,BJ,BEN,2018,,2026-07-01,NA,NA,Sub-Saharan Africa,Porto-Novo,2.6323,6.4779,Lower middle income,IDA
Benin,BJ,BEN,2024,,2026-07-01,NA,NA,Sub-Saharan Africa,Porto-Novo,2.6323,6.4779,Lower middle income,IDA
Benin,BJ,BEN,2021,,2026-07-01,NA,NA,Sub-Saharan Africa,Porto-Novo,2.6323,6.4779,Lower middle income,IDA
Benin,BJ,BEN,2019,,2026-07-01,NA,NA,Sub-Saharan Africa,Porto-Novo,2.6323,6.4779,Lower middle income,IDA
Benin,BJ,BEN,2016,,2026-07-01,NA,NA,Sub-Saharan Africa,Porto-Novo,2.6323,6.4779,Lower middle income,IDA
Benin,BJ,BEN,2020,,2026-07-01,NA,NA,Sub-Saharan Africa,Porto-Novo,2.6323,6.4779,Lower middle income,IDA
Bermuda,BM,BMU,2016,,2026-07-01,NA,NA,North America,Hamilton,-64.706,32.3293,High income,Not classified
Bermuda,BM,BMU,2018,,2026-07-01,0.22851,NA,North America,Hamilton,-64.706,32.3293,High income,Not classified
Bermuda,BM,BMU,2015,,2026-07-01,0.19507,NA,North America,Hamilton,-64.706,32.3293,High income,Not classified
Bermuda,BM,BMU,2021,,2026-07-01,NA,NA,North America,Hamilton,-64.706,32.3293,High income,Not classified
Bermuda,BM,BMU,2019,,2026-07-01,0.26451,NA,North America,Hamilton,-64.706,32.3293,High income,Not classified
Bermuda,BM,BMU,2025,,2026-07-01,NA,NA,North America,Hamilton,-64.706,32.3293,High income,Not classified
Bermuda,BM,BMU,2022,,2026-07-01,NA,NA,North America,Hamilton,-64.706,32.3293,High income,Not classified
Bermuda,BM,BMU,2017,,2026-07-01,NA,NA,North America,Hamilton,-64.706,32.3293,High income,Not classified
Bermuda,BM,BMU,2020,,2026-07-01,0.22546,NA,North America,Hamilton,-64.706,32.3293,High income,Not classified
Bermuda,BM,BMU,2023,,2026-07-01,NA,NA,North America,Hamilton,-64.706,32.3293,High income,Not classified
Bermuda,BM,BMU,2024,,2026-07-01,NA,NA,North America,Hamilton,-64.706,32.3293,High income,Not classified
Bhutan,BT,BTN,2019,,2026-07-01,NA,NA,South Asia,Thimphu,89.6177,27.5768,Lower middle income,IDA
Bhutan,BT,BTN,2018,,2026-07-01,NA,NA,South Asia,Thimphu,89.6177,27.5768,Lower middle income,IDA
Bhutan,BT,BTN,2022,,2026-07-01,NA,NA,South Asia,Thimphu,89.6177,27.5768,Lower middle income,IDA
Bhutan,BT,BTN,2017,,2026-07-01,NA,NA,South Asia,Thimphu,89.6177,27.5768,Lower middle income,IDA
Bhutan,BT,BTN,2021,,2026-07-01,NA,NA,South Asia,Thimphu,89.6177,27.5768,Lower middle income,IDA
Bhutan,BT,BTN,2016,,2026-07-01,NA,NA,South Asia,Thimphu,89.6177,27.5768,Lower middle income,IDA
Bhutan,BT,BTN,2015,,2026-07-01,NA,NA,South Asia,Thimphu,89.6177,27.5768,Lower middle income,IDA
Bhutan,BT,BTN,2023,,2026-07-01,0.10787,237.23815,South Asia,Thimphu,89.6177,27.5768,Lower middle income,IDA
Bhutan,BT,BTN,2020,,2026-07-01,NA,NA,South Asia,Thimphu,89.6177,27.5768,Lower middle income,IDA
Bhutan,BT,BTN,2025,,2026-07-01,NA,NA,South Asia,Thimphu,89.6177,27.5768,Lower middle income,IDA
Bhutan,BT,BTN,2024,,2026-07-01,0.09979,236.30666,South Asia,Thimphu,89.6177,27.5768,Lower middle income,IDA
Bolivia,BO,BOL,2021,,2026-07-01,0.06308,63.0569,Latin America & Caribbean,La Paz,-66.1936,-13.9908,Lower middle income,IBRD
Bolivia,BO,BOL,2019,,2026-07-01,0.06643,58.8279,Latin America & Caribbean,La Paz,-66.1936,-13.9908,Lower middle income,IBRD
Bolivia,BO,BOL,2017,,2026-07-01,0.07627,49.89826,Latin America & Caribbean,La Paz,-66.1936,-13.9908,Lower middle income,IBRD
Bolivia,BO,BOL,2020,,2026-07-01,NA,NA,Latin America & Caribbean,La Paz,-66.1936,-13.9908,Lower middle income,IBRD
Bolivia,BO,BOL,2016,,2026-07-01,NA,NA,Latin America & Caribbean,La Paz,-66.1936,-13.9908,Lower middle income,IBRD
Bolivia,BO,BOL,2022,,2026-07-01,NA,NA,Latin America & Caribbean,La Paz,-66.1936,-13.9908,Lower middle income,IBRD
Bolivia,BO,BOL,2018,,2026-07-01,NA,NA,Latin America & Caribbean,La Paz,-66.1936,-13.9908,Lower middle income,IBRD
Bolivia,BO,BOL,2023,,2026-07-01,NA,NA,Latin America & Caribbean,La Paz,-66.1936,-13.9908,Lower middle income,IBRD
Bolivia,BO,BOL,2024,,2026-07-01,NA,NA,Latin America & Caribbean,La Paz,-66.1936,-13.9908,Lower middle income,IBRD
Bolivia,BO,BOL,2015,,2026-07-01,NA,NA,Latin America & Caribbean,La Paz,-66.1936,-13.9908,Lower middle income,IBRD
Bolivia,BO,BOL,2025,,2026-07-01,NA,NA,Latin America & Caribbean,La Paz,-66.1936,-13.9908,Lower middle income,IBRD
Bosnia and Herzegovina,BA,BIH,2022,,2026-07-01,0.18743,540.14789,Europe & Central Asia,Sarajevo,18.4214,43.8607,Upper middle income,IBRD
Bosnia and Herzegovina,BA,BIH,2024,,2026-07-01,0.21437,705.15606,Europe & Central Asia,Sarajevo,18.4214,43.8607,Upper middle income,IBRD
Bosnia and Herzegovina,BA,BIH,2021,,2026-07-01,0.19035,445.69281,Europe & Central Asia,Sarajevo,18.4214,43.8607,Upper middle income,IBRD
Bosnia and Herzegovina,BA,BIH,2020,,2026-07-01,0.20325,446.11618,Europe & Central Asia,Sarajevo,18.4214,43.8607,Upper middle income,IBRD
Bosnia and Herzegovina,BA,BIH,2015,,2026-07-01,0.21603,353.6653,Europe & Central Asia,Sarajevo,18.4214,43.8607,Upper middle income,IBRD
Bosnia and Herzegovina,BA,BIH,2016,,2026-07-01,0.21337,406.85468,Europe & Central Asia,Sarajevo,18.4214,43.8607,Upper middle income,IBRD
Bosnia and Herzegovina,BA,BIH,2025,,2026-07-01,NA,NA,Europe & Central Asia,Sarajevo,18.4214,43.8607,Upper middle income,IBRD
Bosnia and Herzegovina,BA,BIH,2023,,2026-07-01,0.18853,669.76765,Europe & Central Asia,Sarajevo,18.4214,43.8607,Upper middle income,IBRD
Bosnia and Herzegovina,BA,BIH,2017,,2026-07-01,0.1978,471.50932,Europe & Central Asia,Sarajevo,18.4214,43.8607,Upper middle income,IBRD
Bosnia and Herzegovina,BA,BIH,2019,,2026-07-01,0.19001,451.01282,Europe & Central Asia,Sarajevo,18.4214,43.8607,Upper middle income,IBRD
Bosnia and Herzegovina,BA,BIH,2018,,2026-07-01,0.19199,459.76526,Europe & Central Asia,Sarajevo,18.4214,43.8607,Upper middle income,IBRD
Botswana,BW,BWA,2024,,2026-07-01,NA,NA,Sub-Saharan Africa,Gaborone,25.9201,-24.6544,Upper middle income,IBRD
Botswana,BW,BWA,2025,,2026-07-01,NA,NA,Sub-Saharan Africa,Gaborone,25.9201,-24.6544,Upper middle income,IBRD
Botswana,BW,BWA,2023,,2026-07-01,NA,NA,Sub-Saharan Africa,Gaborone,25.9201,-24.6544,Upper middle income,IBRD
Botswana,BW,BWA,2021,,2026-07-01,NA,NA,Sub-Saharan Africa,Gaborone,25.9201,-24.6544,Upper middle income,IBRD
Botswana,BW,BWA,2017,,2026-07-01,NA,NA,Sub-Saharan Africa,Gaborone,25.9201,-24.6544,Upper middle income,IBRD
Botswana,BW,BWA,2022,,2026-07-01,NA,NA,Sub-Saharan Africa,Gaborone,25.9201,-24.6544,Upper middle income,IBRD
Botswana,BW,BWA,2016,,2026-07-01,NA,NA,Sub-Saharan Africa,Gaborone,25.9201,-24.6544,Upper middle income,IBRD
Botswana,BW,BWA,2018,,2026-07-01,NA,NA,Sub-Saharan Africa,Gaborone,25.9201,-24.6544,Upper middle income,IBRD
Botswana,BW,BWA,2015,,2026-07-01,NA,NA,Sub-Saharan Africa,Gaborone,25.9201,-24.6544,Upper middle income,IBRD
Botswana,BW,BWA,2020,,2026-07-01,NA,NA,Sub-Saharan Africa,Gaborone,25.9201,-24.6544,Upper middle income,IBRD
Botswana,BW,BWA,2019,,2026-07-01,NA,NA,Sub-Saharan Africa,Gaborone,25.9201,-24.6544,Upper middle income,IBRD
Brazil,BR,BRA,2025,,2026-07-01,NA,NA,Latin America & Caribbean,Brasilia,-47.9292,-15.7801,Upper middle income,IBRD
Brazil,BR,BRA,2023,,2026-07-01,1.1938,NA,Latin America & Caribbean,Brasilia,-47.9292,-15.7801,Upper middle income,IBRD
Brazil,BR,BRA,2017,,2026-07-01,1.1175,NA,Latin America & Caribbean,Brasilia,-47.9292,-15.7801,Upper middle income,IBRD
Brazil,BR,BRA,2015,,2026-07-01,1.28464,NA,Latin America & Caribbean,Brasilia,-47.9292,-15.7801,Upper middle income,IBRD
Brazil,BR,BRA,2018,,2026-07-01,1.15016,NA,Latin America & Caribbean,Brasilia,-47.9292,-15.7801,Upper middle income,IBRD
Brazil,BR,BRA,2019,,2026-07-01,1.15115,NA,Latin America & Caribbean,Brasilia,-47.9292,-15.7801,Upper middle income,IBRD
Brazil,BR,BRA,2016,,2026-07-01,1.19584,NA,Latin America & Caribbean,Brasilia,-47.9292,-15.7801,Upper middle income,IBRD
Brazil,BR,BRA,2024,,2026-07-01,NA,NA,Latin America & Caribbean,Brasilia,-47.9292,-15.7801,Upper middle income,IBRD
Brazil,BR,BRA,2022,,2026-07-01,1.18873,NA,Latin America & Caribbean,Brasilia,-47.9292,-15.7801,Upper middle income,IBRD
Brazil,BR,BRA,2020,,2026-07-01,1.21907,NA,Latin America & Caribbean,Brasilia,-47.9292,-15.7801,Upper middle income,IBRD
Brazil,BR,BRA,2021,,2026-07-01,1.13371,NA,Latin America & Caribbean,Brasilia,-47.9292,-15.7801,Upper middle income,IBRD
British Virgin Islands,VG,VGB,2016,,2026-07-01,NA,NA,Latin America & Caribbean,Road Town,-64.623056,18.431389,High income,Not classified
British Virgin Islands,VG,VGB,2017,,2026-07-01,NA,NA,Latin America & Caribbean,Road Town,-64.623056,18.431389,High income,Not classified
British Virgin Islands,VG,VGB,2015,,2026-07-01,NA,NA,Latin America & Caribbean,Road Town,-64.623056,18.431389,High income,Not classified
British Virgin Islands,VG,VGB,2019,,2026-07-01,NA,NA,Latin America & Caribbean,Road Town,-64.623056,18.431389,High income,Not classified
British Virgin Islands,VG,VGB,2020,,2026-07-01,NA,NA,Latin America & Caribbean,Road Town,-64.623056,18.431389,High income,Not classified
British Virgin Islands,VG,VGB,2018,,2026-07-01,NA,NA,Latin America & Caribbean,Road Town,-64.623056,18.431389,High income,Not classified
British Virgin Islands,VG,VGB,2021,,2026-07-01,NA,NA,Latin America & Caribbean,Road Town,-64.623056,18.431389,High income,Not classified
British Virgin Islands,VG,VGB,2022,,2026-07-01,NA,NA,Latin America & Caribbean,Road Town,-64.623056,18.431389,High income,Not classified
British Virgin Islands,VG,VGB,2023,,2026-07-01,NA,NA,Latin America & Caribbean,Road Town,-64.623056,18.431389,High income,Not classified
British Virgin Islands,VG,VGB,2024,,2026-07-01,NA,NA,Latin America & Caribbean,Road Town,-64.623056,18.431389,High income,Not classified
British Virgin Islands,VG,VGB,2025,,2026-07-01,NA,NA,Latin America & Caribbean,Road Town,-64.623056,18.431389,High income,Not classified
Brunei Darussalam,BN,BRN,2019,,2026-07-01,NA,NA,East Asia & Pacific,Bandar Seri Begawan,114.946,4.94199,High income,Not classified
Brunei Darussalam,BN,BRN,2022,,2026-07-01,NA,506.18125,East Asia & Pacific,Bandar Seri Begawan,114.946,4.94199,High income,Not classified
Brunei Darussalam,BN,BRN,2018,,2026-07-01,0.27764,NA,East Asia & Pacific,Bandar Seri Begawan,114.946,4.94199,High income,Not classified
Brunei Darussalam,BN,BRN,2016,,2026-07-01,NA,NA,East Asia & Pacific,Bandar Seri Begawan,114.946,4.94199,High income,Not classified
Brunei Darussalam,BN,BRN,2015,,2026-07-01,NA,NA,East Asia & Pacific,Bandar Seri Begawan,114.946,4.94199,High income,Not classified
Brunei Darussalam,BN,BRN,2020,,2026-07-01,NA,NA,East Asia & Pacific,Bandar Seri Begawan,114.946,4.94199,High income,Not classified
Brunei Darussalam,BN,BRN,2017,,2026-07-01,NA,NA,East Asia & Pacific,Bandar Seri Begawan,114.946,4.94199,High income,Not classified
Brunei Darussalam,BN,BRN,2021,,2026-07-01,NA,NA,East Asia & Pacific,Bandar Seri Begawan,114.946,4.94199,High income,Not classified
Brunei Darussalam,BN,BRN,2023,,2026-07-01,NA,NA,East Asia & Pacific,Bandar Seri Begawan,114.946,4.94199,High income,Not classified
Brunei Darussalam,BN,BRN,2024,,2026-07-01,NA,NA,East Asia & Pacific,Bandar Seri Begawan,114.946,4.94199,High income,Not classified
Brunei Darussalam,BN,BRN,2025,,2026-07-01,NA,NA,East Asia & Pacific,Bandar Seri Begawan,114.946,4.94199,High income,Not classified
Bulgaria,BG,BGR,2021,,2026-07-01,0.76933,2346.69591,Europe & Central Asia,Sofia,23.3238,42.7105,High income,IBRD
Bulgaria,BG,BGR,2020,,2026-07-01,0.84549,2401.16918,Europe & Central Asia,Sofia,23.3238,42.7105,High income,IBRD
Bulgaria,BG,BGR,2016,,2026-07-01,0.77009,2236.855,Europe & Central Asia,Sofia,23.3238,42.7105,High income,IBRD
Bulgaria,BG,BGR,2025,,2026-07-01,NA,NA,Europe & Central Asia,Sofia,23.3238,42.7105,High income,IBRD
Bulgaria,BG,BGR,2022,,2026-07-01,0.75174,2557.19806,Europe & Central Asia,Sofia,23.3238,42.7105,High income,IBRD
Bulgaria,BG,BGR,2018,,2026-07-01,0.75505,2343.48736,Europe & Central Asia,Sofia,23.3238,42.7105,High income,IBRD
Bulgaria,BG,BGR,2015,,2026-07-01,0.94947,1976.75906,Europe & Central Asia,Sofia,23.3238,42.7105,High income,IBRD
Bulgaria,BG,BGR,2017,,2026-07-01,0.74037,2125.46017,Europe & Central Asia,Sofia,23.3238,42.7105,High income,IBRD
Bulgaria,BG,BGR,2024,,2026-07-01,NA,NA,Europe & Central Asia,Sofia,23.3238,42.7105,High income,IBRD
Bulgaria,BG,BGR,2019,,2026-07-01,0.83576,2420.08954,Europe & Central Asia,Sofia,23.3238,42.7105,High income,IBRD
Bulgaria,BG,BGR,2023,,2026-07-01,0.79224000000000006,2400.56923,Europe & Central Asia,Sofia,23.3238,42.7105,High income,IBRD
Burkina Faso,BF,BFA,2023,,2026-07-01,0.09845,NA,Sub-Saharan Africa,Ouagadougou,-1.53395,12.3605,Low income,IDA
Burkina Faso,BF,BFA,2020,,2026-07-01,0.25116,NA,Sub-Saharan Africa,Ouagadougou,-1.53395,12.3605,Low income,IDA
Burkina Faso,BF,BFA,2019,,2026-07-01,0.17435,NA,Sub-Saharan Africa,Ouagadougou,-1.53395,12.3605,Low income,IDA
Burkina Faso,BF,BFA,2017,,2026-07-01,0.61361,NA,Sub-Saharan Africa,Ouagadougou,-1.53395,12.3605,Low income,IDA
Burkina Faso,BF,BFA,2016,,2026-07-01,NA,NA,Sub-Saharan Africa,Ouagadougou,-1.53395,12.3605,Low income,IDA
Burkina Faso,BF,BFA,2015,,2026-07-01,NA,NA,Sub-Saharan Africa,Ouagadougou,-1.53395,12.3605,Low income,IDA
Burkina Faso,BF,BFA,2022,,2026-07-01,NA,NA,Sub-Saharan Africa,Ouagadougou,-1.53395,12.3605,Low income,IDA
Burkina Faso,BF,BFA,2025,,2026-07-01,NA,NA,Sub-Saharan Africa,Ouagadougou,-1.53395,12.3605,Low income,IDA
Burkina Faso,BF,BFA,2018,,2026-07-01,NA,NA,Sub-Saharan Africa,Ouagadougou,-1.53395,12.3605,Low income,IDA
Burkina Faso,BF,BFA,2021,,2026-07-01,0.25057,NA,Sub-Saharan Africa,Ouagadougou,-1.53395,12.3605,Low income,IDA
Burkina Faso,BF,BFA,2024,,2026-07-01,0.10477,NA,Sub-Saharan Africa,Ouagadougou,-1.53395,12.3605,Low income,IDA
Burundi,BI,BDI,2022,,2026-07-01,NA,NA,Sub-Saharan Africa,Bujumbura,29.3639,-3.3784,Low income,IDA
Burundi,BI,BDI,2015,,2026-07-01,NA,NA,Sub-Saharan Africa,Bujumbura,29.3639,-3.3784,Low income,IDA
Burundi,BI,BDI,2025,,2026-07-01,NA,NA,Sub-Saharan Africa,Bujumbura,29.3639,-3.3784,Low income,IDA
Burundi,BI,BDI,2024,,2026-07-01,NA,NA,Sub-Saharan Africa,Bujumbura,29.3639,-3.3784,Low income,IDA
Burundi,BI,BDI,2023,,2026-07-01,NA,NA,Sub-Saharan Africa,Bujumbura,29.3639,-3.3784,Low income,IDA
Burundi,BI,BDI,2017,,2026-07-01,NA,NA,Sub-Saharan Africa,Bujumbura,29.3639,-3.3784,Low income,IDA
Burundi,BI,BDI,2018,,2026-07-01,0.21312,22.4816,Sub-Saharan Africa,Bujumbura,29.3639,-3.3784,Low income,IDA
Burundi,BI,BDI,2020,,2026-07-01,NA,NA,Sub-Saharan Africa,Bujumbura,29.3639,-3.3784,Low income,IDA
Burundi,BI,BDI,2021,,2026-07-01,NA,NA,Sub-Saharan Africa,Bujumbura,29.3639,-3.3784,Low income,IDA
Burundi,BI,BDI,2019,,2026-07-01,NA,NA,Sub-Saharan Africa,Bujumbura,29.3639,-3.3784,Low income,IDA
Burundi,BI,BDI,2016,,2026-07-01,NA,NA,Sub-Saharan Africa,Bujumbura,29.3639,-3.3784,Low income,IDA
Cabo Verde,CV,CPV,2017,,2026-07-01,NA,NA,Sub-Saharan Africa,Praia,-23.5087,14.9218,Upper middle income,Blend
Cabo Verde,CV,CPV,2019,,2026-07-01,NA,NA,Sub-Saharan Africa,Praia,-23.5087,14.9218,Upper middle income,Blend
Cabo Verde,CV,CPV,2016,,2026-07-01,NA,NA,Sub-Saharan Africa,Praia,-23.5087,14.9218,Upper middle income,Blend
Cabo Verde,CV,CPV,2022,,2026-07-01,NA,NA,Sub-Saharan Africa,Praia,-23.5087,14.9218,Upper middle income,Blend
Cabo Verde,CV,CPV,2020,,2026-07-01,NA,NA,Sub-Saharan Africa,Praia,-23.5087,14.9218,Upper middle income,Blend
Cabo Verde,CV,CPV,2015,,2026-07-01,NA,NA,Sub-Saharan Africa,Praia,-23.5087,14.9218,Upper middle income,Blend
Cabo Verde,CV,CPV,2018,,2026-07-01,NA,NA,Sub-Saharan Africa,Praia,-23.5087,14.9218,Upper middle income,Blend
Cabo Verde,CV,CPV,2023,,2026-07-01,NA,NA,Sub-Saharan Africa,Praia,-23.5087,14.9218,Upper middle income,Blend
Cabo Verde,CV,CPV,2025,,2026-07-01,NA,NA,Sub-Saharan Africa,Praia,-23.5087,14.9218,Upper middle income,Blend
Cabo Verde,CV,CPV,2021,,2026-07-01,NA,NA,Sub-Saharan Africa,Praia,-23.5087,14.9218,Upper middle income,Blend
Cabo Verde,CV,CPV,2024,,2026-07-01,NA,NA,Sub-Saharan Africa,Praia,-23.5087,14.9218,Upper middle income,Blend
Cambodia,KH,KHM,2020,,2026-07-01,NA,NA,East Asia & Pacific,Phnom Penh,104.874,11.5556,Lower middle income,IDA
Cambodia,KH,KHM,2019,,2026-07-01,NA,NA,East Asia & Pacific,Phnom Penh,104.874,11.5556,Lower middle income,IDA
Cambodia,KH,KHM,2018,,2026-07-01,NA,NA,East Asia & Pacific,Phnom Penh,104.874,11.5556,Lower middle income,IDA
Cambodia,KH,KHM,2017,,2026-07-01,NA,NA,East Asia & Pacific,Phnom Penh,104.874,11.5556,Lower middle income,IDA
Cambodia,KH,KHM,2021,,2026-07-01,NA,NA,East Asia & Pacific,Phnom Penh,104.874,11.5556,Lower middle income,IDA
Cambodia,KH,KHM,2022,,2026-07-01,NA,NA,East Asia & Pacific,Phnom Penh,104.874,11.5556,Lower middle income,IDA
Cambodia,KH,KHM,2016,,2026-07-01,NA,NA,East Asia & Pacific,Phnom Penh,104.874,11.5556,Lower middle income,IDA
Cambodia,KH,KHM,2023,,2026-07-01,NA,NA,East Asia & Pacific,Phnom Penh,104.874,11.5556,Lower middle income,IDA
Cambodia,KH,KHM,2024,,2026-07-01,NA,NA,East Asia & Pacific,Phnom Penh,104.874,11.5556,Lower middle income,IDA
Cambodia,KH,KHM,2015,,2026-07-01,0.08828,30.38923,East Asia & Pacific,Phnom Penh,104.874,11.5556,Lower middle income,IDA
Cambodia,KH,KHM,2025,,2026-07-01,NA,NA,East Asia & Pacific,Phnom Penh,104.874,11.5556,Lower middle income,IDA
Cameroon,CM,CMR,2019,,2026-07-01,NA,NA,Sub-Saharan Africa,Yaounde,11.5174,3.8721,Lower middle income,Blend
Cameroon,CM,CMR,2017,,2026-07-01,NA,NA,Sub-Saharan Africa,Yaounde,11.5174,3.8721,Lower middle income,Blend
Cameroon,CM,CMR,2016,,2026-07-01,NA,NA,Sub-Saharan Africa,Yaounde,11.5174,3.8721,Lower middle income,Blend
Cameroon,CM,CMR,2022,,2026-07-01,NA,NA,Sub-Saharan Africa,Yaounde,11.5174,3.8721,Lower middle income,Blend
Cameroon,CM,CMR,2021,,2026-07-01,NA,NA,Sub-Saharan Africa,Yaounde,11.5174,3.8721,Lower middle income,Blend
Cameroon,CM,CMR,2025,,2026-07-01,NA,NA,Sub-Saharan Africa,Yaounde,11.5174,3.8721,Lower middle income,Blend
Cameroon,CM,CMR,2018,,2026-07-01,NA,NA,Sub-Saharan Africa,Yaounde,11.5174,3.8721,Lower middle income,Blend
Cameroon,CM,CMR,2020,,2026-07-01,NA,NA,Sub-Saharan Africa,Yaounde,11.5174,3.8721,Lower middle income,Blend
Cameroon,CM,CMR,2024,,2026-07-01,NA,NA,Sub-Saharan Africa,Yaounde,11.5174,3.8721,Lower middle income,Blend
Cameroon,CM,CMR,2015,,2026-07-01,NA,NA,Sub-Saharan Africa,Yaounde,11.5174,3.8721,Lower middle income,Blend
Cameroon,CM,CMR,2023,,2026-07-01,NA,NA,Sub-Saharan Africa,Yaounde,11.5174,3.8721,Lower middle income,Blend
Canada,CA,CAN,2021,,2026-07-01,1.87064,5507.58596,North America,Ottawa,-75.6919,45.4215,High income,Not classified
Canada,CA,CAN,2023,,2026-07-01,1.81048,NA,North America,Ottawa,-75.6919,45.4215,High income,Not classified
Canada,CA,CAN,2025,,2026-07-01,NA,NA,North America,Ottawa,-75.6919,45.4215,High income,Not classified
Canada,CA,CAN,2019,,2026-07-01,1.75578,4850.93689,North America,Ottawa,-75.6919,45.4215,High income,Not classified
Canada,CA,CAN,2020,,2026-07-01,1.93413,5155.65021,North America,Ottawa,-75.6919,45.4215,High income,Not classified
Canada,CA,CAN,2022,,2026-07-01,1.81291,5624.26883,North America,Ottawa,-75.6919,45.4215,High income,Not classified
Canada,CA,CAN,2017,,2026-07-01,1.68702,4429.05796,North America,Ottawa,-75.6919,45.4215,High income,Not classified
Canada,CA,CAN,2018,,2026-07-01,1.7372,4715.91861,North America,Ottawa,-75.6919,45.4215,High income,Not classified
Canada,CA,CAN,2015,,2026-07-01,1.6936,4545.96875,North America,Ottawa,-75.6919,45.4215,High income,Not classified
Canada,CA,CAN,2024,,2026-07-01,1.7908,NA,North America,Ottawa,-75.6919,45.4215,High income,Not classified
Canada,CA,CAN,2016,,2026-07-01,1.72903,4400.49278,North America,Ottawa,-75.6919,45.4215,High income,Not classified
Caribbean small states,S3,CSS,2025,,2026-07-01,NA,NA,Aggregates,,,,Aggregates,Aggregates
Caribbean small states,S3,CSS,2015,,2026-07-01,NA,NA,Aggregates,,,,Aggregates,Aggregates
Caribbean small states,S3,CSS,2024,,2026-07-01,NA,NA,Aggregates,,,,Aggregates,Aggregates
Caribbean small states,S3,CSS,2017,,2026-07-01,NA,NA,Aggregates,,,,Aggregates,Aggregates
Caribbean small states,S3,CSS,2018,,2026-07-01,NA,NA,Aggregates,,,,Aggregates,Aggregates
Caribbean small states,S3,CSS,2022,,2026-07-01,NA,NA,Aggregates,,,,Aggregates,Aggregates
Caribbean small states,S3,CSS,2023,,2026-07-01,NA,NA,Aggregates,,,,Aggregates,Aggregates
Caribbean small states,S3,CSS,2021,,2026-07-01,NA,NA,Aggregates,,,,Aggregates,Aggregates
Caribbean small states,S3,CSS,2019,,2026-07-01,NA,NA,Aggregates,,,,Aggregates,Aggregates
Caribbean small states,S3,CSS,2016,,2026-07-01,NA,NA,Aggregates,,,,Aggregates,Aggregates
Caribbean small states,S3,CSS,2020,,2026-07-01,NA,NA,Aggregates,,,,Aggregates,Aggregates
Cayman Islands,KY,CYM,2015,,2026-07-01,NA,NA,Latin America & Caribbean,George Town,-81.3857,19.3022,High income,Not classified
Cayman Islands,KY,CYM,2016,,2026-07-01,NA,NA,Latin America & Caribbean,George Town,-81.3857,19.3022,High income,Not classified
Cayman Islands,KY,CYM,2017,,2026-07-01,NA,NA,Latin America & Caribbean,George Town,-81.3857,19.3022,High income,Not classified
Cayman Islands,KY,CYM,2018,,2026-07-01,NA,NA,Latin America & Caribbean,George Town,-81.3857,19.3022,High income,Not classified
Cayman Islands,KY,CYM,2025,,2026-07-01,NA,NA,Latin America & Caribbean,George Town,-81.3857,19.3022,High income,Not classified
Cayman Islands,KY,CYM,2019,,2026-07-01,NA,NA,Latin America & Caribbean,George Town,-81.3857,19.3022,High income,Not classified
Cayman Islands,KY,CYM,2020,,2026-07-01,NA,NA,Latin America & Caribbean,George Town,-81.3857,19.3022,High income,Not classified
Cayman Islands,KY,CYM,2024,,2026-07-01,NA,NA,Latin America & Caribbean,George Town,-81.3857,19.3022,High income,Not classified
Cayman Islands,KY,CYM,2022,,2026-07-01,NA,NA,Latin America & Caribbean,George Town,-81.3857,19.3022,High income,Not classified
Cayman Islands,KY,CYM,2023,,2026-07-01,NA,NA,Latin America & Caribbean,George Town,-81.3857,19.3022,High income,Not classified
Cayman Islands,KY,CYM,2021,,2026-07-01,NA,NA,Latin America & Caribbean,George Town,-81.3857,19.3022,High income,Not classified
Central African Republic,CF,CAF,2017,,2026-07-01,NA,NA,Sub-Saharan Africa,Bangui,21.6407,5.63056,Low income,IDA
Central African Republic,CF,CAF,2021,,2026-07-01,NA,NA,Sub-Saharan Africa,Bangui,21.6407,5.63056,Low income,IDA
Central African Republic,CF,CAF,2018,,2026-07-01,NA,NA,Sub-Saharan Africa,Bangui,21.6407,5.63056,Low income,IDA
Central African Republic,CF,CAF,2016,,2026-07-01,NA,NA,Sub-Saharan Africa,Bangui,21.6407,5.63056,Low income,IDA
Central African Republic,CF,CAF,2020,,2026-07-01,NA,NA,Sub-Saharan Africa,Bangui,21.6407,5.63056,Low income,IDA
Central African Republic,CF,CAF,2024,,2026-07-01,NA,NA,Sub-Saharan Africa,Bangui,21.6407,5.63056,Low income,IDA
Central African Republic,CF,CAF,2015,,2026-07-01,NA,NA,Sub-Saharan Africa,Bangui,21.6407,5.63056,Low income,IDA
Central African Republic,CF,CAF,2019,,2026-07-01,NA,NA,Sub-Saharan Africa,Bangui,21.6407,5.63056,Low income,IDA
Central African Republic,CF,CAF,2023,,2026-07-01,NA,NA,Sub-Saharan Africa,Bangui,21.6407,5.63056,Low income,IDA
Central African Republic,CF,CAF,2025,,2026-07-01,NA,NA,Sub-Saharan Africa,Bangui,21.6407,5.63056,Low income,IDA
Central African Republic,CF,CAF,2022,,2026-07-01,NA,NA,Sub-Saharan Africa,Bangui,21.6407,5.63056,Low income,IDA
Central Europe and the Baltics,B8,CEB,2018,,2026-07-01,1.18518867780574,2746.40178336029,Aggregates,,,,Aggregates,Aggregates
Central Europe and the Baltics,B8,CEB,2020,,2026-07-01,1.29475897248932,2956.41895157371,Aggregates,,,,Aggregates,Aggregates
Central Europe and the Baltics,B8,CEB,2021,,2026-07-01,1.31378375201668,3147.71702963511,Aggregates,,,,Aggregates,Aggregates
Central Europe and the Baltics,B8,CEB,2017,,2026-07-01,1.08031757970669,2563.30148952353,Aggregates,,,,Aggregates,Aggregates
Central Europe and the Baltics,B8,CEB,2016,,2026-07-01,1.02183730554662,2239.72613725369,Aggregates,,,,Aggregates,Aggregates
Central Europe and the Baltics,B8,CEB,2019,,2026-07-01,1.23739742864273,2843.83022348261,Aggregates,,,,Aggregates,Aggregates
Central Europe and the Baltics,B8,CEB,2024,,2026-07-01,NA,NA,Aggregates,,,,Aggregates,Aggregates
Central Europe and the Baltics,B8,CEB,2022,,2026-07-01,1.29826358701501,3296.66258491126,Aggregates,,,,Aggregates,Aggregates
Central Europe and the Baltics,B8,CEB,2015,,2026-07-01,1.13751441268097,2146.74488072421,Aggregates,,,,Aggregates,Aggregates
Central Europe and the Baltics,B8,CEB,2023,,2026-07-01,1.34182612383603,3247.77819669334,Aggregates,,,,Aggregates,Aggregates
Central Europe and the Baltics,B8,CEB,2025,,2026-07-01,NA,NA,Aggregates,,,,Aggregates,Aggregates
Chad,TD,TCD,2022,,2026-07-01,NA,NA,Sub-Saharan Africa,N'Djamena,15.0445,12.1048,Low income,IDA
Chad,TD,TCD,2019,,2026-07-01,NA,NA,Sub-Saharan Africa,N'Djamena,15.0445,12.1048,Low income,IDA
Chad,TD,TCD,2018,,2026-07-01,NA,NA,Sub-Saharan Africa,N'Djamena,15.0445,12.1048,Low income,IDA
Chad,TD,TCD,2021,,2026-07-01,NA,NA,Sub-Saharan Africa,N'Djamena,15.0445,12.1048,Low income,IDA
Chad,TD,TCD,2020,,2026-07-01,NA,NA,Sub-Saharan Africa,N'Djamena,15.0445,12.1048,Low income,IDA
Chad,TD,TCD,2015,,2026-07-01,NA,NA,Sub-Saharan Africa,N'Djamena,15.0445,12.1048,Low income,IDA
Chad,TD,TCD,2016,,2026-07-01,0.23294,56.72121,Sub-Saharan Africa,N'Djamena,15.0445,12.1048,Low income,IDA
Chad,TD,TCD,2017,,2026-07-01,NA,NA,Sub-Saharan Africa,N'Djamena,15.0445,12.1048,Low income,IDA
Chad,TD,TCD,2023,,2026-07-01,NA,NA,Sub-Saharan Africa,N'Djamena,15.0445,12.1048,Low income,IDA
Chad,TD,TCD,2024,,2026-07-01,NA,NA,Sub-Saharan Africa,N'Djamena,15.0445,12.1048,Low income,IDA
Chad,TD,TCD,2025,,2026-07-01,NA,NA,Sub-Saharan Africa,N'Djamena,15.0445,12.1048,Low income,IDA
Channel Islands,JG,CHI,2020,,2026-07-01,NA,NA,Europe & Central Asia,,,,High income,Not classified
Channel Islands,JG,CHI,2017,,2026-07-01,NA,NA,Europe & Central Asia,,,,High income,Not classified
Channel Islands,JG,CHI,2023,,2026-07-01,NA,NA,Europe & Central Asia,,,,High income,Not classified
Channel Islands,JG,CHI,2016,,2026-07-01,NA,NA,Europe & Central Asia,,,,High income,Not classified
Channel Islands,JG,CHI,2019,,2026-07-01,NA,NA,Europe & Central Asia,,,,High income,Not classified
Channel Islands,JG,CHI,2015,,2026-07-01,NA,NA,Europe & Central Asia,,,,High income,Not classified
Channel Islands,JG,CHI,2018,,2026-07-01,NA,NA,Europe & Central Asia,,,,High income,Not classified
Channel Islands,JG,CHI,2022,,2026-07-01,NA,NA,Europe & Central Asia,,,,High income,Not classified
Channel Islands,JG,CHI,2025,,2026-07-01,NA,NA,Europe & Central Asia,,,,High income,Not classified
Channel Islands,JG,CHI,2024,,2026-07-01,NA,NA,Europe & Central Asia,,,,High income,Not classified
Channel Islands,JG,CHI,2021,,2026-07-01,NA,NA,Europe & Central Asia,,,,High income,Not classified
Chile,CL,CHL,2023,,2026-07-01,NA,NA,Latin America & Caribbean,Santiago,-70.6475,-33.475,High income,IBRD
Chile,CL,CHL,2025,,2026-07-01,NA,NA,Latin America & Caribbean,Santiago,-70.6475,-33.475,High income,IBRD
Chile,CL,CHL,2015,,2026-07-01,0.38296,455.29183,Latin America & Caribbean,Santiago,-70.6475,-33.475,High income,IBRD
Chile,CL,CHL,2024,,2026-07-01,NA,NA,Latin America & Caribbean,Santiago,-70.6475,-33.475,High income,IBRD
Chile,CL,CHL,2022,,2026-07-01,0.39205,707.0557,Latin America & Caribbean,Santiago,-70.6475,-33.475,High income,IBRD
Chile,CL,CHL,2017,,2026-07-01,0.35679,494.62971,Latin America & Caribbean,Santiago,-70.6475,-33.475,High income,IBRD
Chile,CL,CHL,2018,,2026-07-01,0.36916,523.65457,Latin America & Caribbean,Santiago,-70.6475,-33.475,High income,IBRD
Chile,CL,CHL,2020,,2026-07-01,0.33525,515.32026,Latin America & Caribbean,Santiago,-70.6475,-33.475,High income,IBRD
Chile,CL,CHL,2021,,2026-07-01,0.36063,638.83802,Latin America & Caribbean,Santiago,-70.6475,-33.475,High income,IBRD
Chile,CL,CHL,2019,,2026-07-01,0.34243,507.31033,Latin America & Caribbean,Santiago,-70.6475,-33.475,High income,IBRD
Chile,CL,CHL,2016,,2026-07-01,0.37103,495.36438,Latin America & Caribbean,Santiago,-70.6475,-33.475,High income,IBRD
China,CN,CHN,2017,,2026-07-01,2.07771,1235.84935,East Asia & Pacific,Beijing,116.286,40.0495,Upper middle income,IBRD
China,CN,CHN,2019,,2026-07-01,2.20144,1483.85803,East Asia & Pacific,Beijing,116.286,40.0495,Upper middle income,IBRD
China,CN,CHN,2016,,2026-07-01,2.0595,1208.86205,East Asia & Pacific,Beijing,116.286,40.0495,Upper middle income,IBRD
China,CN,CHN,2022,,2026-07-01,2.4945,1849.23669,East Asia & Pacific,Beijing,116.286,40.0495,Upper middle income,IBRD
China,CN,CHN,2020,,2026-07-01,2.35712,1600.30633,East Asia & Pacific,Beijing,116.286,40.0495,Upper middle income,IBRD
China,CN,CHN,2018,,2026-07-01,2.10232,1317.48914,East Asia & Pacific,Beijing,116.286,40.0495,Upper middle income,IBRD
China,CN,CHN,2015,,2026-07-01,2.01703,1162.7108,East Asia & Pacific,Beijing,116.286,40.0495,Upper middle income,IBRD
China,CN,CHN,2023,,2026-07-01,2.57729,2107.27003,East Asia & Pacific,Beijing,116.286,40.0495,Upper middle income,IBRD
China,CN,CHN,2025,,2026-07-01,NA,NA,East Asia & Pacific,Beijing,116.286,40.0495,Upper middle income,IBRD
China,CN,CHN,2021,,2026-07-01,2.38165,1685.97511,East Asia & Pacific,Beijing,116.286,40.0495,Upper middle income,IBRD
China,CN,CHN,2024,,2026-07-01,NA,NA,East Asia & Pacific,Beijing,116.286,40.0495,Upper middle income,IBRD
Colombia,CO,COL,2020,,2026-07-01,0.2894,NA,Latin America & Caribbean,Bogota,-74.082,4.60987,Upper middle income,IBRD
Colombia,CO,COL,2019,,2026-07-01,0.32201,NA,Latin America & Caribbean,Bogota,-74.082,4.60987,Upper middle income,IBRD
Colombia,CO,COL,2018,,2026-07-01,0.31233,NA,Latin America & Caribbean,Bogota,-74.082,4.60987,Upper middle income,IBRD
Colombia,CO,COL,2021,,2026-07-01,NA,NA,Latin America & Caribbean,Bogota,-74.082,4.60987,Upper middle income,IBRD
Colombia,CO,COL,2017,,2026-07-01,0.26109,90.24729,Latin America & Caribbean,Bogota,-74.082,4.60987,Upper middle income,IBRD
Colombia,CO,COL,2023,,2026-07-01,NA,NA,Latin America & Caribbean,Bogota,-74.082,4.60987,Upper middle income,IBRD
Colombia,CO,COL,2022,,2026-07-01,NA,NA,Latin America & Caribbean,Bogota,-74.082,4.60987,Upper middle income,IBRD
Colombia,CO,COL,2016,,2026-07-01,0.27051,91.2603,Latin America & Caribbean,Bogota,-74.082,4.60987,Upper middle income,IBRD
Colombia,CO,COL,2024,,2026-07-01,NA,NA,Latin America & Caribbean,Bogota,-74.082,4.60987,Upper middle income,IBRD
Colombia,CO,COL,2015,,2026-07-01,0.36542,70.66931,Latin America & Caribbean,Bogota,-74.082,4.60987,Upper middle income,IBRD
Colombia,CO,COL,2025,,2026-07-01,NA,NA,Latin America & Caribbean,Bogota,-74.082,4.60987,Upper middle income,IBRD
Comoros,KM,COM,2019,,2026-07-01,NA,NA,Sub-Saharan Africa,Moroni,43.2418,-11.6986,Lower middle income,IDA
Comoros,KM,COM,2022,,2026-07-01,NA,NA,Sub-Saharan Africa,Moroni,43.2418,-11.6986,Lower middle income,IDA
Comoros,KM,COM,2016,,2026-07-01,NA,NA,Sub-Saharan Africa,Moroni,43.2418,-11.6986,Lower middle income,IDA
Comoros,KM,COM,2018,,2026-07-01,NA,NA,Sub-Saharan Africa,Moroni,43.2418,-11.6986,Lower middle income,IDA
Comoros,KM,COM,2021,,2026-07-01,NA,NA,Sub-Saharan Africa,Moroni,43.2418,-11.6986,Lower middle income,IDA
Comoros,KM,COM,2025,,2026-07-01,NA,NA,Sub-Saharan Africa,Moroni,43.2418,-11.6986,Lower middle income,IDA
Comoros,KM,COM,2023,,2026-07-01,NA,NA,Sub-Saharan Africa,Moroni,43.2418,-11.6986,Lower middle income,IDA
Comoros,KM,COM,2020,,2026-07-01,NA,NA,Sub-Saharan Africa,Moroni,43.2418,-11.6986,Lower middle income,IDA
Comoros,KM,COM,2024,,2026-07-01,NA,NA,Sub-Saharan Africa,Moroni,43.2418,-11.6986,Lower middle income,IDA
Comoros,KM,COM,2015,,2026-07-01,NA,NA,Sub-Saharan Africa,Moroni,43.2418,-11.6986,Lower middle income,IDA
Comoros,KM,COM,2017,,2026-07-01,NA,NA,Sub-Saharan Africa,Moroni,43.2418,-11.6986,Lower middle income,IDA
"Congo, Dem. Rep.",CD,COD,2021,,2026-07-01,NA,NA,Sub-Saharan Africa,Kinshasa,15.3222,-4.325,Low income,IDA
"Congo, Dem. Rep.",CD,COD,2022,,2026-07-01,NA,NA,Sub-Saharan Africa,Kinshasa,15.3222,-4.325,Low income,IDA
"Congo, Dem. Rep.",CD,COD,2024,,2026-07-01,NA,NA,Sub-Saharan Africa,Kinshasa,15.3222,-4.325,Low income,IDA
"Congo, Dem. Rep.",CD,COD,2019,,2026-07-01,NA,NA,Sub-Saharan Africa,Kinshasa,15.3222,-4.325,Low income,IDA
"Congo, Dem. Rep.",CD,COD,2023,,2026-07-01,NA,NA,Sub-Saharan Africa,Kinshasa,15.3222,-4.325,Low income,IDA
"Congo, Dem. Rep.",CD,COD,2016,,2026-07-01,NA,NA,Sub-Saharan Africa,Kinshasa,15.3222,-4.325,Low income,IDA
"Congo, Dem. Rep.",CD,COD,2017,,2026-07-01,NA,NA,Sub-Saharan Africa,Kinshasa,15.3222,-4.325,Low income,IDA
"Congo, Dem. Rep.",CD,COD,2025,,2026-07-01,NA,NA,Sub-Saharan Africa,Kinshasa,15.3222,-4.325,Low income,IDA
"Congo, Dem. Rep.",CD,COD,2020,,2026-07-01,NA,NA,Sub-Saharan Africa,Kinshasa,15.3222,-4.325,Low income,IDA
"Congo, Dem. Rep.",CD,COD,2018,,2026-07-01,NA,NA,Sub-Saharan Africa,Kinshasa,15.3222,-4.325,Low income,IDA
"Congo, Dem. Rep.",CD,COD,2015,,2026-07-01,0.40638,10.10515,Sub-Saharan Africa,Kinshasa,15.3222,-4.325,Low income,IDA
"Congo, Rep.",CG,COG,2024,,2026-07-01,NA,NA,Sub-Saharan Africa,Brazzaville,15.2662,-4.2767,Lower middle income,Blend
"Congo, Rep.",CG,COG,2025,,2026-07-01,NA,NA,Sub-Saharan Africa,Brazzaville,15.2662,-4.2767,Lower middle income,Blend
"Congo, Rep.",CG,COG,2023,,2026-07-01,NA,NA,Sub-Saharan Africa,Brazzaville,15.2662,-4.2767,Lower middle income,Blend
"Congo, Rep.",CG,COG,2021,,2026-07-01,NA,NA,Sub-Saharan Africa,Brazzaville,15.2662,-4.2767,Lower middle income,Blend
"Congo, Rep.",CG,COG,2017,,2026-07-01,NA,NA,Sub-Saharan Africa,Brazzaville,15.2662,-4.2767,Lower middle income,Blend
"Congo, Rep.",CG,COG,2022,,2026-07-01,0.38339,126.96941,Sub-Saharan Africa,Brazzaville,15.2662,-4.2767,Lower middle income,Blend
"Congo, Rep.",CG,COG,2015,,2026-07-01,NA,NA,Sub-Saharan Africa,Brazzaville,15.2662,-4.2767,Lower middle income,Blend
"Congo, Rep.",CG,COG,2016,,2026-07-01,NA,NA,Sub-Saharan Africa,Brazzaville,15.2662,-4.2767,Lower middle income,Blend
"Congo, Rep.",CG,COG,2018,,2026-07-01,NA,NA,Sub-Saharan Africa,Brazzaville,15.2662,-4.2767,Lower middle income,Blend
"Congo, Rep.",CG,COG,2019,,2026-07-01,NA,NA,Sub-Saharan Africa,Brazzaville,15.2662,-4.2767,Lower middle income,Blend
"Congo, Rep.",CG,COG,2020,,2026-07-01,NA,NA,Sub-Saharan Africa,Brazzaville,15.2662,-4.2767,Lower middle income,Blend
Costa Rica,CR,CRI,2015,,2026-07-01,0.43665,500.97138,Latin America & Caribbean,San Jose,-84.0089,9.63701,High income,IBRD
Costa Rica,CR,CRI,2024,,2026-07-01,NA,NA,Latin America & Caribbean,San Jose,-84.0089,9.63701,High income,IBRD
Costa Rica,CR,CRI,2018,,2026-07-01,0.37144,349.49117,Latin America & Caribbean,San Jose,-84.0089,9.63701,High income,IBRD
Costa Rica,CR,CRI,2025,,2026-07-01,NA,NA,Latin America & Caribbean,San Jose,-84.0089,9.63701,High income,IBRD
Costa Rica,CR,CRI,2016,,2026-07-01,0.44335,531.44617,Latin America & Caribbean,San Jose,-84.0089,9.63701,High income,IBRD
Costa Rica,CR,CRI,2019,,2026-07-01,NA,NA,Latin America & Caribbean,San Jose,-84.0089,9.63701,High income,IBRD
Costa Rica,CR,CRI,2020,,2026-07-01,0.33002,371.97029,Latin America & Caribbean,San Jose,-84.0089,9.63701,High income,IBRD
Costa Rica,CR,CRI,2017,,2026-07-01,0.42587,385.02378,Latin America & Caribbean,San Jose,-84.0089,9.63701,High income,IBRD
Costa Rica,CR,CRI,2022,,2026-07-01,0.33789,462.47421,Latin America & Caribbean,San Jose,-84.0089,9.63701,High income,IBRD
Costa Rica,CR,CRI,2023,,2026-07-01,0.33738,507.75814,Latin America & Caribbean,San Jose,-84.0089,9.63701,High income,IBRD
Costa Rica,CR,CRI,2021,,2026-07-01,0.27385,406.58119,Latin America & Caribbean,San Jose,-84.0089,9.63701,High income,IBRD
Cote d'Ivoire,CI,CIV,2017,,2026-07-01,NA,NA,Sub-Saharan Africa,Yamoussoukro,-4.0305,5.332,Lower middle income,Blend
Cote d'Ivoire,CI,CIV,2015,,2026-07-01,NA,NA,Sub-Saharan Africa,Yamoussoukro,-4.0305,5.332,Lower middle income,Blend
Cote d'Ivoire,CI,CIV,2018,,2026-07-01,NA,NA,Sub-Saharan Africa,Yamoussoukro,-4.0305,5.332,Lower middle income,Blend
Cote d'Ivoire,CI,CIV,2016,,2026-07-01,0.06975,NA,Sub-Saharan Africa,Yamoussoukro,-4.0305,5.332,Lower middle income,Blend
Cote d'Ivoire,CI,CIV,2020,,2026-07-01,NA,NA,Sub-Saharan Africa,Yamoussoukro,-4.0305,5.332,Lower middle income,Blend
Cote d'Ivoire,CI,CIV,2021,,2026-07-01,NA,NA,Sub-Saharan Africa,Yamoussoukro,-4.0305,5.332,Lower middle income,Blend
Cote d'Ivoire,CI,CIV,2019,,2026-07-01,NA,NA,Sub-Saharan Africa,Yamoussoukro,-4.0305,5.332,Lower middle income,Blend
Cote d'Ivoire,CI,CIV,2022,,2026-07-01,NA,NA,Sub-Saharan Africa,Yamoussoukro,-4.0305,5.332,Lower middle income,Blend
Cote d'Ivoire,CI,CIV,2023,,2026-07-01,NA,NA,Sub-Saharan Africa,Yamoussoukro,-4.0305,5.332,Lower middle income,Blend
Cote d'Ivoire,CI,CIV,2024,,2026-07-01,NA,NA,Sub-Saharan Africa,Yamoussoukro,-4.0305,5.332,Lower middle income,Blend
Cote d'Ivoire,CI,CIV,2025,,2026-07-01,NA,NA,Sub-Saharan Africa,Yamoussoukro,-4.0305,5.332,Lower middle income,Blend
Croatia,HR,HRV,2017,,2026-07-01,0.84354,1900.86092,Europe & Central Asia,Zagreb,15.9614,45.8069,High income,IBRD
Croatia,HR,HRV,2020,,2026-07-01,1.23536,2295.44402,Europe & Central Asia,Zagreb,15.9614,45.8069,High income,IBRD
Croatia,HR,HRV,2021,,2026-07-01,1.24187,2414.42218,Europe & Central Asia,Zagreb,15.9614,45.8069,High income,IBRD
Croatia,HR,HRV,2019,,2026-07-01,1.07723,2203.55061,Europe & Central Asia,Zagreb,15.9614,45.8069,High income,IBRD
Croatia,HR,HRV,2018,,2026-07-01,0.94608,1973.01528,Europe & Central Asia,Zagreb,15.9614,45.8069,High income,IBRD
Croatia,HR,HRV,2016,,2026-07-01,0.84569,1871.39921,Europe & Central Asia,Zagreb,15.9614,45.8069,High income,IBRD
Croatia,HR,HRV,2024,,2026-07-01,NA,NA,Europe & Central Asia,Zagreb,15.9614,45.8069,High income,IBRD
Croatia,HR,HRV,2022,,2026-07-01,1.41896,2534.42425,Europe & Central Asia,Zagreb,15.9614,45.8069,High income,IBRD
Croatia,HR,HRV,2015,,2026-07-01,0.82388,1513.83841,Europe & Central Asia,Zagreb,15.9614,45.8069,High income,IBRD
Croatia,HR,HRV,2023,,2026-07-01,1.38621,2440.27743,Europe & Central Asia,Zagreb,15.9614,45.8069,High income,IBRD
Croatia,HR,HRV,2025,,2026-07-01,NA,NA,Europe & Central Asia,Zagreb,15.9614,45.8069,High income,IBRD
Cuba,CU,CUB,2021,,2026-07-01,0.32282,2099.70203,Latin America & Caribbean,Havana,-82.3667,23.1333,Upper middle income,Not classified
Cuba,CU,CUB,2022,,2026-07-01,0.36032,2079.08182,Latin America & Caribbean,Havana,-82.3667,23.1333,Upper middle income,Not classified
Cuba,CU,CUB,2019,,2026-07-01,0.55308,2136.67708,Latin America & Caribbean,Havana,-82.3667,23.1333,Upper middle income,Not classified
Cuba,CU,CUB,2020,,2026-07-01,0.51838,2121.90949,Latin America & Caribbean,Havana,-82.3667,23.1333,Upper middle income,Not classified
Cuba,CU,CUB,2015,,2026-07-01,0.42854,NA,Latin America & Caribbean,Havana,-82.3667,23.1333,Upper middle income,Not classified
Cuba,CU,CUB,2016,,2026-07-01,0.34223,NA,Latin America & Caribbean,Havana,-82.3667,23.1333,Upper middle income,Not classified
Cuba,CU,CUB,2018,,2026-07-01,0.53691,2053.96588,Latin America & Caribbean,Havana,-82.3667,23.1333,Upper middle income,Not classified
Cuba,CU,CUB,2023,,2026-07-01,0.39213,1968.33703,Latin America & Caribbean,Havana,-82.3667,23.1333,Upper middle income,Not classified
Cuba,CU,CUB,2024,,2026-07-01,0.43839,2171.25568,Latin America & Caribbean,Havana,-82.3667,23.1333,Upper middle income,Not classified
Cuba,CU,CUB,2017,,2026-07-01,0.43066,NA,Latin America & Caribbean,Havana,-82.3667,23.1333,Upper middle income,Not classified
Cuba,CU,CUB,2025,,2026-07-01,NA,NA,Latin America & Caribbean,Havana,-82.3667,23.1333,Upper middle income,Not classified
Curacao,CW,CUW,2024,,2026-07-01,NA,NA,Latin America & Caribbean,Willemstad,,,High income,Not classified
Curacao,CW,CUW,2021,,2026-07-01,NA,NA,Latin America & Caribbean,Willemstad,,,High income,Not classified
Curacao,CW,CUW,2016,,2026-07-01,NA,NA,Latin America & Caribbean,Willemstad,,,High income,Not classified
Curacao,CW,CUW,2022,,2026-07-01,NA,NA,Latin America & Caribbean,Willemstad,,,High income,Not classified
Curacao,CW,CUW,2020,,2026-07-01,NA,NA,Latin America & Caribbean,Willemstad,,,High income,Not classified
Curacao,CW,CUW,2015,,2026-07-01,NA,NA,Latin America & Caribbean,Willemstad,,,High income,Not classified
Curacao,CW,CUW,2018,,2026-07-01,NA,NA,Latin America & Caribbean,Willemstad,,,High income,Not classified
Curacao,CW,CUW,2023,,2026-07-01,NA,NA,Latin America & Caribbean,Willemstad,,,High income,Not classified
Curacao,CW,CUW,2017,,2026-07-01,NA,NA,Latin America & Caribbean,Willemstad,,,High income,Not classified
Curacao,CW,CUW,2025,,2026-07-01,NA,NA,Latin America & Caribbean,Willemstad,,,High income,Not classified
Curacao,CW,CUW,2019,,2026-07-01,NA,NA,Latin America & Caribbean,Willemstad,,,High income,Not classified
Cyprus,CY,CYP,2024,,2026-07-01,NA,NA,Europe & Central Asia,Nicosia,33.3736,35.1676,High income,Not classified
Cyprus,CY,CYP,2015,,2026-07-01,0.47529,994.37065,Europe & Central Asia,Nicosia,33.3736,35.1676,High income,Not classified
Cyprus,CY,CYP,2016,,2026-07-01,0.5197,1039.63583,Europe & Central Asia,Nicosia,33.3736,35.1676,High income,Not classified
Cyprus,CY,CYP,2022,,2026-07-01,0.70468,1681.07176,Europe & Central Asia,Nicosia,33.3736,35.1676,High income,Not classified
Cyprus,CY,CYP,2023,,2026-07-01,0.68145,1686.46822,Europe & Central Asia,Nicosia,33.3736,35.1676,High income,Not classified
Cyprus,CY,CYP,2018,,2026-07-01,0.61032,1385.15663,Europe & Central Asia,Nicosia,33.3736,35.1676,High income,Not classified
Cyprus,CY,CYP,2019,,2026-07-01,0.70269,1631.10513,Europe & Central Asia,Nicosia,33.3736,35.1676,High income,Not classified
Cyprus,CY,CYP,2025,,2026-07-01,NA,NA,Europe & Central Asia,Nicosia,33.3736,35.1676,High income,Not classified
Cyprus,CY,CYP,2017,,2026-07-01,0.54259,1188.67243,Europe & Central Asia,Nicosia,33.3736,35.1676,High income,Not classified
Cyprus,CY,CYP,2020,,2026-07-01,0.82581,1712.04604,Europe & Central Asia,Nicosia,33.3736,35.1676,High income,Not classified
Cyprus,CY,CYP,2021,,2026-07-01,0.77686,1707.8633,Europe & Central Asia,Nicosia,33.3736,35.1676,High income,Not classified
Czechia,CZ,CZE,2017,,2026-07-01,1.74513,3718.34571,Europe & Central Asia,Prague,14.4205,50.0878,High income,Not classified
Czechia,CZ,CZE,2019,,2026-07-01,1.89547,4027.58714,Europe & Central Asia,Prague,14.4205,50.0878,High income,Not classified
Czechia,CZ,CZE,2016,,2026-07-01,1.65411,3546.92776,Europe & Central Asia,Prague,14.4205,50.0878,High income,Not classified
Czechia,CZ,CZE,2022,,2026-07-01,1.89089,4696.6857,Europe & Central Asia,Prague,14.4205,50.0878,High income,Not classified
Czechia,CZ,CZE,2020,,2026-07-01,1.94537,4187.18471,Europe & Central Asia,Prague,14.4205,50.0878,High income,Not classified
Czechia,CZ,CZE,2018,,2026-07-01,1.87652,3906.6782,Europe & Central Asia,Prague,14.4205,50.0878,High income,Not classified
Czechia,CZ,CZE,2021,,2026-07-01,1.93302,4560.45106,Europe & Central Asia,Prague,14.4205,50.0878,High income,Not classified
Czechia,CZ,CZE,2023,,2026-07-01,1.83369,4504.58395,Europe & Central Asia,Prague,14.4205,50.0878,High income,Not classified
Czechia,CZ,CZE,2015,,2026-07-01,1.906,3619.16017,Europe & Central Asia,Prague,14.4205,50.0878,High income,Not classified
Czechia,CZ,CZE,2025,,2026-07-01,NA,NA,Europe & Central Asia,Prague,14.4205,50.0878,High income,Not classified
Czechia,CZ,CZE,2024,,2026-07-01,NA,NA,Europe & Central Asia,Prague,14.4205,50.0878,High income,Not classified
Denmark,DK,DNK,2020,,2026-07-01,2.96533,7651.2843,Europe & Central Asia,Copenhagen,12.5681,55.6763,High income,Not classified
Denmark,DK,DNK,2019,,2026-07-01,2.90605,7693.54905,Europe & Central Asia,Copenhagen,12.5681,55.6763,High income,Not classified
Denmark,DK,DNK,2023,,2026-07-01,3.04841,8837.51688,Europe & Central Asia,Copenhagen,12.5681,55.6763,High income,Not classified
Denmark,DK,DNK,2017,,2026-07-01,2.93576,7647.61749,Europe & Central Asia,Copenhagen,12.5681,55.6763,High income,Not classified
Denmark,DK,DNK,2018,,2026-07-01,2.97895,7597.52556,Europe & Central Asia,Copenhagen,12.5681,55.6763,High income,Not classified
Denmark,DK,DNK,2022,,2026-07-01,2.86709,9037.46818,Europe & Central Asia,Copenhagen,12.5681,55.6763,High income,Not classified
Denmark,DK,DNK,2021,,2026-07-01,2.74323,7708.2373,Europe & Central Asia,Copenhagen,12.5681,55.6763,High income,Not classified
Denmark,DK,DNK,2015,,2026-07-01,3.06422,7566.45783,Europe & Central Asia,Copenhagen,12.5681,55.6763,High income,Not classified
Denmark,DK,DNK,2024,,2026-07-01,NA,NA,Europe & Central Asia,Copenhagen,12.5681,55.6763,High income,Not classified
Denmark,DK,DNK,2016,,2026-07-01,3.10209,7852.0565,Europe & Central Asia,Copenhagen,12.5681,55.6763,High income,Not classified
Denmark,DK,DNK,2025,,2026-07-01,NA,NA,Europe & Central Asia,Copenhagen,12.5681,55.6763,High income,Not classified
Djibouti,DJ,DJI,2022,,2026-07-01,NA,NA,"Middle East, North Africa, Afghanistan & Pakistan",Djibouti,43.1425,11.5806,Lower middle income,IDA
Djibouti,DJ,DJI,2020,,2026-07-01,NA,NA,"Middle East, North Africa, Afghanistan & Pakistan",Djibouti,43.1425,11.5806,Lower middle income,IDA
Djibouti,DJ,DJI,2017,,2026-07-01,NA,NA,"Middle East, North Africa, Afghanistan & Pakistan",Djibouti,43.1425,11.5806,Lower middle income,IDA
Djibouti,DJ,DJI,2018,,2026-07-01,NA,NA,"Middle East, North Africa, Afghanistan & Pakistan",Djibouti,43.1425,11.5806,Lower middle income,IDA
Djibouti,DJ,DJI,2021,,2026-07-01,NA,NA,"Middle East, North Africa, Afghanistan & Pakistan",Djibouti,43.1425,11.5806,Lower middle income,IDA
Djibouti,DJ,DJI,2025,,2026-07-01,NA,NA,"Middle East, North Africa, Afghanistan & Pakistan",Djibouti,43.1425,11.5806,Lower middle income,IDA
Djibouti,DJ,DJI,2023,,2026-07-01,NA,NA,"Middle East, North Africa, Afghanistan & Pakistan",Djibouti,43.1425,11.5806,Lower middle income,IDA
Djibouti,DJ,DJI,2019,,2026-07-01,NA,NA,"Middle East, North Africa, Afghanistan & Pakistan",Djibouti,43.1425,11.5806,Lower middle income,IDA
Djibouti,DJ,DJI,2024,,2026-07-01,NA,NA,"Middle East, North Africa, Afghanistan & Pakistan",Djibouti,43.1425,11.5806,Lower middle income,IDA
Djibouti,DJ,DJI,2015,,2026-07-01,NA,NA,"Middle East, North Africa, Afghanistan & Pakistan",Djibouti,43.1425,11.5806,Lower middle income,IDA
Djibouti,DJ,DJI,2016,,2026-07-01,NA,NA,"Middle East, North Africa, Afghanistan & Pakistan",Djibouti,43.1425,11.5806,Lower middle income,IDA
Dominica,DM,DMA,2021,,2026-07-01,NA,NA,Latin America & Caribbean,Roseau,-61.39,15.2976,Upper middle income,Blend
Dominica,DM,DMA,2023,,2026-07-01,NA,NA,Latin America & Caribbean,Roseau,-61.39,15.2976,Upper middle income,Blend
Dominica,DM,DMA,2025,,2026-07-01,NA,NA,Latin America & Caribbean,Roseau,-61.39,15.2976,Upper middle income,Blend
Dominica,DM,DMA,2022,,2026-07-01,NA,NA,Latin America & Caribbean,Roseau,-61.39,15.2976,Upper middle income,Blend
Dominica,DM,DMA,2024,,2026-07-01,NA,NA,Latin America & Caribbean,Roseau,-61.39,15.2976,Upper middle income,Blend
Dominica,DM,DMA,2016,,2026-07-01,NA,NA,Latin America & Caribbean,Roseau,-61.39,15.2976,Upper middle income,Blend
Dominica,DM,DMA,2017,,2026-07-01,NA,NA,Latin America & Caribbean,Roseau,-61.39,15.2976,Upper middle income,Blend
Dominica,DM,DMA,2018,,2026-07-01,NA,NA,Latin America & Caribbean,Roseau,-61.39,15.2976,Upper middle income,Blend
Dominica,DM,DMA,2020,,2026-07-01,NA,NA,Latin America & Caribbean,Roseau,-61.39,15.2976,Upper middle income,Blend
Dominica,DM,DMA,2015,,2026-07-01,NA,NA,Latin America & Caribbean,Roseau,-61.39,15.2976,Upper middle income,Blend
Dominica,DM,DMA,2019,,2026-07-01,NA,NA,Latin America & Caribbean,Roseau,-61.39,15.2976,Upper middle income,Blend
Dominican Republic,DO,DOM,2025,,2026-07-01,NA,NA,Latin America & Caribbean,Santo Domingo,-69.8908,18.479,Upper middle income,IBRD
Dominican Republic,DO,DOM,2022,,2026-07-01,NA,20.03771,Latin America & Caribbean,Santo Domingo,-69.8908,18.479,Upper middle income,IBRD
Dominican Republic,DO,DOM,2015,,2026-07-01,NA,NA,Latin America & Caribbean,Santo Domingo,-69.8908,18.479,Upper middle income,IBRD
Dominican Republic,DO,DOM,2024,,2026-07-01,NA,NA,Latin America & Caribbean,Santo Domingo,-69.8908,18.479,Upper middle income,IBRD
Dominican Republic,DO,DOM,2017,,2026-07-01,NA,NA,Latin America & Caribbean,Santo Domingo,-69.8908,18.479,Upper middle income,IBRD
Dominican Republic,DO,DOM,2018,,2026-07-01,NA,NA,Latin America & Caribbean,Santo Domingo,-69.8908,18.479,Upper middle income,IBRD
Dominican Republic,DO,DOM,2023,,2026-07-01,NA,NA,Latin America & Caribbean,Santo Domingo,-69.8908,18.479,Upper middle income,IBRD
Dominican Republic,DO,DOM,2021,,2026-07-01,NA,23.40074,Latin America & Caribbean,Santo Domingo,-69.8908,18.479,Upper middle income,IBRD
Dominican Republic,DO,DOM,2019,,2026-07-01,NA,NA,Latin America & Caribbean,Santo Domingo,-69.8908,18.479,Upper middle income,IBRD
Dominican Republic,DO,DOM,2016,,2026-07-01,NA,NA,Latin America & Caribbean,Santo Domingo,-69.8908,18.479,Upper middle income,IBRD
Dominican Republic,DO,DOM,2020,,2026-07-01,NA,24.56941,Latin America & Caribbean,Santo Domingo,-69.8908,18.479,Upper middle income,IBRD
Early-demographic dividend,V2,EAR,2024,,2026-07-01,NA,NA,Aggregates,,,,Aggregates,Aggregates
Early-demographic dividend,V2,EAR,2016,,2026-07-01,0.752969757195789,NA,Aggregates,,,,Aggregates,Aggregates
Early-demographic dividend,V2,EAR,2019,,2026-07-01,0.740377199040134,NA,Aggregates,,,,Aggregates,Aggregates
Early-demographic dividend,V2,EAR,2018,,2026-07-01,0.737266646290267,333.318650897375,Aggregates,,,,Aggregates,Aggregates
Early-demographic dividend,V2,EAR,2015,,2026-07-01,0.719887001483297,309.51212176135,Aggregates,,,,Aggregates,Aggregates
Early-demographic dividend,V2,EAR,2023,,2026-07-01,NA,NA,Aggregates,,,,Aggregates,Aggregates
Early-demographic dividend,V2,EAR,2020,,2026-07-01,0.801477422530873,387.500033165787,Aggregates,,,,Aggregates,Aggregates
Early-demographic dividend,V2,EAR,2017,,2026-07-01,0.717102657020471,NA,Aggregates,,,,Aggregates,Aggregates
Early-demographic dividend,V2,EAR,2025,,2026-07-01,NA,NA,Aggregates,,,,Aggregates,Aggregates
Early-demographic dividend,V2,EAR,2021,,2026-07-01,NA,NA,Aggregates,,,,Aggregates,Aggregates
Early-demographic dividend,V2,EAR,2022,,2026-07-01,NA,NA,Aggregates,,,,Aggregates,Aggregates
East Asia & Pacific,Z4,EAS,2022,,2026-07-01,2.71717559947169,2303.74260668321,Aggregates,,,,Aggregates,Aggregates
East Asia & Pacific,Z4,EAS,2021,,2026-07-01,2.57649455499986,2102.76422465004,Aggregates,,,,Aggregates,Aggregates
East Asia & Pacific,Z4,EAS,2019,,2026-07-01,2.33385397245774,1649.47322719642,Aggregates,,,,Aggregates,Aggregates
East Asia & Pacific,Z4,EAS,2017,,2026-07-01,2.28803085567583,1489.63812290506,Aggregates,,,,Aggregates,Aggregates
East Asia & Pacific,Z4,EAS,2023,,2026-07-01,2.77833006240947,2425.95089239463,Aggregates,,,,Aggregates,Aggregates
East Asia & Pacific,Z4,EAS,2018,,2026-07-01,2.32503653024289,1537.04680443279,Aggregates,,,,Aggregates,Aggregates
East Asia & Pacific,Z4,EAS,2016,,2026-07-01,2.30888797558082,1522.18771268532,Aggregates,,,,Aggregates,Aggregates
East Asia & Pacific,Z4,EAS,2020,,2026-07-01,2.50733914272744,1759.9835315134,Aggregates,,,,Aggregates,Aggregates
East Asia & Pacific,Z4,EAS,2025,,2026-07-01,NA,NA,Aggregates,,,,Aggregates,Aggregates
East Asia & Pacific,Z4,EAS,2015,,2026-07-01,2.29342659835787,1543.15542304269,Aggregates,,,,Aggregates,Aggregates
East Asia & Pacific,Z4,EAS,2024,,2026-07-01,NA,NA,Aggregates,,,,Aggregates,Aggregates
East Asia & Pacific (excluding high income),4E,EAP,2018,,2026-07-01,1.88271981025066,1092.61398843962,Aggregates,,,,Aggregates,Aggregates
East Asia & Pacific (excluding high income),4E,EAP,2017,,2026-07-01,1.87006122731623,1033.74202275589,Aggregates,,,,Aggregates,Aggregates
East Asia & Pacific (excluding high income),4E,EAP,2016,,2026-07-01,1.87088501634354,1067.2876605696,Aggregates,,,,Aggregates,Aggregates
East Asia & Pacific (excluding high income),4E,EAP,2015,,2026-07-01,1.87217417493176,1067.01889080476,Aggregates,,,,Aggregates,Aggregates
East Asia & Pacific (excluding high income),4E,EAP,2020,,2026-07-01,2.11819098023791,1313.50010006214,Aggregates,,,,Aggregates,Aggregates
East Asia & Pacific (excluding high income),4E,EAP,2021,,2026-07-01,2.30357679372756,1574.67143354107,Aggregates,,,,Aggregates,Aggregates
East Asia & Pacific (excluding high income),4E,EAP,2019,,2026-07-01,1.95159268838599,1206.30652242499,Aggregates,,,,Aggregates,Aggregates
East Asia & Pacific (excluding high income),4E,EAP,2022,,2026-07-01,2.41879972397241,1770.92813324062,Aggregates,,,,Aggregates,Aggregates
East Asia & Pacific (excluding high income),4E,EAP,2023,,2026-07-01,2.47582029067574,1938.0043224953,Aggregates,,,,Aggregates,Aggregates
East Asia & Pacific (excluding high income),4E,EAP,2024,,2026-07-01,NA,NA,Aggregates,,,,Aggregates,Aggregates
East Asia & Pacific (excluding high income),4E,EAP,2025,,2026-07-01,NA,NA,Aggregates,,,,Aggregates,Aggregates
East Asia & Pacific (IDA & IBRD countries),T4,TEA,2017,,2026-07-01,1.87006122731623,1033.74202275589,Aggregates,,,,Aggregates,Aggregates
East Asia & Pacific (IDA & IBRD countries),T4,TEA,2020,,2026-07-01,2.11819098023791,1313.50010006214,Aggregates,,,,Aggregates,Aggregates
East Asia & Pacific (IDA & IBRD countries),T4,TEA,2023,,2026-07-01,2.47582029067574,1938.0043224953,Aggregates,,,,Aggregates,Aggregates
East Asia & Pacific (IDA & IBRD countries),T4,TEA,2019,,2026-07-01,1.95159268838599,1206.30652242499,Aggregates,,,,Aggregates,Aggregates
East Asia & Pacific (IDA & IBRD countries),T4,TEA,2018,,2026-07-01,1.88271981025066,1092.61398843962,Aggregates,,,,Aggregates,Aggregates
East Asia & Pacific (IDA & IBRD countries),T4,TEA,2016,,2026-07-01,1.87088501634354,1067.2876605696,Aggregates,,,,Aggregates,Aggregates
East Asia & Pacific (IDA & IBRD countries),T4,TEA,2021,,2026-07-01,2.30357679372756,1574.67143354107,Aggregates,,,,Aggregates,Aggregates
East Asia & Pacific (IDA & IBRD countries),T4,TEA,2015,,2026-07-01,1.87217417493176,1067.01889080476,Aggregates,,,,Aggregates,Aggregates
East Asia & Pacific (IDA & IBRD countries),T4,TEA,2022,,2026-07-01,2.41879972397241,1770.92813324062,Aggregates,,,,Aggregates,Aggregates
East Asia & Pacific (IDA & IBRD countries),T4,TEA,2024,,2026-07-01,NA,NA,Aggregates,,,,Aggregates,Aggregates
East Asia & Pacific (IDA & IBRD countries),T4,TEA,2025,,2026-07-01,NA,NA,Aggregates,,,,Aggregates,Aggregates
Ecuador,EC,ECU,2024,,2026-07-01,NA,NA,Latin America & Caribbean,Quito,-78.5243,-0.229498,Upper middle income,IBRD
Ecuador,EC,ECU,2020,,2026-07-01,NA,NA,Latin America & Caribbean,Quito,-78.5243,-0.229498,Upper middle income,IBRD
Ecuador,EC,ECU,2021,,2026-07-01,NA,NA,Latin America & Caribbean,Quito,-78.5243,-0.229498,Upper middle income,IBRD
Ecuador,EC,ECU,2016,,2026-07-01,NA,NA,Latin America & Caribbean,Quito,-78.5243,-0.229498,Upper middle income,IBRD
Ecuador,EC,ECU,2018,,2026-07-01,NA,NA,Latin America & Caribbean,Quito,-78.5243,-0.229498,Upper middle income,IBRD
Ecuador,EC,ECU,2017,,2026-07-01,NA,NA,Latin America & Caribbean,Quito,-78.5243,-0.229498,Upper middle income,IBRD
Ecuador,EC,ECU,2015,,2026-07-01,NA,NA,Latin America & Caribbean,Quito,-78.5243,-0.229498,Upper middle income,IBRD
Ecuador,EC,ECU,2023,,2026-07-01,NA,NA,Latin America & Caribbean,Quito,-78.5243,-0.229498,Upper middle income,IBRD
Ecuador,EC,ECU,2019,,2026-07-01,NA,NA,Latin America & Caribbean,Quito,-78.5243,-0.229498,Upper middle income,IBRD
Ecuador,EC,ECU,2022,,2026-07-01,NA,NA,Latin America & Caribbean,Quito,-78.5243,-0.229498,Upper middle income,IBRD
Ecuador,EC,ECU,2025,,2026-07-01,NA,NA,Latin America & Caribbean,Quito,-78.5243,-0.229498,Upper middle income,IBRD
"Egypt, Arab Rep.",EG,EGY,2023,,2026-07-01,1.03356,845.3181,"Middle East, North Africa, Afghanistan & Pakistan",Cairo,31.2461,30.0982,Lower middle income,IBRD
"Egypt, Arab Rep.",EG,EGY,2024,,2026-07-01,1.01757,1120.22393,"Middle East, North Africa, Afghanistan & Pakistan",Cairo,31.2461,30.0982,Lower middle income,IBRD
"Egypt, Arab Rep.",EG,EGY,2016,,2026-07-01,0.70848,646.99675,"Middle East, North Africa, Afghanistan & Pakistan",Cairo,31.2461,30.0982,Lower middle income,IBRD
"Egypt, Arab Rep.",EG,EGY,2015,,2026-07-01,0.71858,631.04334,"Middle East, North Africa, Afghanistan & Pakistan",Cairo,31.2461,30.0982,Lower middle income,IBRD
"Egypt, Arab Rep.",EG,EGY,2025,,2026-07-01,NA,NA,"Middle East, North Africa, Afghanistan & Pakistan",Cairo,31.2461,30.0982,Lower middle income,IBRD
"Egypt, Arab Rep.",EG,EGY,2022,,2026-07-01,1.01968,829.2751,"Middle East, North Africa, Afghanistan & Pakistan",Cairo,31.2461,30.0982,Lower middle income,IBRD
"Egypt, Arab Rep.",EG,EGY,2018,,2026-07-01,0.68839,645.44342,"Middle East, North Africa, Afghanistan & Pakistan",Cairo,31.2461,30.0982,Lower middle income,IBRD
"Egypt, Arab Rep.",EG,EGY,2019,,2026-07-01,0.79617,776.5619,"Middle East, North Africa, Afghanistan & Pakistan",Cairo,31.2461,30.0982,Lower middle income,IBRD
"Egypt, Arab Rep.",EG,EGY,2021,,2026-07-01,0.91175,808.43512,"Middle East, North Africa, Afghanistan & Pakistan",Cairo,31.2461,30.0982,Lower middle income,IBRD
"Egypt, Arab Rep.",EG,EGY,2017,,2026-07-01,0.64486,636.00218,"Middle East, North Africa, Afghanistan & Pakistan",Cairo,31.2461,30.0982,Lower middle income,IBRD
"Egypt, Arab Rep.",EG,EGY,2020,,2026-07-01,0.91564,790.65531,"Middle East, North Africa, Afghanistan & Pakistan",Cairo,31.2461,30.0982,Lower middle income,IBRD
El Salvador,SV,SLV,2018,,2026-07-01,0.16531,73.49466,Latin America & Caribbean,San Salvador,-89.2073,13.7034,Upper middle income,IBRD
El Salvador,SV,SLV,2020,,2026-07-01,0.16299,59.77671,Latin America & Caribbean,San Salvador,-89.2073,13.7034,Upper middle income,IBRD
El Salvador,SV,SLV,2016,,2026-07-01,0.14493,67.49915,Latin America & Caribbean,San Salvador,-89.2073,13.7034,Upper middle income,IBRD
El Salvador,SV,SLV,2017,,2026-07-01,0.18078,65.55077,Latin America & Caribbean,San Salvador,-89.2073,13.7034,Upper middle income,IBRD
El Salvador,SV,SLV,2023,,2026-07-01,0.10152,55.47028,Latin America & Caribbean,San Salvador,-89.2073,13.7034,Upper middle income,IBRD
El Salvador,SV,SLV,2021,,2026-07-01,0.16252,65.31984,Latin America & Caribbean,San Salvador,-89.2073,13.7034,Upper middle income,IBRD
El Salvador,SV,SLV,2015,,2026-07-01,0.14348,64.78066,Latin America & Caribbean,San Salvador,-89.2073,13.7034,Upper middle income,IBRD
El Salvador,SV,SLV,2019,,2026-07-01,0.17477,75.70551,Latin America & Caribbean,San Salvador,-89.2073,13.7034,Upper middle income,IBRD
El Salvador,SV,SLV,2024,,2026-07-01,NA,NA,Latin America & Caribbean,San Salvador,-89.2073,13.7034,Upper middle income,IBRD
El Salvador,SV,SLV,2025,,2026-07-01,NA,NA,Latin America & Caribbean,San Salvador,-89.2073,13.7034,Upper middle income,IBRD
El Salvador,SV,SLV,2022,,2026-07-01,0.14333,57.61826,Latin America & Caribbean,San Salvador,-89.2073,13.7034,Upper middle income,IBRD
Equatorial Guinea,GQ,GNQ,2021,,2026-07-01,NA,NA,Sub-Saharan Africa,Malabo,8.7741,3.7523,Upper middle income,IBRD
Equatorial Guinea,GQ,GNQ,2020,,2026-07-01,NA,NA,Sub-Saharan Africa,Malabo,8.7741,3.7523,Upper middle income,IBRD
Equatorial Guinea,GQ,GNQ,2019,,2026-07-01,NA,NA,Sub-Saharan Africa,Malabo,8.7741,3.7523,Upper middle income,IBRD
Equatorial Guinea,GQ,GNQ,2016,,2026-07-01,NA,NA,Sub-Saharan Africa,Malabo,8.7741,3.7523,Upper middle income,IBRD
Equatorial Guinea,GQ,GNQ,2018,,2026-07-01,NA,NA,Sub-Saharan Africa,Malabo,8.7741,3.7523,Upper middle income,IBRD
Equatorial Guinea,GQ,GNQ,2022,,2026-07-01,NA,NA,Sub-Saharan Africa,Malabo,8.7741,3.7523,Upper middle income,IBRD
Equatorial Guinea,GQ,GNQ,2023,,2026-07-01,NA,NA,Sub-Saharan Africa,Malabo,8.7741,3.7523,Upper middle income,IBRD
Equatorial Guinea,GQ,GNQ,2017,,2026-07-01,NA,NA,Sub-Saharan Africa,Malabo,8.7741,3.7523,Upper middle income,IBRD
Equatorial Guinea,GQ,GNQ,2024,,2026-07-01,NA,NA,Sub-Saharan Africa,Malabo,8.7741,3.7523,Upper middle income,IBRD
Equatorial Guinea,GQ,GNQ,2025,,2026-07-01,NA,NA,Sub-Saharan Africa,Malabo,8.7741,3.7523,Upper middle income,IBRD
Equatorial Guinea,GQ,GNQ,2015,,2026-07-01,NA,NA,Sub-Saharan Africa,Malabo,8.7741,3.7523,Upper middle income,IBRD
Eritrea,ER,ERI,2020,,2026-07-01,NA,NA,Sub-Saharan Africa,Asmara,38.9183,15.3315,Low income,IDA
Eritrea,ER,ERI,2018,,2026-07-01,NA,NA,Sub-Saharan Africa,Asmara,38.9183,15.3315,Low income,IDA
Eritrea,ER,ERI,2017,,2026-07-01,NA,NA,Sub-Saharan Africa,Asmara,38.9183,15.3315,Low income,IDA
Eritrea,ER,ERI,2023,,2026-07-01,NA,NA,Sub-Saharan Africa,Asmara,38.9183,15.3315,Low income,IDA
Eritrea,ER,ERI,2022,,2026-07-01,NA,NA,Sub-Saharan Africa,Asmara,38.9183,15.3315,Low income,IDA
Eritrea,ER,ERI,2025,,2026-07-01,NA,NA,Sub-Saharan Africa,Asmara,38.9183,15.3315,Low income,IDA
Eritrea,ER,ERI,2016,,2026-07-01,NA,NA,Sub-Saharan Africa,Asmara,38.9183,15.3315,Low income,IDA
Eritrea,ER,ERI,2019,,2026-07-01,NA,NA,Sub-Saharan Africa,Asmara,38.9183,15.3315,Low income,IDA
Eritrea,ER,ERI,2021,,2026-07-01,NA,NA,Sub-Saharan Africa,Asmara,38.9183,15.3315,Low income,IDA
Eritrea,ER,ERI,2015,,2026-07-01,NA,NA,Sub-Saharan Africa,Asmara,38.9183,15.3315,Low income,IDA
Eritrea,ER,ERI,2024,,2026-07-01,NA,NA,Sub-Saharan Africa,Asmara,38.9183,15.3315,Low income,IDA
Estonia,EE,EST,2015,,2026-07-01,1.44125,3188.49188,Europe & Central Asia,Tallinn,24.7586,59.4392,High income,Not classified
Estonia,EE,EST,2022,,2026-07-01,1.76094,4654.85436,Europe & Central Asia,Tallinn,24.7586,59.4392,High income,Not classified
Estonia,EE,EST,2024,,2026-07-01,NA,NA,Europe & Central Asia,Tallinn,24.7586,59.4392,High income,Not classified
Estonia,EE,EST,2018,,2026-07-01,1.38298,3766.08146,Europe & Central Asia,Tallinn,24.7586,59.4392,High income,Not classified
Estonia,EE,EST,2020,,2026-07-01,1.72614,3836.37969,Europe & Central Asia,Tallinn,24.7586,59.4392,High income,Not classified
Estonia,EE,EST,2021,,2026-07-01,1.75152,4036.13127,Europe & Central Asia,Tallinn,24.7586,59.4392,High income,Not classified
Estonia,EE,EST,2023,,2026-07-01,1.83878,4800.4412,Europe & Central Asia,Tallinn,24.7586,59.4392,High income,Not classified
Estonia,EE,EST,2019,,2026-07-01,1.59093,3770.42028,Europe & Central Asia,Tallinn,24.7586,59.4392,High income,Not classified
Estonia,EE,EST,2016,,2026-07-01,1.21835,3296.37262,Europe & Central Asia,Tallinn,24.7586,59.4392,High income,Not classified
Estonia,EE,EST,2025,,2026-07-01,NA,NA,Europe & Central Asia,Tallinn,24.7586,59.4392,High income,Not classified
Estonia,EE,EST,2017,,2026-07-01,1.25152,3552.46537,Europe & Central Asia,Tallinn,24.7586,59.4392,High income,Not classified
Eswatini,SZ,SWZ,2015,,2026-07-01,0.27807,137.91577,Sub-Saharan Africa,Mbabane,31.4659,-26.5225,Lower middle income,Blend
Eswatini,SZ,SWZ,2018,,2026-07-01,NA,NA,Sub-Saharan Africa,Mbabane,31.4659,-26.5225,Lower middle income,Blend
Eswatini,SZ,SWZ,2016,,2026-07-01,NA,NA,Sub-Saharan Africa,Mbabane,31.4659,-26.5225,Lower middle income,Blend
Eswatini,SZ,SWZ,2025,,2026-07-01,NA,NA,Sub-Saharan Africa,Mbabane,31.4659,-26.5225,Lower middle income,Blend
Eswatini,SZ,SWZ,2022,,2026-07-01,NA,NA,Sub-Saharan Africa,Mbabane,31.4659,-26.5225,Lower middle income,Blend
Eswatini,SZ,SWZ,2019,,2026-07-01,NA,NA,Sub-Saharan Africa,Mbabane,31.4659,-26.5225,Lower middle income,Blend
Eswatini,SZ,SWZ,2023,,2026-07-01,NA,NA,Sub-Saharan Africa,Mbabane,31.4659,-26.5225,Lower middle income,Blend
Eswatini,SZ,SWZ,2024,,2026-07-01,NA,NA,Sub-Saharan Africa,Mbabane,31.4659,-26.5225,Lower middle income,Blend
Eswatini,SZ,SWZ,2020,,2026-07-01,NA,NA,Sub-Saharan Africa,Mbabane,31.4659,-26.5225,Lower middle income,Blend
Eswatini,SZ,SWZ,2017,,2026-07-01,NA,NA,Sub-Saharan Africa,Mbabane,31.4659,-26.5225,Lower middle income,Blend
Eswatini,SZ,SWZ,2021,,2026-07-01,NA,NA,Sub-Saharan Africa,Mbabane,31.4659,-26.5225,Lower middle income,Blend
Ethiopia,ET,ETH,2017,,2026-07-01,0.27437,89.03843,Sub-Saharan Africa,Addis Ababa,38.7468,9.02274,Not classified,IDA
Ethiopia,ET,ETH,2015,,2026-07-01,NA,NA,Sub-Saharan Africa,Addis Ababa,38.7468,9.02274,Not classified,IDA
Ethiopia,ET,ETH,2016,,2026-07-01,NA,NA,Sub-Saharan Africa,Addis Ababa,38.7468,9.02274,Not classified,IDA
Ethiopia,ET,ETH,2018,,2026-07-01,NA,NA,Sub-Saharan Africa,Addis Ababa,38.7468,9.02274,Not classified,IDA
Ethiopia,ET,ETH,2019,,2026-07-01,NA,NA,Sub-Saharan Africa,Addis Ababa,38.7468,9.02274,Not classified,IDA
Ethiopia,ET,ETH,2023,,2026-07-01,NA,NA,Sub-Saharan Africa,Addis Ababa,38.7468,9.02274,Not classified,IDA
Ethiopia,ET,ETH,2020,,2026-07-01,NA,NA,Sub-Saharan Africa,Addis Ababa,38.7468,9.02274,Not classified,IDA
Ethiopia,ET,ETH,2021,,2026-07-01,NA,NA,Sub-Saharan Africa,Addis Ababa,38.7468,9.02274,Not classified,IDA
Ethiopia,ET,ETH,2025,,2026-07-01,NA,NA,Sub-Saharan Africa,Addis Ababa,38.7468,9.02274,Not classified,IDA
Ethiopia,ET,ETH,2024,,2026-07-01,NA,NA,Sub-Saharan Africa,Addis Ababa,38.7468,9.02274,Not classified,IDA
Ethiopia,ET,ETH,2022,,2026-07-01,NA,NA,Sub-Saharan Africa,Addis Ababa,38.7468,9.02274,Not classified,IDA
Euro area,XC,EMU,2016,,2026-07-01,2.1135197397057,3807.27086877361,Aggregates,,,,Aggregates,Aggregates
Euro area,XC,EMU,2018,,2026-07-01,2.18550599898237,4134.83336835665,Aggregates,,,,Aggregates,Aggregates
Euro area,XC,EMU,2022,,2026-07-01,2.25107966461214,4715.39073707354,Aggregates,,,,Aggregates,Aggregates
Euro area,XC,EMU,2019,,2026-07-01,2.2280734958391,4289.46622270076,Aggregates,,,,Aggregates,Aggregates
Euro area,XC,EMU,2017,,2026-07-01,2.15252636077938,3972.88838963389,Aggregates,,,,Aggregates,Aggregates
Euro area,XC,EMU,2021,,2026-07-01,2.25891301253763,4505.51527615713,Aggregates,,,,Aggregates,Aggregates
Euro area,XC,EMU,2025,,2026-07-01,NA,NA,Aggregates,,,,Aggregates,Aggregates
Euro area,XC,EMU,2015,,2026-07-01,2.10986340300616,3714.16185725243,Aggregates,,,,Aggregates,Aggregates
Euro area,XC,EMU,2020,,2026-07-01,2.30052592343969,4345.34841525604,Aggregates,,,,Aggregates,Aggregates
Euro area,XC,EMU,2024,,2026-07-01,NA,NA,Aggregates,,,,Aggregates,Aggregates
Euro area,XC,EMU,2023,,2026-07-01,2.2895144565081,4867.25965988144,Aggregates,,,,Aggregates,Aggregates
Europe & Central Asia,Z7,ECS,2021,,2026-07-01,2.16876429997001,3323.18838012795,Aggregates,,,,Aggregates,Aggregates
Europe & Central Asia,Z7,ECS,2020,,2026-07-01,2.18817615139881,3191.23976418743,Aggregates,,,,Aggregates,Aggregates
Europe & Central Asia,Z7,ECS,2018,,2026-07-01,2.06483077448666,3093.42043921991,Aggregates,,,,Aggregates,Aggregates
Europe & Central Asia,Z7,ECS,2024,,2026-07-01,NA,NA,Aggregates,,,,Aggregates,Aggregates
Europe & Central Asia,Z7,ECS,2017,,2026-07-01,2.02586405984117,3129.08737537611,Aggregates,,,,Aggregates,Aggregates
Europe & Central Asia,Z7,ECS,2015,,2026-07-01,1.98733152641102,2992.50476608106,Aggregates,,,,Aggregates,Aggregates
Europe & Central Asia,Z7,ECS,2016,,2026-07-01,1.972025181027,3011.62363524561,Aggregates,,,,Aggregates,Aggregates
Europe & Central Asia,Z7,ECS,2019,,2026-07-01,2.12147731454218,3181.20421912767,Aggregates,,,,Aggregates,Aggregates
Europe & Central Asia,Z7,ECS,2023,,2026-07-01,2.14079503057383,3714.74504691062,Aggregates,,,,Aggregates,Aggregates
Europe & Central Asia,Z7,ECS,2025,,2026-07-01,NA,NA,Aggregates,,,,Aggregates,Aggregates
Europe & Central Asia,Z7,ECS,2022,,2026-07-01,2.05658823763358,3439.95127055339,Aggregates,,,,Aggregates,Aggregates
Europe & Central Asia (excluding high income),7E,ECA,2019,,2026-07-01,0.837734371196345,1211.18486549031,Aggregates,,,,Aggregates,Aggregates
Europe & Central Asia (excluding high income),7E,ECA,2018,,2026-07-01,0.837659801285922,1155.87537683556,Aggregates,,,,Aggregates,Aggregates
Europe & Central Asia (excluding high income),7E,ECA,2021,,2026-07-01,0.864415852216202,1387.41057314645,Aggregates,,,,Aggregates,Aggregates
Europe & Central Asia (excluding high income),7E,ECA,2022,,2026-07-01,0.813950450351487,1472.35163852004,Aggregates,,,,Aggregates,Aggregates
Europe & Central Asia (excluding high income),7E,ECA,2023,,2026-07-01,0.904770346010955,1773.09596628811,Aggregates,,,,Aggregates,Aggregates
Europe & Central Asia (excluding high income),7E,ECA,2017,,2026-07-01,0.811464458952922,1089.14559968975,Aggregates,,,,Aggregates,Aggregates
Europe & Central Asia (excluding high income),7E,ECA,2020,,2026-07-01,0.860491599868224,1310.15463772479,Aggregates,,,,Aggregates,Aggregates
Europe & Central Asia (excluding high income),7E,ECA,2025,,2026-07-01,NA,NA,Aggregates,,,,Aggregates,Aggregates
Europe & Central Asia (excluding high income),7E,ECA,2015,,2026-07-01,0.689650529447458,987.035601539407,Aggregates,,,,Aggregates,Aggregates
Europe & Central Asia (excluding high income),7E,ECA,2016,,2026-07-01,0.797000746678989,1042.01213404802,Aggregates,,,,Aggregates,Aggregates
Europe & Central Asia (excluding high income),7E,ECA,2024,,2026-07-01,NA,NA,Aggregates,,,,Aggregates,Aggregates
Europe & Central Asia (IDA & IBRD countries),T7,TEC,2023,,2026-07-01,0.993324007184082,2258.09635076527,Aggregates,,,,Aggregates,Aggregates
Europe & Central Asia (IDA & IBRD countries),T7,TEC,2021,,2026-07-01,0.966865197619736,1998.99286844993,Aggregates,,,,Aggregates,Aggregates
Europe & Central Asia (IDA & IBRD countries),T7,TEC,2020,,2026-07-01,1.00845409233774,1960.00631372005,Aggregates,,,,Aggregates,Aggregates
Europe & Central Asia (IDA & IBRD countries),T7,TEC,2019,,2026-07-01,0.968313707742464,1924.46708772711,Aggregates,,,,Aggregates,Aggregates
Europe & Central Asia (IDA & IBRD countries),T7,TEC,2022,,2026-07-01,0.928838565644767,2061.74716421767,Aggregates,,,,Aggregates,Aggregates
Europe & Central Asia (IDA & IBRD countries),T7,TEC,2015,,2026-07-01,0.880670374935927,1864.71164200667,Aggregates,,,,Aggregates,Aggregates
Europe & Central Asia (IDA & IBRD countries),T7,TEC,2016,,2026-07-01,0.915249173262369,1859.08193157961,Aggregates,,,,Aggregates,Aggregates
Europe & Central Asia (IDA & IBRD countries),T7,TEC,2017,,2026-07-01,0.944309610200855,1892.97132064413,Aggregates,,,,Aggregates,Aggregates
Europe & Central Asia (IDA & IBRD countries),T7,TEC,2018,,2026-07-01,0.93200573035798,1920.02987562621,Aggregates,,,,Aggregates,Aggregates
Europe & Central Asia (IDA & IBRD countries),T7,TEC,2024,,2026-07-01,NA,NA,Aggregates,,,,Aggregates,Aggregates
Europe & Central Asia (IDA & IBRD countries),T7,TEC,2025,,2026-07-01,NA,NA,Aggregates,,,,Aggregates,Aggregates
European Union,EU,EUU,2025,,2026-07-01,NA,NA,Aggregates,,,,Aggregates,Aggregates
European Union,EU,EUU,2024,,2026-07-01,NA,NA,Aggregates,,,,Aggregates,Aggregates
European Union,EU,EUU,2015,,2026-07-01,2.10239096009599,3545.25312124006,Aggregates,,,,Aggregates,Aggregates
European Union,EU,EUU,2016,,2026-07-01,2.10185669802771,3644.99639484681,Aggregates,,,,Aggregates,Aggregates
European Union,EU,EUU,2023,,2026-07-01,2.26277335792334,4741.41445146904,Aggregates,,,,Aggregates,Aggregates
European Union,EU,EUU,2022,,2026-07-01,2.22738255907949,4624.03920217067,Aggregates,,,,Aggregates,Aggregates
European Union,EU,EUU,2018,,2026-07-01,2.16898015703787,4011.05339555068,Aggregates,,,,Aggregates,Aggregates
European Union,EU,EUU,2019,,2026-07-01,2.20604524104576,4156.305722486,Aggregates,,,,Aggregates,Aggregates
European Union,EU,EUU,2021,,2026-07-01,2.23759475780294,4403.78261847478,Aggregates,,,,Aggregates,Aggregates
European Union,EU,EUU,2017,,2026-07-01,2.13740034854764,3847.42851006671,Aggregates,,,,Aggregates,Aggregates
European Union,EU,EUU,2020,,2026-07-01,2.27883471874776,4225.10475817582,Aggregates,,,,Aggregates,Aggregates
Faroe Islands,FO,FRO,2018,,2026-07-01,NA,NA,Europe & Central Asia,Torshavn,-6.91181,61.8926,High income,Not classified
Faroe Islands,FO,FRO,2020,,2026-07-01,NA,NA,Europe & Central Asia,Torshavn,-6.91181,61.8926,High income,Not classified
Faroe Islands,FO,FRO,2016,,2026-07-01,NA,NA,Europe & Central Asia,Torshavn,-6.91181,61.8926,High income,Not classified
Faroe Islands,FO,FRO,2017,,2026-07-01,NA,NA,Europe & Central Asia,Torshavn,-6.91181,61.8926,High income,Not classified
Faroe Islands,FO,FRO,2023,,2026-07-01,NA,NA,Europe & Central Asia,Torshavn,-6.91181,61.8926,High income,Not classified
Faroe Islands,FO,FRO,2021,,2026-07-01,NA,NA,Europe & Central Asia,Torshavn,-6.91181,61.8926,High income,Not classified
Faroe Islands,FO,FRO,2019,,2026-07-01,NA,NA,Europe & Central Asia,Torshavn,-6.91181,61.8926,High income,Not classified
Faroe Islands,FO,FRO,2015,,2026-07-01,NA,NA,Europe & Central Asia,Torshavn,-6.91181,61.8926,High income,Not classified
Faroe Islands,FO,FRO,2024,,2026-07-01,NA,NA,Europe & Central Asia,Torshavn,-6.91181,61.8926,High income,Not classified
Faroe Islands,FO,FRO,2025,,2026-07-01,NA,NA,Europe & Central Asia,Torshavn,-6.91181,61.8926,High income,Not classified
Faroe Islands,FO,FRO,2022,,2026-07-01,NA,NA,Europe & Central Asia,Torshavn,-6.91181,61.8926,High income,Not classified
Fiji,FJ,FJI,2021,,2026-07-01,NA,NA,East Asia & Pacific,Suva,178.399,-18.1149,Upper middle income,Blend
Fiji,FJ,FJI,2020,,2026-07-01,NA,NA,East Asia & Pacific,Suva,178.399,-18.1149,Upper middle income,Blend
Fiji,FJ,FJI,2019,,2026-07-01,NA,NA,East Asia & Pacific,Suva,178.399,-18.1149,Upper middle income,Blend
Fiji,FJ,FJI,2016,,2026-07-01,NA,NA,East Asia & Pacific,Suva,178.399,-18.1149,Upper middle income,Blend
Fiji,FJ,FJI,2022,,2026-07-01,NA,NA,East Asia & Pacific,Suva,178.399,-18.1149,Upper middle income,Blend
Fiji,FJ,FJI,2018,,2026-07-01,NA,NA,East Asia & Pacific,Suva,178.399,-18.1149,Upper middle income,Blend
Fiji,FJ,FJI,2024,,2026-07-01,NA,NA,East Asia & Pacific,Suva,178.399,-18.1149,Upper middle income,Blend
Fiji,FJ,FJI,2023,,2026-07-01,NA,NA,East Asia & Pacific,Suva,178.399,-18.1149,Upper middle income,Blend
Fiji,FJ,FJI,2017,,2026-07-01,NA,NA,East Asia & Pacific,Suva,178.399,-18.1149,Upper middle income,Blend
Fiji,FJ,FJI,2025,,2026-07-01,NA,NA,East Asia & Pacific,Suva,178.399,-18.1149,Upper middle income,Blend
Fiji,FJ,FJI,2015,,2026-07-01,NA,NA,East Asia & Pacific,Suva,178.399,-18.1149,Upper middle income,Blend
Finland,FI,FIN,2020,,2026-07-01,2.93278,7548.32504,Europe & Central Asia,Helsinki,24.9525,60.1608,High income,Not classified
Finland,FI,FIN,2023,,2026-07-01,3.0938,8314.89822,Europe & Central Asia,Helsinki,24.9525,60.1608,High income,Not classified
Finland,FI,FIN,2017,,2026-07-01,2.74723,6731.45341,Europe & Central Asia,Helsinki,24.9525,60.1608,High income,Not classified
Finland,FI,FIN,2019,,2026-07-01,2.81534,7245.85837,Europe & Central Asia,Helsinki,24.9525,60.1608,High income,Not classified
Finland,FI,FIN,2022,,2026-07-01,2.982,8073.32591,Europe & Central Asia,Helsinki,24.9525,60.1608,High income,Not classified
Finland,FI,FIN,2025,,2026-07-01,NA,NA,Europe & Central Asia,Helsinki,24.9525,60.1608,High income,Not classified
Finland,FI,FIN,2016,,2026-07-01,2.74716,6543.69993,Europe & Central Asia,Helsinki,24.9525,60.1608,High income,Not classified
Finland,FI,FIN,2024,,2026-07-01,NA,NA,Europe & Central Asia,Helsinki,24.9525,60.1608,High income,Not classified
Finland,FI,FIN,2021,,2026-07-01,3.01133,7870.42868,Europe & Central Asia,Helsinki,24.9525,60.1608,High income,Not classified
Finland,FI,FIN,2015,,2026-07-01,2.88826,6855.97138,Europe & Central Asia,Helsinki,24.9525,60.1608,High income,Not classified
Finland,FI,FIN,2018,,2026-07-01,2.77601,6872.68968,Europe & Central Asia,Helsinki,24.9525,60.1608,High income,Not classified
France,FR,FRA,2015,,2026-07-01,2.22401,4310.70957,Europe & Central Asia,Paris,2.35097,48.8566,High income,Not classified
France,FR,FRA,2022,,2026-07-01,2.21937,5181.84576,Europe & Central Asia,Paris,2.35097,48.8566,High income,Not classified
France,FR,FRA,2023,,2026-07-01,2.17832,5368.63555,Europe & Central Asia,Paris,2.35097,48.8566,High income,Not classified
France,FR,FRA,2025,,2026-07-01,NA,NA,Europe & Central Asia,Paris,2.35097,48.8566,High income,Not classified
France,FR,FRA,2020,,2026-07-01,2.2742,4883.2219,Europe & Central Asia,Paris,2.35097,48.8566,High income,Not classified
France,FR,FRA,2024,,2026-07-01,NA,NA,Europe & Central Asia,Paris,2.35097,48.8566,High income,Not classified
France,FR,FRA,2017,,2026-07-01,2.20422,4546.76212,Europe & Central Asia,Paris,2.35097,48.8566,High income,Not classified
France,FR,FRA,2018,,2026-07-01,2.20407,4670.53241,Europe & Central Asia,Paris,2.35097,48.8566,High income,Not classified
France,FR,FRA,2019,,2026-07-01,2.19668,4773.97249,Europe & Central Asia,Paris,2.35097,48.8566,High income,Not classified
France,FR,FRA,2021,,2026-07-01,2.21278,5058.05374,Europe & Central Asia,Paris,2.35097,48.8566,High income,Not classified
France,FR,FRA,2016,,2026-07-01,2.22468,4392.04699,Europe & Central Asia,Paris,2.35097,48.8566,High income,Not classified
French Polynesia,PF,PYF,2025,,2026-07-01,NA,NA,East Asia & Pacific,Papeete,-149.57,-17.535,High income,Not classified
French Polynesia,PF,PYF,2022,,2026-07-01,NA,NA,East Asia & Pacific,Papeete,-149.57,-17.535,High income,Not classified
French Polynesia,PF,PYF,2015,,2026-07-01,NA,NA,East Asia & Pacific,Papeete,-149.57,-17.535,High income,Not classified
French Polynesia,PF,PYF,2024,,2026-07-01,NA,NA,East Asia & Pacific,Papeete,-149.57,-17.535,High income,Not classified
French Polynesia,PF,PYF,2017,,2026-07-01,NA,NA,East Asia & Pacific,Papeete,-149.57,-17.535,High income,Not classified
French Polynesia,PF,PYF,2018,,2026-07-01,NA,NA,East Asia & Pacific,Papeete,-149.57,-17.535,High income,Not classified
French Polynesia,PF,PYF,2023,,2026-07-01,NA,NA,East Asia & Pacific,Papeete,-149.57,-17.535,High income,Not classified
French Polynesia,PF,PYF,2016,,2026-07-01,NA,NA,East Asia & Pacific,Papeete,-149.57,-17.535,High income,Not classified
French Polynesia,PF,PYF,2021,,2026-07-01,NA,NA,East Asia & Pacific,Papeete,-149.57,-17.535,High income,Not classified
French Polynesia,PF,PYF,2019,,2026-07-01,NA,NA,East Asia & Pacific,Papeete,-149.57,-17.535,High income,Not classified
French Polynesia,PF,PYF,2020,,2026-07-01,NA,NA,East Asia & Pacific,Papeete,-149.57,-17.535,High income,Not classified
Gabon,GA,GAB,2015,,2026-07-01,NA,NA,Sub-Saharan Africa,Libreville,9.45162,0.38832,Upper middle income,IBRD
Gabon,GA,GAB,2017,,2026-07-01,NA,NA,Sub-Saharan Africa,Libreville,9.45162,0.38832,Upper middle income,IBRD
Gabon,GA,GAB,2025,,2026-07-01,NA,NA,Sub-Saharan Africa,Libreville,9.45162,0.38832,Upper middle income,IBRD
Gabon,GA,GAB,2019,,2026-07-01,NA,NA,Sub-Saharan Africa,Libreville,9.45162,0.38832,Upper middle income,IBRD
Gabon,GA,GAB,2018,,2026-07-01,NA,NA,Sub-Saharan Africa,Libreville,9.45162,0.38832,Upper middle income,IBRD
Gabon,GA,GAB,2016,,2026-07-01,NA,NA,Sub-Saharan Africa,Libreville,9.45162,0.38832,Upper middle income,IBRD
Gabon,GA,GAB,2020,,2026-07-01,NA,NA,Sub-Saharan Africa,Libreville,9.45162,0.38832,Upper middle income,IBRD
Gabon,GA,GAB,2021,,2026-07-01,NA,NA,Sub-Saharan Africa,Libreville,9.45162,0.38832,Upper middle income,IBRD
Gabon,GA,GAB,2022,,2026-07-01,NA,NA,Sub-Saharan Africa,Libreville,9.45162,0.38832,Upper middle income,IBRD
Gabon,GA,GAB,2023,,2026-07-01,NA,NA,Sub-Saharan Africa,Libreville,9.45162,0.38832,Upper middle income,IBRD
Gabon,GA,GAB,2024,,2026-07-01,NA,NA,Sub-Saharan Africa,Libreville,9.45162,0.38832,Upper middle income,IBRD
"Gambia, The",GM,GMB,2018,,2026-07-01,0.06933,50.8608,Sub-Saharan Africa,Banjul,-16.5885,13.4495,Low income,IDA
"Gambia, The",GM,GMB,2016,,2026-07-01,NA,NA,Sub-Saharan Africa,Banjul,-16.5885,13.4495,Low income,IDA
"Gambia, The",GM,GMB,2015,,2026-07-01,NA,NA,Sub-Saharan Africa,Banjul,-16.5885,13.4495,Low income,IDA
"Gambia, The",GM,GMB,2019,,2026-07-01,NA,NA,Sub-Saharan Africa,Banjul,-16.5885,13.4495,Low income,IDA
"Gambia, The",GM,GMB,2017,,2026-07-01,NA,NA,Sub-Saharan Africa,Banjul,-16.5885,13.4495,Low income,IDA
"Gambia, The",GM,GMB,2021,,2026-07-01,NA,NA,Sub-Saharan Africa,Banjul,-16.5885,13.4495,Low income,IDA
"Gambia, The",GM,GMB,2022,,2026-07-01,NA,NA,Sub-Saharan Africa,Banjul,-16.5885,13.4495,Low income,IDA
"Gambia, The",GM,GMB,2020,,2026-07-01,NA,NA,Sub-Saharan Africa,Banjul,-16.5885,13.4495,Low income,IDA
"Gambia, The",GM,GMB,2023,,2026-07-01,NA,NA,Sub-Saharan Africa,Banjul,-16.5885,13.4495,Low income,IDA
"Gambia, The",GM,GMB,2024,,2026-07-01,NA,NA,Sub-Saharan Africa,Banjul,-16.5885,13.4495,Low income,IDA
"Gambia, The",GM,GMB,2025,,2026-07-01,NA,NA,Sub-Saharan Africa,Banjul,-16.5885,13.4495,Low income,IDA
Georgia,GE,GEO,2020,,2026-07-01,0.29765,1799.17121,Europe & Central Asia,Tbilisi,44.793,41.71,Upper middle income,IBRD
Georgia,GE,GEO,2018,,2026-07-01,0.27573,1544.7177,Europe & Central Asia,Tbilisi,44.793,41.71,Upper middle income,IBRD
Georgia,GE,GEO,2021,,2026-07-01,0.24875,1702.96062,Europe & Central Asia,Tbilisi,44.793,41.71,Upper middle income,IBRD
Georgia,GE,GEO,2022,,2026-07-01,0.2347,1808.99963,Europe & Central Asia,Tbilisi,44.793,41.71,Upper middle income,IBRD
Georgia,GE,GEO,2023,,2026-07-01,0.25084,1768.16486,Europe & Central Asia,Tbilisi,44.793,41.71,Upper middle income,IBRD
Georgia,GE,GEO,2019,,2026-07-01,0.28197,1788.43187,Europe & Central Asia,Tbilisi,44.793,41.71,Upper middle income,IBRD
Georgia,GE,GEO,2017,,2026-07-01,0.26645,1381.93128,Europe & Central Asia,Tbilisi,44.793,41.71,Upper middle income,IBRD
Georgia,GE,GEO,2025,,2026-07-01,NA,NA,Europe & Central Asia,Tbilisi,44.793,41.71,Upper middle income,IBRD
Georgia,GE,GEO,2015,,2026-07-01,0.29397,1359.02229,Europe & Central Asia,Tbilisi,44.793,41.71,Upper middle income,IBRD
Georgia,GE,GEO,2016,,2026-07-01,0.28025,1383.73676,Europe & Central Asia,Tbilisi,44.793,41.71,Upper middle income,IBRD
Georgia,GE,GEO,2024,,2026-07-01,0.26435,1895.99928,Europe & Central Asia,Tbilisi,44.793,41.71,Upper middle income,IBRD
Germany,DE,DEU,2022,,2026-07-01,3.07096,5801.62324,Europe & Central Asia,Berlin,13.4115,52.5235,High income,Not classified
Germany,DE,DEU,2015,,2026-07-01,2.87725,4755.29531,Europe & Central Asia,Berlin,13.4115,52.5235,High income,Not classified
Germany,DE,DEU,2023,,2026-07-01,3.1539,5926.07432,Europe & Central Asia,Berlin,13.4115,52.5235,High income,Not classified
Germany,DE,DEU,2020,,2026-07-01,3.0897,5390.05249,Europe & Central Asia,Berlin,13.4115,52.5235,High income,Not classified
Germany,DE,DEU,2021,,2026-07-01,3.0786,5520.57631,Europe & Central Asia,Berlin,13.4115,52.5235,High income,Not classified
Germany,DE,DEU,2016,,2026-07-01,2.88393,4839.84645,Europe & Central Asia,Berlin,13.4115,52.5235,High income,Not classified
Germany,DE,DEU,2017,,2026-07-01,2.9886,5058.39528,Europe & Central Asia,Berlin,13.4115,52.5235,High income,Not classified
Germany,DE,DEU,2019,,2026-07-01,3.11256,5398.63462,Europe & Central Asia,Berlin,13.4115,52.5235,High income,Not classified
Germany,DE,DEU,2024,,2026-07-01,NA,NA,Europe & Central Asia,Berlin,13.4115,52.5235,High income,Not classified
Germany,DE,DEU,2025,,2026-07-01,NA,NA,Europe & Central Asia,Berlin,13.4115,52.5235,High income,Not classified
Germany,DE,DEU,2018,,2026-07-01,3.05057,5209.2143,Europe & Central Asia,Berlin,13.4115,52.5235,High income,Not classified
Ghana,GH,GHA,2025,,2026-07-01,NA,NA,Sub-Saharan Africa,Accra,-0.20795,5.57045,Lower middle income,IDA
Ghana,GH,GHA,2022,,2026-07-01,NA,NA,Sub-Saharan Africa,Accra,-0.20795,5.57045,Lower middle income,IDA
Ghana,GH,GHA,2017,,2026-07-01,NA,NA,Sub-Saharan Africa,Accra,-0.20795,5.57045,Lower middle income,IDA
Ghana,GH,GHA,2023,,2026-07-01,NA,NA,Sub-Saharan Africa,Accra,-0.20795,5.57045,Lower middle income,IDA
Ghana,GH,GHA,2021,,2026-07-01,NA,NA,Sub-Saharan Africa,Accra,-0.20795,5.57045,Lower middle income,IDA
Ghana,GH,GHA,2018,,2026-07-01,NA,NA,Sub-Saharan Africa,Accra,-0.20795,5.57045,Lower middle income,IDA
Ghana,GH,GHA,2016,,2026-07-01,NA,NA,Sub-Saharan Africa,Accra,-0.20795,5.57045,Lower middle income,IDA
Ghana,GH,GHA,2019,,2026-07-01,NA,NA,Sub-Saharan Africa,Accra,-0.20795,5.57045,Lower middle income,IDA
Ghana,GH,GHA,2024,,2026-07-01,NA,NA,Sub-Saharan Africa,Accra,-0.20795,5.57045,Lower middle income,IDA
Ghana,GH,GHA,2015,,2026-07-01,NA,87.47972,Sub-Saharan Africa,Accra,-0.20795,5.57045,Lower middle income,IDA
Ghana,GH,GHA,2020,,2026-07-01,NA,NA,Sub-Saharan Africa,Accra,-0.20795,5.57045,Lower middle income,IDA
Gibraltar,GI,GIB,2024,,2026-07-01,NA,NA,Europe & Central Asia,,,,High income,Not classified
Gibraltar,GI,GIB,2015,,2026-07-01,NA,NA,Europe & Central Asia,,,,High income,Not classified
Gibraltar,GI,GIB,2016,,2026-07-01,NA,NA,Europe & Central Asia,,,,High income,Not classified
Gibraltar,GI,GIB,2017,,2026-07-01,NA,NA,Europe & Central Asia,,,,High income,Not classified
Gibraltar,GI,GIB,2023,,2026-07-01,NA,NA,Europe & Central Asia,,,,High income,Not classified
Gibraltar,GI,GIB,2018,,2026-07-01,NA,NA,Europe & Central Asia,,,,High income,Not classified
Gibraltar,GI,GIB,2019,,2026-07-01,NA,NA,Europe & Central Asia,,,,High income,Not classified
Gibraltar,GI,GIB,2020,,2026-07-01,NA,NA,Europe & Central Asia,,,,High income,Not classified
Gibraltar,GI,GIB,2025,,2026-07-01,NA,NA,Europe & Central Asia,,,,High income,Not classified
Gibraltar,GI,GIB,2022,,2026-07-01,NA,NA,Europe & Central Asia,,,,High income,Not classified
Gibraltar,GI,GIB,2021,,2026-07-01,NA,NA,Europe & Central Asia,,,,High income,Not classified
Greece,GR,GRC,2018,,2026-07-01,1.2066,3416.08087,Europe & Central Asia,Athens,23.7166,37.9792,High income,Not classified
Greece,GR,GRC,2020,,2026-07-01,1.48872,4008.18457,Europe & Central Asia,Athens,23.7166,37.9792,High income,Not classified
Greece,GR,GRC,2015,,2026-07-01,0.9716,3196.52298,Europe & Central Asia,Athens,23.7166,37.9792,High income,Not classified
Greece,GR,GRC,2017,,2026-07-01,1.1492,3250.61522,Europe & Central Asia,Athens,23.7166,37.9792,High income,Not classified
Greece,GR,GRC,2023,,2026-07-01,1.4943,5283.3671,Europe & Central Asia,Athens,23.7166,37.9792,High income,Not classified
Greece,GR,GRC,2021,,2026-07-01,1.43353,4244.36826,Europe & Central Asia,Athens,23.7166,37.9792,High income,Not classified
Greece,GR,GRC,2019,,2026-07-01,1.26236,3644.60084,Europe & Central Asia,Athens,23.7166,37.9792,High income,Not classified
Greece,GR,GRC,2022,,2026-07-01,1.47714,4926.78077,Europe & Central Asia,Athens,23.7166,37.9792,High income,Not classified
Greece,GR,GRC,2024,,2026-07-01,NA,NA,Europe & Central Asia,Athens,23.7166,37.9792,High income,Not classified
Greece,GR,GRC,2016,,2026-07-01,1.00556,2726.60076,Europe & Central Asia,Athens,23.7166,37.9792,High income,Not classified
Greece,GR,GRC,2025,,2026-07-01,NA,NA,Europe & Central Asia,Athens,23.7166,37.9792,High income,Not classified
Greenland,GL,GRL,2021,,2026-07-01,NA,NA,Europe & Central Asia,Nuuk,-51.7214,64.1836,High income,Not classified
Greenland,GL,GRL,2018,,2026-07-01,NA,NA,Europe & Central Asia,Nuuk,-51.7214,64.1836,High income,Not classified
Greenland,GL,GRL,2020,,2026-07-01,NA,NA,Europe & Central Asia,Nuuk,-51.7214,64.1836,High income,Not classified
Greenland,GL,GRL,2024,,2026-07-01,NA,NA,Europe & Central Asia,Nuuk,-51.7214,64.1836,High income,Not classified
Greenland,GL,GRL,2022,,2026-07-01,NA,NA,Europe & Central Asia,Nuuk,-51.7214,64.1836,High income,Not classified
Greenland,GL,GRL,2019,,2026-07-01,NA,NA,Europe & Central Asia,Nuuk,-51.7214,64.1836,High income,Not classified
Greenland,GL,GRL,2023,,2026-07-01,NA,NA,Europe & Central Asia,Nuuk,-51.7214,64.1836,High income,Not classified
Greenland,GL,GRL,2017,,2026-07-01,NA,NA,Europe & Central Asia,Nuuk,-51.7214,64.1836,High income,Not classified
Greenland,GL,GRL,2016,,2026-07-01,NA,NA,Europe & Central Asia,Nuuk,-51.7214,64.1836,High income,Not classified
Greenland,GL,GRL,2025,,2026-07-01,NA,NA,Europe & Central Asia,Nuuk,-51.7214,64.1836,High income,Not classified
Greenland,GL,GRL,2015,,2026-07-01,NA,NA,Europe & Central Asia,Nuuk,-51.7214,64.1836,High income,Not classified
Grenada,GD,GRD,2023,,2026-07-01,NA,NA,Latin America & Caribbean,Saint George's,-61.7449,12.0653,Upper middle income,Blend
Grenada,GD,GRD,2021,,2026-07-01,NA,NA,Latin America & Caribbean,Saint George's,-61.7449,12.0653,Upper middle income,Blend
Grenada,GD,GRD,2018,,2026-07-01,NA,NA,Latin America & Caribbean,Saint George's,-61.7449,12.0653,Upper middle income,Blend
Grenada,GD,GRD,2019,,2026-07-01,NA,NA,Latin America & Caribbean,Saint George's,-61.7449,12.0653,Upper middle income,Blend
Grenada,GD,GRD,2022,,2026-07-01,NA,NA,Latin America & Caribbean,Saint George's,-61.7449,12.0653,Upper middle income,Blend
Grenada,GD,GRD,2025,,2026-07-01,NA,NA,Latin America & Caribbean,Saint George's,-61.7449,12.0653,Upper middle income,Blend
Grenada,GD,GRD,2016,,2026-07-01,NA,NA,Latin America & Caribbean,Saint George's,-61.7449,12.0653,Upper middle income,Blend
Grenada,GD,GRD,2024,,2026-07-01,NA,NA,Latin America & Caribbean,Saint George's,-61.7449,12.0653,Upper middle income,Blend
Grenada,GD,GRD,2020,,2026-07-01,NA,NA,Latin America & Caribbean,Saint George's,-61.7449,12.0653,Upper middle income,Blend
Grenada,GD,GRD,2015,,2026-07-01,NA,NA,Latin America & Caribbean,Saint George's,-61.7449,12.0653,Upper middle income,Blend
Grenada,GD,GRD,2017,,2026-07-01,NA,NA,Latin America & Caribbean,Saint George's,-61.7449,12.0653,Upper middle income,Blend
Guam,GU,GUM,2015,,2026-07-01,NA,NA,East Asia & Pacific,Agana,144.794,13.4443,High income,Not classified
Guam,GU,GUM,2022,,2026-07-01,NA,NA,East Asia & Pacific,Agana,144.794,13.4443,High income,Not classified
Guam,GU,GUM,2024,,2026-07-01,NA,NA,East Asia & Pacific,Agana,144.794,13.4443,High income,Not classified
Guam,GU,GUM,2018,,2026-07-01,NA,NA,East Asia & Pacific,Agana,144.794,13.4443,High income,Not classified
Guam,GU,GUM,2023,,2026-07-01,NA,NA,East Asia & Pacific,Agana,144.794,13.4443,High income,Not classified
Guam,GU,GUM,2025,,2026-07-01,NA,NA,East Asia & Pacific,Agana,144.794,13.4443,High income,Not classified
Guam,GU,GUM,2017,,2026-07-01,NA,NA,East Asia & Pacific,Agana,144.794,13.4443,High income,Not classified
Guam,GU,GUM,2019,,2026-07-01,NA,NA,East Asia & Pacific,Agana,144.794,13.4443,High income,Not classified
Guam,GU,GUM,2021,,2026-07-01,NA,NA,East Asia & Pacific,Agana,144.794,13.4443,High income,Not classified
Guam,GU,GUM,2016,,2026-07-01,NA,NA,East Asia & Pacific,Agana,144.794,13.4443,High income,Not classified
Guam,GU,GUM,2020,,2026-07-01,NA,NA,East Asia & Pacific,Agana,144.794,13.4443,High income,Not classified
Guatemala,GT,GTM,2015,,2026-07-01,0.03064,22.74408,Latin America & Caribbean,Guatemala City,-90.5328,14.6248,Upper middle income,IBRD
Guatemala,GT,GTM,2025,,2026-07-01,NA,NA,Latin America & Caribbean,Guatemala City,-90.5328,14.6248,Upper middle income,IBRD
Guatemala,GT,GTM,2023,,2026-07-01,0.00609,1.44569,Latin America & Caribbean,Guatemala City,-90.5328,14.6248,Upper middle income,IBRD
Guatemala,GT,GTM,2016,,2026-07-01,0.02311,22.71149,Latin America & Caribbean,Guatemala City,-90.5328,14.6248,Upper middle income,IBRD
Guatemala,GT,GTM,2024,,2026-07-01,NA,NA,Latin America & Caribbean,Guatemala City,-90.5328,14.6248,Upper middle income,IBRD
Guatemala,GT,GTM,2018,,2026-07-01,0.02938,13.28356,Latin America & Caribbean,Guatemala City,-90.5328,14.6248,Upper middle income,IBRD
Guatemala,GT,GTM,2019,,2026-07-01,0.02642,14.95967,Latin America & Caribbean,Guatemala City,-90.5328,14.6248,Upper middle income,IBRD
Guatemala,GT,GTM,2017,,2026-07-01,0.02955,14.49246,Latin America & Caribbean,Guatemala City,-90.5328,14.6248,Upper middle income,IBRD
Guatemala,GT,GTM,2022,,2026-07-01,0.00549,4.40398,Latin America & Caribbean,Guatemala City,-90.5328,14.6248,Upper middle income,IBRD
Guatemala,GT,GTM,2020,,2026-07-01,0.04887,17.2968,Latin America & Caribbean,Guatemala City,-90.5328,14.6248,Upper middle income,IBRD
Guatemala,GT,GTM,2021,,2026-07-01,0.05835,14.52588,Latin America & Caribbean,Guatemala City,-90.5328,14.6248,Upper middle income,IBRD
Guinea,GN,GIN,2019,,2026-07-01,NA,NA,Sub-Saharan Africa,Conakry,-13.7,9.51667,Lower middle income,IDA
Guinea,GN,GIN,2018,,2026-07-01,NA,NA,Sub-Saharan Africa,Conakry,-13.7,9.51667,Lower middle income,IDA
Guinea,GN,GIN,2015,,2026-07-01,NA,NA,Sub-Saharan Africa,Conakry,-13.7,9.51667,Lower middle income,IDA
Guinea,GN,GIN,2017,,2026-07-01,NA,NA,Sub-Saharan Africa,Conakry,-13.7,9.51667,Lower middle income,IDA
Guinea,GN,GIN,2016,,2026-07-01,NA,NA,Sub-Saharan Africa,Conakry,-13.7,9.51667,Lower middle income,IDA
Guinea,GN,GIN,2021,,2026-07-01,NA,NA,Sub-Saharan Africa,Conakry,-13.7,9.51667,Lower middle income,IDA
Guinea,GN,GIN,2022,,2026-07-01,NA,NA,Sub-Saharan Africa,Conakry,-13.7,9.51667,Lower middle income,IDA
Guinea,GN,GIN,2020,,2026-07-01,NA,NA,Sub-Saharan Africa,Conakry,-13.7,9.51667,Lower middle income,IDA
Guinea,GN,GIN,2023,,2026-07-01,NA,NA,Sub-Saharan Africa,Conakry,-13.7,9.51667,Lower middle income,IDA
Guinea,GN,GIN,2024,,2026-07-01,NA,NA,Sub-Saharan Africa,Conakry,-13.7,9.51667,Lower middle income,IDA
Guinea,GN,GIN,2025,,2026-07-01,NA,NA,Sub-Saharan Africa,Conakry,-13.7,9.51667,Lower middle income,IDA
Guinea-Bissau,GW,GNB,2025,,2026-07-01,NA,NA,Sub-Saharan Africa,Bissau,-15.1804,11.8037,Low income,IDA
Guinea-Bissau,GW,GNB,2017,,2026-07-01,NA,NA,Sub-Saharan Africa,Bissau,-15.1804,11.8037,Low income,IDA
Guinea-Bissau,GW,GNB,2020,,2026-07-01,NA,NA,Sub-Saharan Africa,Bissau,-15.1804,11.8037,Low income,IDA
Guinea-Bissau,GW,GNB,2019,,2026-07-01,NA,NA,Sub-Saharan Africa,Bissau,-15.1804,11.8037,Low income,IDA
Guinea-Bissau,GW,GNB,2015,,2026-07-01,NA,NA,Sub-Saharan Africa,Bissau,-15.1804,11.8037,Low income,IDA
Guinea-Bissau,GW,GNB,2016,,2026-07-01,NA,NA,Sub-Saharan Africa,Bissau,-15.1804,11.8037,Low income,IDA
Guinea-Bissau,GW,GNB,2024,,2026-07-01,NA,NA,Sub-Saharan Africa,Bissau,-15.1804,11.8037,Low income,IDA
Guinea-Bissau,GW,GNB,2021,,2026-07-01,NA,NA,Sub-Saharan Africa,Bissau,-15.1804,11.8037,Low income,IDA
Guinea-Bissau,GW,GNB,2018,,2026-07-01,NA,NA,Sub-Saharan Africa,Bissau,-15.1804,11.8037,Low income,IDA
Guinea-Bissau,GW,GNB,2023,,2026-07-01,NA,NA,Sub-Saharan Africa,Bissau,-15.1804,11.8037,Low income,IDA
Guinea-Bissau,GW,GNB,2022,,2026-07-01,NA,NA,Sub-Saharan Africa,Bissau,-15.1804,11.8037,Low income,IDA
Guyana,GY,GUY,2020,,2026-07-01,NA,NA,Latin America & Caribbean,Georgetown,-58.1548,6.80461,High income,IDA
Guyana,GY,GUY,2018,,2026-07-01,NA,NA,Latin America & Caribbean,Georgetown,-58.1548,6.80461,High income,IDA
Guyana,GY,GUY,2021,,2026-07-01,NA,NA,Latin America & Caribbean,Georgetown,-58.1548,6.80461,High income,IDA
Guyana,GY,GUY,2024,,2026-07-01,NA,NA,Latin America & Caribbean,Georgetown,-58.1548,6.80461,High income,IDA
Guyana,GY,GUY,2022,,2026-07-01,NA,NA,Latin America & Caribbean,Georgetown,-58.1548,6.80461,High income,IDA
Guyana,GY,GUY,2019,,2026-07-01,NA,NA,Latin America & Caribbean,Georgetown,-58.1548,6.80461,High income,IDA
Guyana,GY,GUY,2017,,2026-07-01,NA,NA,Latin America & Caribbean,Georgetown,-58.1548,6.80461,High income,IDA
Guyana,GY,GUY,2015,,2026-07-01,NA,NA,Latin America & Caribbean,Georgetown,-58.1548,6.80461,High income,IDA
Guyana,GY,GUY,2016,,2026-07-01,NA,NA,Latin America & Caribbean,Georgetown,-58.1548,6.80461,High income,IDA
Guyana,GY,GUY,2023,,2026-07-01,NA,NA,Latin America & Caribbean,Georgetown,-58.1548,6.80461,High income,IDA
Guyana,GY,GUY,2025,,2026-07-01,NA,NA,Latin America & Caribbean,Georgetown,-58.1548,6.80461,High income,IDA
Haiti,HT,HTI,2023,,2026-07-01,NA,NA,Latin America & Caribbean,Port-au-Prince,-72.3288,18.5392,Lower middle income,IDA
Haiti,HT,HTI,2022,,2026-07-01,NA,NA,Latin America & Caribbean,Port-au-Prince,-72.3288,18.5392,Lower middle income,IDA
Haiti,HT,HTI,2024,,2026-07-01,NA,NA,Latin America & Caribbean,Port-au-Prince,-72.3288,18.5392,Lower middle income,IDA
Haiti,HT,HTI,2020,,2026-07-01,NA,NA,Latin America & Caribbean,Port-au-Prince,-72.3288,18.5392,Lower middle income,IDA
Haiti,HT,HTI,2018,,2026-07-01,NA,NA,Latin America & Caribbean,Port-au-Prince,-72.3288,18.5392,Lower middle income,IDA
Haiti,HT,HTI,2015,,2026-07-01,NA,NA,Latin America & Caribbean,Port-au-Prince,-72.3288,18.5392,Lower middle income,IDA
Haiti,HT,HTI,2019,,2026-07-01,NA,NA,Latin America & Caribbean,Port-au-Prince,-72.3288,18.5392,Lower middle income,IDA
Haiti,HT,HTI,2017,,2026-07-01,NA,NA,Latin America & Caribbean,Port-au-Prince,-72.3288,18.5392,Lower middle income,IDA
Haiti,HT,HTI,2021,,2026-07-01,NA,NA,Latin America & Caribbean,Port-au-Prince,-72.3288,18.5392,Lower middle income,IDA
Haiti,HT,HTI,2016,,2026-07-01,NA,NA,Latin America & Caribbean,Port-au-Prince,-72.3288,18.5392,Lower middle income,IDA
Haiti,HT,HTI,2025,,2026-07-01,NA,NA,Latin America & Caribbean,Port-au-Prince,-72.3288,18.5392,Lower middle income,IDA
Heavily indebted poor countries (HIPC),XE,HPC,2025,,2026-07-01,NA,NA,Aggregates,,,,Aggregates,Aggregates
Heavily indebted poor countries (HIPC),XE,HPC,2021,,2026-07-01,NA,NA,Aggregates,,,,Aggregates,Aggregates
Heavily indebted poor countries (HIPC),XE,HPC,2022,,2026-07-01,NA,NA,Aggregates,,,,Aggregates,Aggregates
Heavily indebted poor countries (HIPC),XE,HPC,2018,,2026-07-01,NA,NA,Aggregates,,,,Aggregates,Aggregates
Heavily indebted poor countries (HIPC),XE,HPC,2017,,2026-07-01,NA,NA,Aggregates,,,,Aggregates,Aggregates
Heavily indebted poor countries (HIPC),XE,HPC,2019,,2026-07-01,NA,NA,Aggregates,,,,Aggregates,Aggregates
Heavily indebted poor countries (HIPC),XE,HPC,2024,,2026-07-01,NA,NA,Aggregates,,,,Aggregates,Aggregates
Heavily indebted poor countries (HIPC),XE,HPC,2016,,2026-07-01,NA,NA,Aggregates,,,,Aggregates,Aggregates
Heavily indebted poor countries (HIPC),XE,HPC,2023,,2026-07-01,NA,NA,Aggregates,,,,Aggregates,Aggregates
Heavily indebted poor countries (HIPC),XE,HPC,2020,,2026-07-01,NA,NA,Aggregates,,,,Aggregates,Aggregates
Heavily indebted poor countries (HIPC),XE,HPC,2015,,2026-07-01,NA,NA,Aggregates,,,,Aggregates,Aggregates
High income,XD,,2015,,2026-07-01,2.44759233839061,3896.80667000557,NA,NA,NA,NA,NA,NA
High income,XD,,2016,,2026-07-01,2.50278193883138,3909.27601822792,NA,NA,NA,NA,NA,NA
High income,XD,,2017,,2026-07-01,2.53253279810324,4043.06913789463,NA,NA,NA,NA,NA,NA
High income,XD,,2018,,2026-07-01,2.60560777709804,4157.47672811073,NA,NA,NA,NA,NA,NA
High income,XD,,2019,,2026-07-01,2.68552170916288,4286.27663397388,NA,NA,NA,NA,NA,NA
High income,XD,,2020,,2026-07-01,2.86059219799691,4266.50349554394,NA,NA,NA,NA,NA,NA
High income,XD,,2021,,2026-07-01,2.81076375254701,4494.21359689069,NA,NA,NA,NA,NA,NA
High income,XD,,2022,,2026-07-01,2.84261638625838,4606.61271342139,NA,NA,NA,NA,NA,NA
High income,XD,,2023,,2026-07-01,2.87543396727734,NA,NA,NA,NA,NA,NA,NA
High income,XD,,2024,,2026-07-01,NA,NA,NA,NA,NA,NA,NA,NA
High income,XD,,2025,,2026-07-01,NA,NA,NA,NA,NA,NA,NA,NA
Honduras,HN,HND,2022,,2026-07-01,NA,NA,Latin America & Caribbean,Tegucigalpa,-87.4667,15.1333,Lower middle income,IDA
Honduras,HN,HND,2016,,2026-07-01,NA,NA,Latin America & Caribbean,Tegucigalpa,-87.4667,15.1333,Lower middle income,IDA
Honduras,HN,HND,2015,,2026-07-01,0.01497,22.29506,Latin America & Caribbean,Tegucigalpa,-87.4667,15.1333,Lower middle income,IDA
Honduras,HN,HND,2019,,2026-07-01,0.05997,187.83669,Latin America & Caribbean,Tegucigalpa,-87.4667,15.1333,Lower middle income,IDA
Honduras,HN,HND,2025,,2026-07-01,NA,NA,Latin America & Caribbean,Tegucigalpa,-87.4667,15.1333,Lower middle income,IDA
Honduras,HN,HND,2017,,2026-07-01,0.03994,34.42048,Latin America & Caribbean,Tegucigalpa,-87.4667,15.1333,Lower middle income,IDA
Honduras,HN,HND,2018,,2026-07-01,0.06394,201.94053,Latin America & Caribbean,Tegucigalpa,-87.4667,15.1333,Lower middle income,IDA
Honduras,HN,HND,2020,,2026-07-01,NA,NA,Latin America & Caribbean,Tegucigalpa,-87.4667,15.1333,Lower middle income,IDA
Honduras,HN,HND,2021,,2026-07-01,NA,NA,Latin America & Caribbean,Tegucigalpa,-87.4667,15.1333,Lower middle income,IDA
Honduras,HN,HND,2023,,2026-07-01,NA,NA,Latin America & Caribbean,Tegucigalpa,-87.4667,15.1333,Lower middle income,IDA
Honduras,HN,HND,2024,,2026-07-01,NA,NA,Latin America & Caribbean,Tegucigalpa,-87.4667,15.1333,Lower middle income,IDA
"Hong Kong SAR, China",HK,HKG,2018,,2026-07-01,0.8633,3978.17159,East Asia & Pacific,,114.109,22.3964,High income,Not classified
"Hong Kong SAR, China",HK,HKG,2022,,2026-07-01,1.07293,4815.20071,East Asia & Pacific,,114.109,22.3964,High income,Not classified
"Hong Kong SAR, China",HK,HKG,2016,,2026-07-01,0.7915,3668.25742,East Asia & Pacific,,114.109,22.3964,High income,Not classified
"Hong Kong SAR, China",HK,HKG,2017,,2026-07-01,0.83519,3720.22457,East Asia & Pacific,,114.109,22.3964,High income,Not classified
"Hong Kong SAR, China",HK,HKG,2020,,2026-07-01,0.99236,4355.79712,East Asia & Pacific,,114.109,22.3964,High income,Not classified
"Hong Kong SAR, China",HK,HKG,2021,,2026-07-01,0.97026,4591.73346,East Asia & Pacific,,114.109,22.3964,High income,Not classified
"Hong Kong SAR, China",HK,HKG,2024,,2026-07-01,1.12597,5873.74436,East Asia & Pacific,,114.109,22.3964,High income,Not classified
"Hong Kong SAR, China",HK,HKG,2019,,2026-07-01,0.92557,4240.38811,East Asia & Pacific,,114.109,22.3964,High income,Not classified
"Hong Kong SAR, China",HK,HKG,2023,,2026-07-01,1.10625,5273.74369,East Asia & Pacific,,114.109,22.3964,High income,Not classified
"Hong Kong SAR, China",HK,HKG,2015,,2026-07-01,0.76183,3487.89638,East Asia & Pacific,,114.109,22.3964,High income,Not classified
"Hong Kong SAR, China",HK,HKG,2025,,2026-07-01,NA,NA,East Asia & Pacific,,114.109,22.3964,High income,Not classified
Hungary,HU,HUN,2018,,2026-07-01,1.50196,3846.48666,Europe & Central Asia,Budapest,19.0408,47.4984,High income,Not classified
Hungary,HU,HUN,2023,,2026-07-01,1.37748,4567.0829,Europe & Central Asia,Budapest,19.0408,47.4984,High income,Not classified
Hungary,HU,HUN,2025,,2026-07-01,NA,NA,Europe & Central Asia,Budapest,19.0408,47.4984,High income,Not classified
Hungary,HU,HUN,2024,,2026-07-01,NA,NA,Europe & Central Asia,Budapest,19.0408,47.4984,High income,Not classified
Hungary,HU,HUN,2017,,2026-07-01,1.31498,2902.24254,Europe & Central Asia,Budapest,19.0408,47.4984,High income,Not classified
Hungary,HU,HUN,2021,,2026-07-01,1.63327,4452.48668,Europe & Central Asia,Budapest,19.0408,47.4984,High income,Not classified
Hungary,HU,HUN,2020,,2026-07-01,1.58067,4309.61589,Europe & Central Asia,Budapest,19.0408,47.4984,High income,Not classified
Hungary,HU,HUN,2022,,2026-07-01,1.39056,4725.1504,Europe & Central Asia,Budapest,19.0408,47.4984,High income,Not classified
Hungary,HU,HUN,2019,,2026-07-01,1.46473,4021.15293,Europe & Central Asia,Budapest,19.0408,47.4984,High income,Not classified
Hungary,HU,HUN,2015,,2026-07-01,1.33884,2569.66887,Europe & Central Asia,Budapest,19.0408,47.4984,High income,Not classified
Hungary,HU,HUN,2016,,2026-07-01,1.17645,2625.94197,Europe & Central Asia,Budapest,19.0408,47.4984,High income,Not classified
IBRD only,XF,IBD,2023,,2026-07-01,1.8752807844862,NA,Aggregates,,,,Aggregates,Aggregates
IBRD only,XF,IBD,2025,,2026-07-01,NA,NA,Aggregates,,,,Aggregates,Aggregates
IBRD only,XF,IBD,2017,,2026-07-01,1.33446805150401,NA,Aggregates,,,,Aggregates,Aggregates
IBRD only,XF,IBD,2021,,2026-07-01,1.77054384540358,NA,Aggregates,,,,Aggregates,Aggregates
IBRD only,XF,IBD,2015,,2026-07-01,1.34020427008938,785.801670436886,Aggregates,,,,Aggregates,Aggregates
IBRD only,XF,IBD,2016,,2026-07-01,1.35801073355302,NA,Aggregates,,,,Aggregates,Aggregates
IBRD only,XF,IBD,2022,,2026-07-01,1.83450349802395,NA,Aggregates,,,,Aggregates,Aggregates
IBRD only,XF,IBD,2018,,2026-07-01,1.38963654884501,848.984699665044,Aggregates,,,,Aggregates,Aggregates
IBRD only,XF,IBD,2019,,2026-07-01,1.43141463649453,NA,Aggregates,,,,Aggregates,Aggregates
IBRD only,XF,IBD,2024,,2026-07-01,NA,NA,Aggregates,,,,Aggregates,Aggregates
IBRD only,XF,IBD,2020,,2026-07-01,1.58734956120548,959.586951104022,Aggregates,,,,Aggregates,Aggregates
Iceland,IS,ISL,2024,,2026-07-01,NA,NA,Europe & Central Asia,Reykjavik,-21.8952,64.1353,High income,Not classified
Iceland,IS,ISL,2017,,2026-07-01,2.08365,5979.72684,Europe & Central Asia,Reykjavik,-21.8952,64.1353,High income,Not classified
Iceland,IS,ISL,2025,,2026-07-01,NA,NA,Europe & Central Asia,Reykjavik,-21.8952,64.1353,High income,Not classified
Iceland,IS,ISL,2015,,2026-07-01,2.18137,NA,Europe & Central Asia,Reykjavik,-21.8952,64.1353,High income,Not classified
Iceland,IS,ISL,2020,,2026-07-01,2.4864,NA,Europe & Central Asia,Reykjavik,-21.8952,64.1353,High income,Not classified
Iceland,IS,ISL,2022,,2026-07-01,2.60089,6863.54747,Europe & Central Asia,Reykjavik,-21.8952,64.1353,High income,Not classified
Iceland,IS,ISL,2023,,2026-07-01,2.64005,5952.52033,Europe & Central Asia,Reykjavik,-21.8952,64.1353,High income,Not classified
Iceland,IS,ISL,2016,,2026-07-01,2.11011,NA,Europe & Central Asia,Reykjavik,-21.8952,64.1353,High income,Not classified
Iceland,IS,ISL,2021,,2026-07-01,2.78171,6941.30115,Europe & Central Asia,Reykjavik,-21.8952,64.1353,High income,Not classified
Iceland,IS,ISL,2018,,2026-07-01,2.00081,5645.66563,Europe & Central Asia,Reykjavik,-21.8952,64.1353,High income,Not classified
Iceland,IS,ISL,2019,,2026-07-01,2.34018,NA,Europe & Central Asia,Reykjavik,-21.8952,64.1353,High income,Not classified
IDA & IBRD total,ZT,IBT,2018,,2026-07-01,1.37742122178945,NA,Aggregates,,,,Aggregates,Aggregates
IDA & IBRD total,ZT,IBT,2017,,2026-07-01,1.30445207761074,NA,Aggregates,,,,Aggregates,Aggregates
IDA & IBRD total,ZT,IBT,2016,,2026-07-01,1.34300113319404,NA,Aggregates,,,,Aggregates,Aggregates
IDA & IBRD total,ZT,IBT,2015,,2026-07-01,1.30949018439984,719.277677279341,Aggregates,,,,Aggregates,Aggregates
IDA & IBRD total,ZT,IBT,2025,,2026-07-01,NA,NA,Aggregates,,,,Aggregates,Aggregates
IDA & IBRD total,ZT,IBT,2019,,2026-07-01,1.38371472102598,NA,Aggregates,,,,Aggregates,Aggregates
IDA & IBRD total,ZT,IBT,2020,,2026-07-01,1.5739543653088,NA,Aggregates,,,,Aggregates,Aggregates
IDA & IBRD total,ZT,IBT,2024,,2026-07-01,NA,NA,Aggregates,,,,Aggregates,Aggregates
IDA & IBRD total,ZT,IBT,2021,,2026-07-01,1.74106452597515,NA,Aggregates,,,,Aggregates,Aggregates
IDA & IBRD total,ZT,IBT,2022,,2026-07-01,1.81332330587806,NA,Aggregates,,,,Aggregates,Aggregates
IDA & IBRD total,ZT,IBT,2023,,2026-07-01,1.83676717753263,NA,Aggregates,,,,Aggregates,Aggregates
IDA blend,XH,IDB,2015,,2026-07-01,NA,NA,Aggregates,,,,Aggregates,Aggregates
IDA blend,XH,IDB,2021,,2026-07-01,NA,NA,Aggregates,,,,Aggregates,Aggregates
IDA blend,XH,IDB,2017,,2026-07-01,NA,NA,Aggregates,,,,Aggregates,Aggregates
IDA blend,XH,IDB,2020,,2026-07-01,NA,NA,Aggregates,,,,Aggregates,Aggregates
IDA blend,XH,IDB,2019,,2026-07-01,0.239077012351723,215.922319792477,Aggregates,,,,Aggregates,Aggregates
IDA blend,XH,IDB,2024,,2026-07-01,NA,NA,Aggregates,,,,Aggregates,Aggregates
IDA blend,XH,IDB,2016,,2026-07-01,NA,NA,Aggregates,,,,Aggregates,Aggregates
IDA blend,XH,IDB,2018,,2026-07-01,NA,NA,Aggregates,,,,Aggregates,Aggregates
IDA blend,XH,IDB,2022,,2026-07-01,NA,NA,Aggregates,,,,Aggregates,Aggregates
IDA blend,XH,IDB,2023,,2026-07-01,NA,NA,Aggregates,,,,Aggregates,Aggregates
IDA blend,XH,IDB,2025,,2026-07-01,NA,NA,Aggregates,,,,Aggregates,Aggregates
IDA only,XI,IDX,2020,,2026-07-01,NA,NA,Aggregates,,,,Aggregates,Aggregates
IDA only,XI,IDX,2022,,2026-07-01,NA,NA,Aggregates,,,,Aggregates,Aggregates
IDA only,XI,IDX,2019,,2026-07-01,NA,NA,Aggregates,,,,Aggregates,Aggregates
IDA only,XI,IDX,2018,,2026-07-01,NA,NA,Aggregates,,,,Aggregates,Aggregates
IDA only,XI,IDX,2024,,2026-07-01,NA,NA,Aggregates,,,,Aggregates,Aggregates
IDA only,XI,IDX,2015,,2026-07-01,NA,NA,Aggregates,,,,Aggregates,Aggregates
IDA only,XI,IDX,2021,,2026-07-01,NA,NA,Aggregates,,,,Aggregates,Aggregates
IDA only,XI,IDX,2017,,2026-07-01,NA,NA,Aggregates,,,,Aggregates,Aggregates
IDA only,XI,IDX,2025,,2026-07-01,NA,NA,Aggregates,,,,Aggregates,Aggregates
IDA only,XI,IDX,2023,,2026-07-01,NA,NA,Aggregates,,,,Aggregates,Aggregates
IDA only,XI,IDX,2016,,2026-07-01,NA,NA,Aggregates,,,,Aggregates,Aggregates
IDA total,XG,IDA,2020,,2026-07-01,NA,NA,Aggregates,,,,Aggregates,Aggregates
IDA total,XG,IDA,2024,,2026-07-01,NA,NA,Aggregates,,,,Aggregates,Aggregates
IDA total,XG,IDA,2022,,2026-07-01,NA,NA,Aggregates,,,,Aggregates,Aggregates
IDA total,XG,IDA,2021,,2026-07-01,NA,NA,Aggregates,,,,Aggregates,Aggregates
IDA total,XG,IDA,2023,,2026-07-01,NA,NA,Aggregates,,,,Aggregates,Aggregates
IDA total,XG,IDA,2018,,2026-07-01,NA,NA,Aggregates,,,,Aggregates,Aggregates
IDA total,XG,IDA,2019,,2026-07-01,NA,NA,Aggregates,,,,Aggregates,Aggregates
IDA total,XG,IDA,2015,,2026-07-01,NA,NA,Aggregates,,,,Aggregates,Aggregates
IDA total,XG,IDA,2016,,2026-07-01,NA,NA,Aggregates,,,,Aggregates,Aggregates
IDA total,XG,IDA,2017,,2026-07-01,NA,NA,Aggregates,,,,Aggregates,Aggregates
IDA total,XG,IDA,2025,,2026-07-01,NA,NA,Aggregates,,,,Aggregates,Aggregates
India,IN,IND,2024,,2026-07-01,NA,NA,South Asia,New Delhi,77.225,28.6353,Lower middle income,IBRD
India,IN,IND,2018,,2026-07-01,0.66001,250.00794,South Asia,New Delhi,77.225,28.6353,Lower middle income,IBRD
India,IN,IND,2021,,2026-07-01,NA,NA,South Asia,New Delhi,77.225,28.6353,Lower middle income,IBRD
India,IN,IND,2025,,2026-07-01,NA,NA,South Asia,New Delhi,77.225,28.6353,Lower middle income,IBRD
India,IN,IND,2017,,2026-07-01,0.66603,NA,South Asia,New Delhi,77.225,28.6353,Lower middle income,IBRD
India,IN,IND,2022,,2026-07-01,NA,NA,South Asia,New Delhi,77.225,28.6353,Lower middle income,IBRD
India,IN,IND,2016,,2026-07-01,0.66984,NA,South Asia,New Delhi,77.225,28.6353,Lower middle income,IBRD
India,IN,IND,2023,,2026-07-01,NA,NA,South Asia,New Delhi,77.225,28.6353,Lower middle income,IBRD
India,IN,IND,2019,,2026-07-01,0.65942,NA,South Asia,New Delhi,77.225,28.6353,Lower middle income,IBRD
India,IN,IND,2020,,2026-07-01,0.64558,259.26325,South Asia,New Delhi,77.225,28.6353,Lower middle income,IBRD
India,IN,IND,2015,,2026-07-01,0.6931,214.34935,South Asia,New Delhi,77.225,28.6353,Lower middle income,IBRD
Indonesia,ID,IDN,2016,,2026-07-01,0.24535,177.73496,East Asia & Pacific,Jakarta,106.83,-6.19752,Upper middle income,IBRD
Indonesia,ID,IDN,2019,,2026-07-01,0.27129,387.17063,East Asia & Pacific,Jakarta,106.83,-6.19752,Upper middle income,IBRD
Indonesia,ID,IDN,2015,,2026-07-01,NA,NA,East Asia & Pacific,Jakarta,106.83,-6.19752,Upper middle income,IBRD
Indonesia,ID,IDN,2024,,2026-07-01,NA,NA,East Asia & Pacific,Jakarta,106.83,-6.19752,Upper middle income,IBRD
Indonesia,ID,IDN,2017,,2026-07-01,0.23805,214.08281,East Asia & Pacific,Jakarta,106.83,-6.19752,Upper middle income,IBRD
Indonesia,ID,IDN,2018,,2026-07-01,0.22632,215.18755,East Asia & Pacific,Jakarta,106.83,-6.19752,Upper middle income,IBRD
Indonesia,ID,IDN,2022,,2026-07-01,NA,NA,East Asia & Pacific,Jakarta,106.83,-6.19752,Upper middle income,IBRD
Indonesia,ID,IDN,2023,,2026-07-01,NA,NA,East Asia & Pacific,Jakarta,106.83,-6.19752,Upper middle income,IBRD
Indonesia,ID,IDN,2020,,2026-07-01,0.28068,395.34168,East Asia & Pacific,Jakarta,106.83,-6.19752,Upper middle income,IBRD
Indonesia,ID,IDN,2025,,2026-07-01,NA,NA,East Asia & Pacific,Jakarta,106.83,-6.19752,Upper middle income,IBRD
Indonesia,ID,IDN,2021,,2026-07-01,NA,NA,East Asia & Pacific,Jakarta,106.83,-6.19752,Upper middle income,IBRD
"Iran, Islamic Rep.",IR,IRN,2016,,2026-07-01,NA,NA,"Middle East, North Africa, Afghanistan & Pakistan",Tehran,51.4447,35.6878,Upper middle income,IBRD
"Iran, Islamic Rep.",IR,IRN,2015,,2026-07-01,0.39383,789.46238,"Middle East, North Africa, Afghanistan & Pakistan",Tehran,51.4447,35.6878,Upper middle income,IBRD
"Iran, Islamic Rep.",IR,IRN,2020,,2026-07-01,NA,NA,"Middle East, North Africa, Afghanistan & Pakistan",Tehran,51.4447,35.6878,Upper middle income,IBRD
"Iran, Islamic Rep.",IR,IRN,2019,,2026-07-01,0.78829,1588.4273,"Middle East, North Africa, Afghanistan & Pakistan",Tehran,51.4447,35.6878,Upper middle income,IBRD
"Iran, Islamic Rep.",IR,IRN,2022,,2026-07-01,NA,NA,"Middle East, North Africa, Afghanistan & Pakistan",Tehran,51.4447,35.6878,Upper middle income,IBRD
"Iran, Islamic Rep.",IR,IRN,2017,,2026-07-01,0.75983,1409.14676,"Middle East, North Africa, Afghanistan & Pakistan",Tehran,51.4447,35.6878,Upper middle income,IBRD
"Iran, Islamic Rep.",IR,IRN,2018,,2026-07-01,NA,NA,"Middle East, North Africa, Afghanistan & Pakistan",Tehran,51.4447,35.6878,Upper middle income,IBRD
"Iran, Islamic Rep.",IR,IRN,2025,,2026-07-01,NA,NA,"Middle East, North Africa, Afghanistan & Pakistan",Tehran,51.4447,35.6878,Upper middle income,IBRD
"Iran, Islamic Rep.",IR,IRN,2023,,2026-07-01,NA,NA,"Middle East, North Africa, Afghanistan & Pakistan",Tehran,51.4447,35.6878,Upper middle income,IBRD
"Iran, Islamic Rep.",IR,IRN,2021,,2026-07-01,0.72665,2239.74005,"Middle East, North Africa, Afghanistan & Pakistan",Tehran,51.4447,35.6878,Upper middle income,IBRD
"Iran, Islamic Rep.",IR,IRN,2024,,2026-07-01,NA,NA,"Middle East, North Africa, Afghanistan & Pakistan",Tehran,51.4447,35.6878,Upper middle income,IBRD
Iraq,IQ,IRQ,2018,,2026-07-01,0.04279,107.3521,"Middle East, North Africa, Afghanistan & Pakistan",Baghdad,44.394,33.3302,Upper middle income,IBRD
Iraq,IQ,IRQ,2017,,2026-07-01,0.04596,102.2908,"Middle East, North Africa, Afghanistan & Pakistan",Baghdad,44.394,33.3302,Upper middle income,IBRD
Iraq,IQ,IRQ,2022,,2026-07-01,NA,NA,"Middle East, North Africa, Afghanistan & Pakistan",Baghdad,44.394,33.3302,Upper middle income,IBRD
Iraq,IQ,IRQ,2020,,2026-07-01,0.04053,136.59963,"Middle East, North Africa, Afghanistan & Pakistan",Baghdad,44.394,33.3302,Upper middle income,IBRD
Iraq,IQ,IRQ,2023,,2026-07-01,NA,NA,"Middle East, North Africa, Afghanistan & Pakistan",Baghdad,44.394,33.3302,Upper middle income,IBRD
Iraq,IQ,IRQ,2021,,2026-07-01,0.0407,164.28484,"Middle East, North Africa, Afghanistan & Pakistan",Baghdad,44.394,33.3302,Upper middle income,IBRD
Iraq,IQ,IRQ,2024,,2026-07-01,NA,NA,"Middle East, North Africa, Afghanistan & Pakistan",Baghdad,44.394,33.3302,Upper middle income,IBRD
Iraq,IQ,IRQ,2016,,2026-07-01,0.03737,62.30752,"Middle East, North Africa, Afghanistan & Pakistan",Baghdad,44.394,33.3302,Upper middle income,IBRD
Iraq,IQ,IRQ,2019,,2026-07-01,0.03266,118.26846,"Middle East, North Africa, Afghanistan & Pakistan",Baghdad,44.394,33.3302,Upper middle income,IBRD
Iraq,IQ,IRQ,2025,,2026-07-01,NA,NA,"Middle East, North Africa, Afghanistan & Pakistan",Baghdad,44.394,33.3302,Upper middle income,IBRD
Iraq,IQ,IRQ,2015,,2026-07-01,0.04017,63.15466,"Middle East, North Africa, Afghanistan & Pakistan",Baghdad,44.394,33.3302,Upper middle income,IBRD
Ireland,IE,IRL,2018,,2026-07-01,1.08244,4656.77702,Europe & Central Asia,Dublin,-6.26749,53.3441,High income,Not classified
Ireland,IE,IRL,2025,,2026-07-01,NA,NA,Europe & Central Asia,Dublin,-6.26749,53.3441,High income,Not classified
Ireland,IE,IRL,2021,,2026-07-01,1.0732,5213.43167,Europe & Central Asia,Dublin,-6.26749,53.3441,High income,Not classified
Ireland,IE,IRL,2024,,2026-07-01,NA,NA,Europe & Central Asia,Dublin,-6.26749,53.3441,High income,Not classified
Ireland,IE,IRL,2023,,2026-07-01,1.58829,5752.79698,Europe & Central Asia,Dublin,-6.26749,53.3441,High income,Not classified
Ireland,IE,IRL,2017,,2026-07-01,1.20821,5114.19434,Europe & Central Asia,Dublin,-6.26749,53.3441,High income,Not classified
Ireland,IE,IRL,2019,,2026-07-01,1.13733,4961.4389,Europe & Central Asia,Dublin,-6.26749,53.3441,High income,Not classified
Ireland,IE,IRL,2020,,2026-07-01,1.12466,5196.11055,Europe & Central Asia,Dublin,-6.26749,53.3441,High income,Not classified
Ireland,IE,IRL,2022,,2026-07-01,1.53215,5554.98837,Europe & Central Asia,Dublin,-6.26749,53.3441,High income,Not classified
Ireland,IE,IRL,2015,,2026-07-01,1.14062,5242.06636,Europe & Central Asia,Dublin,-6.26749,53.3441,High income,Not classified
Ireland,IE,IRL,2016,,2026-07-01,1.14954,5143.85544,Europe & Central Asia,Dublin,-6.26749,53.3441,High income,Not classified
Isle of Man,IM,IMN,2023,,2026-07-01,NA,NA,Europe & Central Asia,Douglas,-4.47928,54.1509,High income,Not classified
Isle of Man,IM,IMN,2015,,2026-07-01,NA,NA,Europe & Central Asia,Douglas,-4.47928,54.1509,High income,Not classified
Isle of Man,IM,IMN,2024,,2026-07-01,NA,NA,Europe & Central Asia,Douglas,-4.47928,54.1509,High income,Not classified
Isle of Man,IM,IMN,2022,,2026-07-01,NA,NA,Europe & Central Asia,Douglas,-4.47928,54.1509,High income,Not classified
Isle of Man,IM,IMN,2025,,2026-07-01,NA,NA,Europe & Central Asia,Douglas,-4.47928,54.1509,High income,Not classified
Isle of Man,IM,IMN,2016,,2026-07-01,NA,NA,Europe & Central Asia,Douglas,-4.47928,54.1509,High income,Not classified
Isle of Man,IM,IMN,2017,,2026-07-01,NA,NA,Europe & Central Asia,Douglas,-4.47928,54.1509,High income,Not classified
Isle of Man,IM,IMN,2021,,2026-07-01,NA,NA,Europe & Central Asia,Douglas,-4.47928,54.1509,High income,Not classified
Isle of Man,IM,IMN,2018,,2026-07-01,NA,NA,Europe & Central Asia,Douglas,-4.47928,54.1509,High income,Not classified
Isle of Man,IM,IMN,2019,,2026-07-01,NA,NA,Europe & Central Asia,Douglas,-4.47928,54.1509,High income,Not classified
Isle of Man,IM,IMN,2020,,2026-07-01,NA,NA,Europe & Central Asia,Douglas,-4.47928,54.1509,High income,Not classified
Israel,IL,ISR,2016,,2026-07-01,4.59051,NA,"Middle East, North Africa, Afghanistan & Pakistan",,35.2035,31.7717,High income,Not classified
Israel,IL,ISR,2025,,2026-07-01,NA,NA,"Middle East, North Africa, Afghanistan & Pakistan",,35.2035,31.7717,High income,Not classified
Israel,IL,ISR,2023,,2026-07-01,6.34589,NA,"Middle East, North Africa, Afghanistan & Pakistan",,35.2035,31.7717,High income,Not classified
Israel,IL,ISR,2015,,2026-07-01,4.29761,NA,"Middle East, North Africa, Afghanistan & Pakistan",,35.2035,31.7717,High income,Not classified
Israel,IL,ISR,2019,,2026-07-01,5.35528,NA,"Middle East, North Africa, Afghanistan & Pakistan",,35.2035,31.7717,High income,Not classified
Israel,IL,ISR,2024,,2026-07-01,NA,NA,"Middle East, North Africa, Afghanistan & Pakistan",,35.2035,31.7717,High income,Not classified
Israel,IL,ISR,2022,,2026-07-01,6.17831,NA,"Middle East, North Africa, Afghanistan & Pakistan",,35.2035,31.7717,High income,Not classified
Israel,IL,ISR,2018,,2026-07-01,4.91965,NA,"Middle East, North Africa, Afghanistan & Pakistan",,35.2035,31.7717,High income,Not classified
Israel,IL,ISR,2020,,2026-07-01,5.83209,NA,"Middle East, North Africa, Afghanistan & Pakistan",,35.2035,31.7717,High income,Not classified
Israel,IL,ISR,2017,,2026-07-01,4.74032,NA,"Middle East, North Africa, Afghanistan & Pakistan",,35.2035,31.7717,High income,Not classified
Israel,IL,ISR,2021,,2026-07-01,5.75725,NA,"Middle East, North Africa, Afghanistan & Pakistan",,35.2035,31.7717,High income,Not classified
Italy,IT,ITA,2018,,2026-07-01,1.41934,2524.31271,Europe & Central Asia,Rome,12.4823,41.8955,High income,Not classified
Italy,IT,ITA,2015,,2026-07-01,1.33213,2075.80841,Europe & Central Asia,Rome,12.4823,41.8955,High income,Not classified
Italy,IT,ITA,2017,,2026-07-01,1.36393,2322.42382,Europe & Central Asia,Rome,12.4823,41.8955,High income,Not classified
Italy,IT,ITA,2016,,2026-07-01,1.35915,2209.59265,Europe & Central Asia,Rome,12.4823,41.8955,High income,Not classified
Italy,IT,ITA,2025,,2026-07-01,NA,NA,Europe & Central Asia,Rome,12.4823,41.8955,High income,Not classified
Italy,IT,ITA,2021,,2026-07-01,1.41065,2658.8949,Europe & Central Asia,Rome,12.4823,41.8955,High income,Not classified
Italy,IT,ITA,2020,,2026-07-01,1.49869,2614.68181,Europe & Central Asia,Rome,12.4823,41.8955,High income,Not classified
Italy,IT,ITA,2019,,2026-07-01,1.45558,2670.65345,Europe & Central Asia,Rome,12.4823,41.8955,High income,Not classified
Italy,IT,ITA,2024,,2026-07-01,NA,NA,Europe & Central Asia,Rome,12.4823,41.8955,High income,Not classified
Italy,IT,ITA,2022,,2026-07-01,1.36563,2795.53412,Europe & Central Asia,Rome,12.4823,41.8955,High income,Not classified
Italy,IT,ITA,2023,,2026-07-01,1.37935,2855.12509,Europe & Central Asia,Rome,12.4823,41.8955,High income,Not classified
Jamaica,JM,JAM,2016,,2026-07-01,NA,NA,Latin America & Caribbean,Kingston,-76.792,17.9927,Upper middle income,IBRD
Jamaica,JM,JAM,2017,,2026-07-01,NA,NA,Latin America & Caribbean,Kingston,-76.792,17.9927,Upper middle income,IBRD
Jamaica,JM,JAM,2022,,2026-07-01,NA,NA,Latin America & Caribbean,Kingston,-76.792,17.9927,Upper middle income,IBRD
Jamaica,JM,JAM,2020,,2026-07-01,NA,NA,Latin America & Caribbean,Kingston,-76.792,17.9927,Upper middle income,IBRD
Jamaica,JM,JAM,2019,,2026-07-01,NA,NA,Latin America & Caribbean,Kingston,-76.792,17.9927,Upper middle income,IBRD
Jamaica,JM,JAM,2021,,2026-07-01,NA,NA,Latin America & Caribbean,Kingston,-76.792,17.9927,Upper middle income,IBRD
Jamaica,JM,JAM,2015,,2026-07-01,NA,NA,Latin America & Caribbean,Kingston,-76.792,17.9927,Upper middle income,IBRD
Jamaica,JM,JAM,2025,,2026-07-01,NA,NA,Latin America & Caribbean,Kingston,-76.792,17.9927,Upper middle income,IBRD
Jamaica,JM,JAM,2018,,2026-07-01,NA,NA,Latin America & Caribbean,Kingston,-76.792,17.9927,Upper middle income,IBRD
Jamaica,JM,JAM,2024,,2026-07-01,NA,NA,Latin America & Caribbean,Kingston,-76.792,17.9927,Upper middle income,IBRD
Jamaica,JM,JAM,2023,,2026-07-01,NA,NA,Latin America & Caribbean,Kingston,-76.792,17.9927,Upper middle income,IBRD
Japan,JP,JPN,2019,,2026-07-01,3.21824,5376.11987,East Asia & Pacific,Tokyo,139.77,35.67,High income,Not classified
Japan,JP,JPN,2021,,2026-07-01,3.27383,5589.76698,East Asia & Pacific,Tokyo,139.77,35.67,High income,Not classified
Japan,JP,JPN,2022,,2026-07-01,3.40053,5629.79566,East Asia & Pacific,Tokyo,139.77,35.67,High income,Not classified
Japan,JP,JPN,2024,,2026-07-01,NA,NA,East Asia & Pacific,Tokyo,139.77,35.67,High income,Not classified
Japan,JP,JPN,2020,,2026-07-01,3.26556,5450.44287,East Asia & Pacific,Tokyo,139.77,35.67,High income,Not classified
Japan,JP,JPN,2015,,2026-07-01,3.24071,5198.48902,East Asia & Pacific,Tokyo,139.77,35.67,High income,Not classified
Japan,JP,JPN,2023,,2026-07-01,3.44125,5608.63075,East Asia & Pacific,Tokyo,139.77,35.67,High income,Not classified
Japan,JP,JPN,2017,,2026-07-01,3.16636,5319.83455,East Asia & Pacific,Tokyo,139.77,35.67,High income,Not classified
Japan,JP,JPN,2018,,2026-07-01,3.2192,5339.51713,East Asia & Pacific,Tokyo,139.77,35.67,High income,Not classified
Japan,JP,JPN,2025,,2026-07-01,NA,NA,East Asia & Pacific,Tokyo,139.77,35.67,High income,Not classified
Japan,JP,JPN,2016,,2026-07-01,3.10665,5232.70894,East Asia & Pacific,Tokyo,139.77,35.67,High income,Not classified
Jordan,JO,JOR,2023,,2026-07-01,NA,NA,"Middle East, North Africa, Afghanistan & Pakistan",Amman,35.9263,31.9497,Lower middle income,IBRD
Jordan,JO,JOR,2024,,2026-07-01,NA,NA,"Middle East, North Africa, Afghanistan & Pakistan",Amman,35.9263,31.9497,Lower middle income,IBRD
Jordan,JO,JOR,2021,,2026-07-01,NA,NA,"Middle East, North Africa, Afghanistan & Pakistan",Amman,35.9263,31.9497,Lower middle income,IBRD
Jordan,JO,JOR,2020,,2026-07-01,NA,NA,"Middle East, North Africa, Afghanistan & Pakistan",Amman,35.9263,31.9497,Lower middle income,IBRD
Jordan,JO,JOR,2022,,2026-07-01,NA,NA,"Middle East, North Africa, Afghanistan & Pakistan",Amman,35.9263,31.9497,Lower middle income,IBRD
Jordan,JO,JOR,2017,,2026-07-01,NA,576.00927,"Middle East, North Africa, Afghanistan & Pakistan",Amman,35.9263,31.9497,Lower middle income,IBRD
Jordan,JO,JOR,2019,,2026-07-01,NA,NA,"Middle East, North Africa, Afghanistan & Pakistan",Amman,35.9263,31.9497,Lower middle income,IBRD
Jordan,JO,JOR,2015,,2026-07-01,NA,254.19597,"Middle East, North Africa, Afghanistan & Pakistan",Amman,35.9263,31.9497,Lower middle income,IBRD
Jordan,JO,JOR,2016,,2026-07-01,0.69547,572.41702,"Middle East, North Africa, Afghanistan & Pakistan",Amman,35.9263,31.9497,Lower middle income,IBRD
Jordan,JO,JOR,2025,,2026-07-01,NA,NA,"Middle East, North Africa, Afghanistan & Pakistan",Amman,35.9263,31.9497,Lower middle income,IBRD
Jordan,JO,JOR,2018,,2026-07-01,NA,NA,"Middle East, North Africa, Afghanistan & Pakistan",Amman,35.9263,31.9497,Lower middle income,IBRD
Kazakhstan,KZ,KAZ,2022,,2026-07-01,0.11715,661.69455,Europe & Central Asia,Astana,71.4382,51.1879,Upper middle income,IBRD
Kazakhstan,KZ,KAZ,2019,,2026-07-01,0.11841,619.64887,Europe & Central Asia,Astana,71.4382,51.1879,Upper middle income,IBRD
Kazakhstan,KZ,KAZ,2025,,2026-07-01,NA,NA,Europe & Central Asia,Astana,71.4382,51.1879,Upper middle income,IBRD
Kazakhstan,KZ,KAZ,2024,,2026-07-01,0.16242,758.00637,Europe & Central Asia,Astana,71.4382,51.1879,Upper middle income,IBRD
Kazakhstan,KZ,KAZ,2017,,2026-07-01,0.12667,650.77119,Europe & Central Asia,Astana,71.4382,51.1879,Upper middle income,IBRD
Kazakhstan,KZ,KAZ,2018,,2026-07-01,0.11683,650.01155,Europe & Central Asia,Astana,71.4382,51.1879,Upper middle income,IBRD
Kazakhstan,KZ,KAZ,2023,,2026-07-01,0.14449,693.05803,Europe & Central Asia,Astana,71.4382,51.1879,Upper middle income,IBRD
Kazakhstan,KZ,KAZ,2020,,2026-07-01,0.12602,668.82871,Europe & Central Asia,Astana,71.4382,51.1879,Upper middle income,IBRD
Kazakhstan,KZ,KAZ,2021,,2026-07-01,0.13023,609.97284,Europe & Central Asia,Astana,71.4382,51.1879,Upper middle income,IBRD
Kazakhstan,KZ,KAZ,2015,,2026-07-01,0.16951,760.84725,Europe & Central Asia,Astana,71.4382,51.1879,Upper middle income,IBRD
Kazakhstan,KZ,KAZ,2016,,2026-07-01,0.14179,678.87213,Europe & Central Asia,Astana,71.4382,51.1879,Upper middle income,IBRD
Kenya,KE,KEN,2017,,2026-07-01,NA,NA,Sub-Saharan Africa,Nairobi,36.8126,-1.27975,Lower middle income,Blend
Kenya,KE,KEN,2018,,2026-07-01,NA,NA,Sub-Saharan Africa,Nairobi,36.8126,-1.27975,Lower middle income,Blend
Kenya,KE,KEN,2020,,2026-07-01,NA,NA,Sub-Saharan Africa,Nairobi,36.8126,-1.27975,Lower middle income,Blend
Kenya,KE,KEN,2024,,2026-07-01,0.81069,384.02423,Sub-Saharan Africa,Nairobi,36.8126,-1.27975,Lower middle income,Blend
Kenya,KE,KEN,2016,,2026-07-01,NA,NA,Sub-Saharan Africa,Nairobi,36.8126,-1.27975,Lower middle income,Blend
Kenya,KE,KEN,2015,,2026-07-01,NA,NA,Sub-Saharan Africa,Nairobi,36.8126,-1.27975,Lower middle income,Blend
Kenya,KE,KEN,2025,,2026-07-01,NA,NA,Sub-Saharan Africa,Nairobi,36.8126,-1.27975,Lower middle income,Blend
Kenya,KE,KEN,2021,,2026-07-01,NA,NA,Sub-Saharan Africa,Nairobi,36.8126,-1.27975,Lower middle income,Blend
Kenya,KE,KEN,2019,,2026-07-01,NA,NA,Sub-Saharan Africa,Nairobi,36.8126,-1.27975,Lower middle income,Blend
Kenya,KE,KEN,2023,,2026-07-01,0.80427,200.85225,Sub-Saharan Africa,Nairobi,36.8126,-1.27975,Lower middle income,Blend
Kenya,KE,KEN,2022,,2026-07-01,0.40651,168.60477,Sub-Saharan Africa,Nairobi,36.8126,-1.27975,Lower middle income,Blend
Kiribati,KI,KIR,2017,,2026-07-01,NA,NA,East Asia & Pacific,Tarawa,172.979,1.32905,Lower middle income,IDA
Kiribati,KI,KIR,2016,,2026-07-01,NA,NA,East Asia & Pacific,Tarawa,172.979,1.32905,Lower middle income,IDA
Kiribati,KI,KIR,2020,,2026-07-01,NA,NA,East Asia & Pacific,Tarawa,172.979,1.32905,Lower middle income,IDA
Kiribati,KI,KIR,2019,,2026-07-01,NA,NA,East Asia & Pacific,Tarawa,172.979,1.32905,Lower middle income,IDA
Kiribati,KI,KIR,2022,,2026-07-01,NA,NA,East Asia & Pacific,Tarawa,172.979,1.32905,Lower middle income,IDA
Kiribati,KI,KIR,2015,,2026-07-01,NA,NA,East Asia & Pacific,Tarawa,172.979,1.32905,Lower middle income,IDA
Kiribati,KI,KIR,2023,,2026-07-01,NA,NA,East Asia & Pacific,Tarawa,172.979,1.32905,Lower middle income,IDA
Kiribati,KI,KIR,2018,,2026-07-01,NA,NA,East Asia & Pacific,Tarawa,172.979,1.32905,Lower middle income,IDA
Kiribati,KI,KIR,2025,,2026-07-01,NA,NA,East Asia & Pacific,Tarawa,172.979,1.32905,Lower middle income,IDA
Kiribati,KI,KIR,2021,,2026-07-01,NA,NA,East Asia & Pacific,Tarawa,172.979,1.32905,Lower middle income,IDA
Kiribati,KI,KIR,2024,,2026-07-01,NA,NA,East Asia & Pacific,Tarawa,172.979,1.32905,Lower middle income,IDA
"Korea, Dem. People's Rep.",KP,PRK,2018,,2026-07-01,NA,NA,East Asia & Pacific,Pyongyang,125.754,39.0319,Low income,Not classified
"Korea, Dem. People's Rep.",KP,PRK,2019,,2026-07-01,NA,NA,East Asia & Pacific,Pyongyang,125.754,39.0319,Low income,Not classified
"Korea, Dem. People's Rep.",KP,PRK,2022,,2026-07-01,NA,NA,East Asia & Pacific,Pyongyang,125.754,39.0319,Low income,Not classified
"Korea, Dem. People's Rep.",KP,PRK,2024,,2026-07-01,NA,NA,East Asia & Pacific,Pyongyang,125.754,39.0319,Low income,Not classified
"Korea, Dem. People's Rep.",KP,PRK,2023,,2026-07-01,NA,NA,East Asia & Pacific,Pyongyang,125.754,39.0319,Low income,Not classified
"Korea, Dem. People's Rep.",KP,PRK,2021,,2026-07-01,NA,NA,East Asia & Pacific,Pyongyang,125.754,39.0319,Low income,Not classified
"Korea, Dem. People's Rep.",KP,PRK,2015,,2026-07-01,NA,NA,East Asia & Pacific,Pyongyang,125.754,39.0319,Low income,Not classified
"Korea, Dem. People's Rep.",KP,PRK,2017,,2026-07-01,NA,NA,East Asia & Pacific,Pyongyang,125.754,39.0319,Low income,Not classified
"Korea, Dem. People's Rep.",KP,PRK,2020,,2026-07-01,NA,NA,East Asia & Pacific,Pyongyang,125.754,39.0319,Low income,Not classified
"Korea, Dem. People's Rep.",KP,PRK,2016,,2026-07-01,NA,NA,East Asia & Pacific,Pyongyang,125.754,39.0319,Low income,Not classified
"Korea, Dem. People's Rep.",KP,PRK,2025,,2026-07-01,NA,NA,East Asia & Pacific,Pyongyang,125.754,39.0319,Low income,Not classified
"Korea, Rep.",KR,KOR,2019,,2026-07-01,4.36379,8328.96727,East Asia & Pacific,Seoul,126.957,37.5323,High income,Not classified
"Korea, Rep.",KR,KOR,2024,,2026-07-01,NA,NA,East Asia & Pacific,Seoul,126.957,37.5323,High income,Not classified
"Korea, Rep.",KR,KOR,2025,,2026-07-01,NA,NA,East Asia & Pacific,Seoul,126.957,37.5323,High income,Not classified
"Korea, Rep.",KR,KOR,2022,,2026-07-01,4.84753,9434.7613,East Asia & Pacific,Seoul,126.957,37.5323,High income,Not classified
"Korea, Rep.",KR,KOR,2023,,2026-07-01,4.94352,9471.82543,East Asia & Pacific,Seoul,126.957,37.5323,High income,Not classified
"Korea, Rep.",KR,KOR,2018,,2026-07-01,4.27155,7918.46916,East Asia & Pacific,Seoul,126.957,37.5323,High income,Not classified
"Korea, Rep.",KR,KOR,2020,,2026-07-01,4.5214,8620.009,East Asia & Pacific,Seoul,126.957,37.5323,High income,Not classified
"Korea, Rep.",KR,KOR,2021,,2026-07-01,4.59673,9071.4503,East Asia & Pacific,Seoul,126.957,37.5323,High income,Not classified
"Korea, Rep.",KR,KOR,2017,,2026-07-01,4.07341,7453.21918,East Asia & Pacific,Seoul,126.957,37.5323,High income,Not classified
"Korea, Rep.",KR,KOR,2015,,2026-07-01,3.78907,7020.43916,East Asia & Pacific,Seoul,126.957,37.5323,High income,Not classified
"Korea, Rep.",KR,KOR,2016,,2026-07-01,3.78638,7057.16003,East Asia & Pacific,Seoul,126.957,37.5323,High income,Not classified
Kosovo,XK,XKX,2015,,2026-07-01,NA,NA,Europe & Central Asia,Pristina,20.926,42.565,Upper middle income,IDA
Kosovo,XK,XKX,2024,,2026-07-01,NA,NA,Europe & Central Asia,Pristina,20.926,42.565,Upper middle income,IDA
Kosovo,XK,XKX,2025,,2026-07-01,NA,NA,Europe & Central Asia,Pristina,20.926,42.565,Upper middle income,IDA
Kosovo,XK,XKX,2023,,2026-07-01,NA,NA,Europe & Central Asia,Pristina,20.926,42.565,Upper middle income,IDA
Kosovo,XK,XKX,2018,,2026-07-01,NA,NA,Europe & Central Asia,Pristina,20.926,42.565,Upper middle income,IDA
Kosovo,XK,XKX,2016,,2026-07-01,NA,NA,Europe & Central Asia,Pristina,20.926,42.565,Upper middle income,IDA
Kosovo,XK,XKX,2017,,2026-07-01,NA,NA,Europe & Central Asia,Pristina,20.926,42.565,Upper middle income,IDA
Kosovo,XK,XKX,2021,,2026-07-01,NA,NA,Europe & Central Asia,Pristina,20.926,42.565,Upper middle income,IDA
Kosovo,XK,XKX,2022,,2026-07-01,NA,NA,Europe & Central Asia,Pristina,20.926,42.565,Upper middle income,IDA
Kosovo,XK,XKX,2019,,2026-07-01,NA,NA,Europe & Central Asia,Pristina,20.926,42.565,Upper middle income,IDA
Kosovo,XK,XKX,2020,,2026-07-01,NA,NA,Europe & Central Asia,Pristina,20.926,42.565,Upper middle income,IDA
Kuwait,KW,KWT,2017,,2026-07-01,0.0804,498.31295,"Middle East, North Africa, Afghanistan & Pakistan",Kuwait City,47.9824,29.3721,High income,Not classified
Kuwait,KW,KWT,2015,,2026-07-01,0.0966,405.49843,"Middle East, North Africa, Afghanistan & Pakistan",Kuwait City,47.9824,29.3721,High income,Not classified
Kuwait,KW,KWT,2024,,2026-07-01,0.08954,144.75416,"Middle East, North Africa, Afghanistan & Pakistan",Kuwait City,47.9824,29.3721,High income,Not classified
Kuwait,KW,KWT,2016,,2026-07-01,0.07985,481.99315,"Middle East, North Africa, Afghanistan & Pakistan",Kuwait City,47.9824,29.3721,High income,Not classified
Kuwait,KW,KWT,2020,,2026-07-01,0.17805,165.97953,"Middle East, North Africa, Afghanistan & Pakistan",Kuwait City,47.9824,29.3721,High income,Not classified
Kuwait,KW,KWT,2025,,2026-07-01,NA,NA,"Middle East, North Africa, Afghanistan & Pakistan",Kuwait City,47.9824,29.3721,High income,Not classified
Kuwait,KW,KWT,2023,,2026-07-01,0.09547,159.38516,"Middle East, North Africa, Afghanistan & Pakistan",Kuwait City,47.9824,29.3721,High income,Not classified
Kuwait,KW,KWT,2019,,2026-07-01,0.18512,175.34012,"Middle East, North Africa, Afghanistan & Pakistan",Kuwait City,47.9824,29.3721,High income,Not classified
Kuwait,KW,KWT,2021,,2026-07-01,NA,NA,"Middle East, North Africa, Afghanistan & Pakistan",Kuwait City,47.9824,29.3721,High income,Not classified
Kuwait,KW,KWT,2018,,2026-07-01,0.06329,502.98169,"Middle East, North Africa, Afghanistan & Pakistan",Kuwait City,47.9824,29.3721,High income,Not classified
Kuwait,KW,KWT,2022,,2026-07-01,0.0801,176.25862,"Middle East, North Africa, Afghanistan & Pakistan",Kuwait City,47.9824,29.3721,High income,Not classified
Kyrgyz Republic,KG,KGZ,2018,,2026-07-01,0.10107,NA,Europe & Central Asia,Bishkek,74.6057,42.8851,Lower middle income,IDA
Kyrgyz Republic,KG,KGZ,2016,,2026-07-01,0.11121,NA,Europe & Central Asia,Bishkek,74.6057,42.8851,Lower middle income,IDA
Kyrgyz Republic,KG,KGZ,2017,,2026-07-01,0.10707,NA,Europe & Central Asia,Bishkek,74.6057,42.8851,Lower middle income,IDA
Kyrgyz Republic,KG,KGZ,2020,,2026-07-01,0.08356,NA,Europe & Central Asia,Bishkek,74.6057,42.8851,Lower middle income,IDA
Kyrgyz Republic,KG,KGZ,2015,,2026-07-01,0.11903,NA,Europe & Central Asia,Bishkek,74.6057,42.8851,Lower middle income,IDA
Kyrgyz Republic,KG,KGZ,2021,,2026-07-01,0.07102,NA,Europe & Central Asia,Bishkek,74.6057,42.8851,Lower middle income,IDA
Kyrgyz Republic,KG,KGZ,2022,,2026-07-01,0.06922,NA,Europe & Central Asia,Bishkek,74.6057,42.8851,Lower middle income,IDA
Kyrgyz Republic,KG,KGZ,2019,,2026-07-01,0.08535,NA,Europe & Central Asia,Bishkek,74.6057,42.8851,Lower middle income,IDA
Kyrgyz Republic,KG,KGZ,2025,,2026-07-01,NA,NA,Europe & Central Asia,Bishkek,74.6057,42.8851,Lower middle income,IDA
Kyrgyz Republic,KG,KGZ,2023,,2026-07-01,0.05414,NA,Europe & Central Asia,Bishkek,74.6057,42.8851,Lower middle income,IDA
Kyrgyz Republic,KG,KGZ,2024,,2026-07-01,0.05269,NA,Europe & Central Asia,Bishkek,74.6057,42.8851,Lower middle income,IDA
Lao PDR,LA,LAO,2016,,2026-07-01,NA,NA,East Asia & Pacific,Vientiane,102.177,18.5826,Lower middle income,IDA
Lao PDR,LA,LAO,2020,,2026-07-01,NA,NA,East Asia & Pacific,Vientiane,102.177,18.5826,Lower middle income,IDA
Lao PDR,LA,LAO,2022,,2026-07-01,NA,NA,East Asia & Pacific,Vientiane,102.177,18.5826,Lower middle income,IDA
Lao PDR,LA,LAO,2018,,2026-07-01,NA,NA,East Asia & Pacific,Vientiane,102.177,18.5826,Lower middle income,IDA
Lao PDR,LA,LAO,2019,,2026-07-01,NA,NA,East Asia & Pacific,Vientiane,102.177,18.5826,Lower middle income,IDA
Lao PDR,LA,LAO,2021,,2026-07-01,NA,NA,East Asia & Pacific,Vientiane,102.177,18.5826,Lower middle income,IDA
Lao PDR,LA,LAO,2015,,2026-07-01,NA,NA,East Asia & Pacific,Vientiane,102.177,18.5826,Lower middle income,IDA
Lao PDR,LA,LAO,2025,,2026-07-01,NA,NA,East Asia & Pacific,Vientiane,102.177,18.5826,Lower middle income,IDA
Lao PDR,LA,LAO,2017,,2026-07-01,NA,NA,East Asia & Pacific,Vientiane,102.177,18.5826,Lower middle income,IDA
Lao PDR,LA,LAO,2024,,2026-07-01,NA,NA,East Asia & Pacific,Vientiane,102.177,18.5826,Lower middle income,IDA
Lao PDR,LA,LAO,2023,,2026-07-01,NA,NA,East Asia & Pacific,Vientiane,102.177,18.5826,Lower middle income,IDA
Late-demographic dividend,V3,LTE,2019,,2026-07-01,1.76617643616171,1577.45846986011,Aggregates,,,,Aggregates,Aggregates
Late-demographic dividend,V3,LTE,2021,,2026-07-01,1.96116789365958,1726.64228193515,Aggregates,,,,Aggregates,Aggregates
Late-demographic dividend,V3,LTE,2022,,2026-07-01,2.02080468716553,1877.97922875464,Aggregates,,,,Aggregates,Aggregates
Late-demographic dividend,V3,LTE,2023,,2026-07-01,2.09034358877655,2060.37929621427,Aggregates,,,,Aggregates,Aggregates
Late-demographic dividend,V3,LTE,2020,,2026-07-01,1.9287748714655,1682.85359967376,Aggregates,,,,Aggregates,Aggregates
Late-demographic dividend,V3,LTE,2015,,2026-07-01,1.58029436811179,1276.25293586402,Aggregates,,,,Aggregates,Aggregates
Late-demographic dividend,V3,LTE,2016,,2026-07-01,1.64436355816066,1346.2342924802,Aggregates,,,,Aggregates,Aggregates
Late-demographic dividend,V3,LTE,2017,,2026-07-01,1.64865821073684,1324.37576012497,Aggregates,,,,Aggregates,Aggregates
Late-demographic dividend,V3,LTE,2018,,2026-07-01,1.6710773045223,1481.64459790679,Aggregates,,,,Aggregates,Aggregates
Late-demographic dividend,V3,LTE,2024,,2026-07-01,NA,NA,Aggregates,,,,Aggregates,Aggregates
Late-demographic dividend,V3,LTE,2025,,2026-07-01,NA,NA,Aggregates,,,,Aggregates,Aggregates
Latin America & Caribbean,ZJ,LCN,2019,,2026-07-01,0.626038248103588,NA,NA,NA,NA,NA,NA,NA
Latin America & Caribbean,ZJ,LCN,2020,,2026-07-01,0.644615222117082,NA,NA,NA,NA,NA,NA,NA
Latin America & Caribbean,ZJ,LCN,2021,,2026-07-01,0.617603270264567,NA,NA,NA,NA,NA,NA,NA
Latin America & Caribbean,ZJ,LCN,2022,,2026-07-01,0.657401382768952,NA,NA,NA,NA,NA,NA,NA
Latin America & Caribbean,ZJ,LCN,2023,,2026-07-01,0.682681546543488,NA,NA,NA,NA,NA,NA,NA
Latin America & Caribbean,ZJ,LCN,2024,,2026-07-01,NA,NA,NA,NA,NA,NA,NA,NA
Latin America & Caribbean,ZJ,LCN,2025,,2026-07-01,NA,NA,NA,NA,NA,NA,NA,NA
Latin America & Caribbean,ZJ,LCN,2018,,2026-07-01,0.638182174027151,NA,NA,NA,NA,NA,NA,NA
Latin America & Caribbean,ZJ,LCN,2017,,2026-07-01,0.647229574033165,NA,NA,NA,NA,NA,NA,NA
Latin America & Caribbean,ZJ,LCN,2016,,2026-07-01,0.687370788747671,NA,NA,NA,NA,NA,NA,NA
Latin America & Caribbean,ZJ,LCN,2015,,2026-07-01,0.728873328202675,NA,NA,NA,NA,NA,NA,NA
Latin America & Caribbean (excluding high income),XJ,LAC,2024,,2026-07-01,NA,NA,Aggregates,,,,Aggregates,Aggregates
Latin America & Caribbean (excluding high income),XJ,LAC,2025,,2026-07-01,NA,NA,Aggregates,,,,Aggregates,Aggregates
Latin America & Caribbean (excluding high income),XJ,LAC,2020,,2026-07-01,0.68037634277728,NA,Aggregates,,,,Aggregates,Aggregates
Latin America & Caribbean (excluding high income),XJ,LAC,2021,,2026-07-01,0.65529864902249,NA,Aggregates,,,,Aggregates,Aggregates
Latin America & Caribbean (excluding high income),XJ,LAC,2023,,2026-07-01,0.696974020068997,NA,Aggregates,,,,Aggregates,Aggregates
Latin America & Caribbean (excluding high income),XJ,LAC,2016,,2026-07-01,0.725578487221863,NA,Aggregates,,,,Aggregates,Aggregates
Latin America & Caribbean (excluding high income),XJ,LAC,2022,,2026-07-01,0.692892011042687,NA,Aggregates,,,,Aggregates,Aggregates
Latin America & Caribbean (excluding high income),XJ,LAC,2019,,2026-07-01,0.654956262674072,NA,Aggregates,,,,Aggregates,Aggregates
Latin America & Caribbean (excluding high income),XJ,LAC,2015,,2026-07-01,0.776243138884854,NA,Aggregates,,,,Aggregates,Aggregates
Latin America & Caribbean (excluding high income),XJ,LAC,2018,,2026-07-01,0.6718672554356,NA,Aggregates,,,,Aggregates,Aggregates
Latin America & Caribbean (excluding high income),XJ,LAC,2017,,2026-07-01,0.679763769120232,NA,Aggregates,,,,Aggregates,Aggregates
Latin America & the Caribbean (IDA & IBRD countries),T2,TLA,2015,,2026-07-01,0.741071136453956,NA,Aggregates,,,,Aggregates,Aggregates
Latin America & the Caribbean (IDA & IBRD countries),T2,TLA,2017,,2026-07-01,0.651330024451738,NA,Aggregates,,,,Aggregates,Aggregates
Latin America & the Caribbean (IDA & IBRD countries),T2,TLA,2020,,2026-07-01,0.647968615418545,NA,Aggregates,,,,Aggregates,Aggregates
Latin America & the Caribbean (IDA & IBRD countries),T2,TLA,2018,,2026-07-01,0.640235962347604,NA,Aggregates,,,,Aggregates,Aggregates
Latin America & the Caribbean (IDA & IBRD countries),T2,TLA,2016,,2026-07-01,0.694354703019606,NA,Aggregates,,,,Aggregates,Aggregates
Latin America & the Caribbean (IDA & IBRD countries),T2,TLA,2024,,2026-07-01,NA,NA,Aggregates,,,,Aggregates,Aggregates
Latin America & the Caribbean (IDA & IBRD countries),T2,TLA,2021,,2026-07-01,0.617603270264567,NA,Aggregates,,,,Aggregates,Aggregates
Latin America & the Caribbean (IDA & IBRD countries),T2,TLA,2022,,2026-07-01,0.657401382768952,NA,Aggregates,,,,Aggregates,Aggregates
Latin America & the Caribbean (IDA & IBRD countries),T2,TLA,2025,,2026-07-01,NA,NA,Aggregates,,,,Aggregates,Aggregates
Latin America & the Caribbean (IDA & IBRD countries),T2,TLA,2019,,2026-07-01,0.627601765260088,NA,Aggregates,,,,Aggregates,Aggregates
Latin America & the Caribbean (IDA & IBRD countries),T2,TLA,2023,,2026-07-01,0.682681546543488,NA,Aggregates,,,,Aggregates,Aggregates
Latvia,LV,LVA,2017,,2026-07-01,0.53004,1785.24003,Europe & Central Asia,Riga,24.1048,56.9465,High income,Not classified
Latvia,LV,LVA,2015,,2026-07-01,0.641,1818.82619,Europe & Central Asia,Riga,24.1048,56.9465,High income,Not classified
Latvia,LV,LVA,2018,,2026-07-01,0.66138,1786.2773,Europe & Central Asia,Riga,24.1048,56.9465,High income,Not classified
Latvia,LV,LVA,2020,,2026-07-01,0.75663,2134.06006,Europe & Central Asia,Riga,24.1048,56.9465,High income,Not classified
Latvia,LV,LVA,2022,,2026-07-01,0.8122,2270.07923,Europe & Central Asia,Riga,24.1048,56.9465,High income,Not classified
Latvia,LV,LVA,2023,,2026-07-01,0.8236,2190.86637,Europe & Central Asia,Riga,24.1048,56.9465,High income,Not classified
Latvia,LV,LVA,2016,,2026-07-01,0.45065,1600.57848,Europe & Central Asia,Riga,24.1048,56.9465,High income,Not classified
Latvia,LV,LVA,2024,,2026-07-01,NA,NA,Europe & Central Asia,Riga,24.1048,56.9465,High income,Not classified
Latvia,LV,LVA,2019,,2026-07-01,0.6602,1891.24705,Europe & Central Asia,Riga,24.1048,56.9465,High income,Not classified
Latvia,LV,LVA,2021,,2026-07-01,0.77085,2395.27344,Europe & Central Asia,Riga,24.1048,56.9465,High income,Not classified
Latvia,LV,LVA,2025,,2026-07-01,NA,NA,Europe & Central Asia,Riga,24.1048,56.9465,High income,Not classified
Least developed countries: UN classification,XL,LDC,2019,,2026-07-01,NA,NA,Aggregates,,,,Aggregates,Aggregates
Least developed countries: UN classification,XL,LDC,2023,,2026-07-01,NA,NA,Aggregates,,,,Aggregates,Aggregates
Least developed countries: UN classification,XL,LDC,2018,,2026-07-01,NA,NA,Aggregates,,,,Aggregates,Aggregates
Least developed countries: UN classification,XL,LDC,2017,,2026-07-01,NA,NA,Aggregates,,,,Aggregates,Aggregates
Least developed countries: UN classification,XL,LDC,2020,,2026-07-01,NA,NA,Aggregates,,,,Aggregates,Aggregates
Least developed countries: UN classification,XL,LDC,2022,,2026-07-01,NA,NA,Aggregates,,,,Aggregates,Aggregates
Least developed countries: UN classification,XL,LDC,2021,,2026-07-01,NA,NA,Aggregates,,,,Aggregates,Aggregates
Least developed countries: UN classification,XL,LDC,2025,,2026-07-01,NA,NA,Aggregates,,,,Aggregates,Aggregates
Least developed countries: UN classification,XL,LDC,2015,,2026-07-01,NA,NA,Aggregates,,,,Aggregates,Aggregates
Least developed countries: UN classification,XL,LDC,2016,,2026-07-01,NA,NA,Aggregates,,,,Aggregates,Aggregates
Least developed countries: UN classification,XL,LDC,2024,,2026-07-01,NA,NA,Aggregates,,,,Aggregates,Aggregates
Lebanon,LB,LBN,2020,,2026-07-01,NA,NA,"Middle East, North Africa, Afghanistan & Pakistan",Beirut,35.5134,33.8872,Lower middle income,IBRD
Lebanon,LB,LBN,2022,,2026-07-01,NA,NA,"Middle East, North Africa, Afghanistan & Pakistan",Beirut,35.5134,33.8872,Lower middle income,IBRD
Lebanon,LB,LBN,2023,,2026-07-01,NA,NA,"Middle East, North Africa, Afghanistan & Pakistan",Beirut,35.5134,33.8872,Lower middle income,IBRD
Lebanon,LB,LBN,2025,,2026-07-01,NA,NA,"Middle East, North Africa, Afghanistan & Pakistan",Beirut,35.5134,33.8872,Lower middle income,IBRD
Lebanon,LB,LBN,2015,,2026-07-01,NA,NA,"Middle East, North Africa, Afghanistan & Pakistan",Beirut,35.5134,33.8872,Lower middle income,IBRD
Lebanon,LB,LBN,2016,,2026-07-01,NA,NA,"Middle East, North Africa, Afghanistan & Pakistan",Beirut,35.5134,33.8872,Lower middle income,IBRD
Lebanon,LB,LBN,2021,,2026-07-01,NA,NA,"Middle East, North Africa, Afghanistan & Pakistan",Beirut,35.5134,33.8872,Lower middle income,IBRD
Lebanon,LB,LBN,2019,,2026-07-01,NA,NA,"Middle East, North Africa, Afghanistan & Pakistan",Beirut,35.5134,33.8872,Lower middle income,IBRD
Lebanon,LB,LBN,2017,,2026-07-01,NA,NA,"Middle East, North Africa, Afghanistan & Pakistan",Beirut,35.5134,33.8872,Lower middle income,IBRD
Lebanon,LB,LBN,2024,,2026-07-01,NA,NA,"Middle East, North Africa, Afghanistan & Pakistan",Beirut,35.5134,33.8872,Lower middle income,IBRD
Lebanon,LB,LBN,2018,,2026-07-01,NA,NA,"Middle East, North Africa, Afghanistan & Pakistan",Beirut,35.5134,33.8872,Lower middle income,IBRD
Lesotho,LS,LSO,2024,,2026-07-01,NA,NA,Sub-Saharan Africa,Maseru,27.7167,-29.5208,Lower middle income,IDA
Lesotho,LS,LSO,2015,,2026-07-01,0.05101,23.73201,Sub-Saharan Africa,Maseru,27.7167,-29.5208,Lower middle income,IDA
Lesotho,LS,LSO,2023,,2026-07-01,0.09453,32.23847,Sub-Saharan Africa,Maseru,27.7167,-29.5208,Lower middle income,IDA
Lesotho,LS,LSO,2018,,2026-07-01,NA,NA,Sub-Saharan Africa,Maseru,27.7167,-29.5208,Lower middle income,IDA
Lesotho,LS,LSO,2019,,2026-07-01,NA,NA,Sub-Saharan Africa,Maseru,27.7167,-29.5208,Lower middle income,IDA
Lesotho,LS,LSO,2025,,2026-07-01,NA,NA,Sub-Saharan Africa,Maseru,27.7167,-29.5208,Lower middle income,IDA
Lesotho,LS,LSO,2022,,2026-07-01,NA,NA,Sub-Saharan Africa,Maseru,27.7167,-29.5208,Lower middle income,IDA
Lesotho,LS,LSO,2016,,2026-07-01,NA,NA,Sub-Saharan Africa,Maseru,27.7167,-29.5208,Lower middle income,IDA
Lesotho,LS,LSO,2017,,2026-07-01,NA,NA,Sub-Saharan Africa,Maseru,27.7167,-29.5208,Lower middle income,IDA
Lesotho,LS,LSO,2020,,2026-07-01,NA,NA,Sub-Saharan Africa,Maseru,27.7167,-29.5208,Lower middle income,IDA
Lesotho,LS,LSO,2021,,2026-07-01,NA,NA,Sub-Saharan Africa,Maseru,27.7167,-29.5208,Lower middle income,IDA
Liberia,LR,LBR,2023,,2026-07-01,NA,NA,Sub-Saharan Africa,Monrovia,-10.7957,6.30039,Low income,IDA
Liberia,LR,LBR,2024,,2026-07-01,NA,NA,Sub-Saharan Africa,Monrovia,-10.7957,6.30039,Low income,IDA
Liberia,LR,LBR,2018,,2026-07-01,NA,NA,Sub-Saharan Africa,Monrovia,-10.7957,6.30039,Low income,IDA
Liberia,LR,LBR,2025,,2026-07-01,NA,NA,Sub-Saharan Africa,Monrovia,-10.7957,6.30039,Low income,IDA
Liberia,LR,LBR,2022,,2026-07-01,NA,NA,Sub-Saharan Africa,Monrovia,-10.7957,6.30039,Low income,IDA
Liberia,LR,LBR,2019,,2026-07-01,NA,NA,Sub-Saharan Africa,Monrovia,-10.7957,6.30039,Low income,IDA
Liberia,LR,LBR,2015,,2026-07-01,NA,NA,Sub-Saharan Africa,Monrovia,-10.7957,6.30039,Low income,IDA
Liberia,LR,LBR,2017,,2026-07-01,NA,NA,Sub-Saharan Africa,Monrovia,-10.7957,6.30039,Low income,IDA
Liberia,LR,LBR,2016,,2026-07-01,NA,NA,Sub-Saharan Africa,Monrovia,-10.7957,6.30039,Low income,IDA
Liberia,LR,LBR,2021,,2026-07-01,NA,NA,Sub-Saharan Africa,Monrovia,-10.7957,6.30039,Low income,IDA
Liberia,LR,LBR,2020,,2026-07-01,NA,NA,Sub-Saharan Africa,Monrovia,-10.7957,6.30039,Low income,IDA
Libya,LY,LBY,2016,,2026-07-01,NA,NA,"Middle East, North Africa, Afghanistan & Pakistan",Tripoli,13.1072,32.8578,Upper middle income,IBRD
Libya,LY,LBY,2021,,2026-07-01,NA,NA,"Middle East, North Africa, Afghanistan & Pakistan",Tripoli,13.1072,32.8578,Upper middle income,IBRD
Libya,LY,LBY,2015,,2026-07-01,NA,NA,"Middle East, North Africa, Afghanistan & Pakistan",Tripoli,13.1072,32.8578,Upper middle income,IBRD
Libya,LY,LBY,2025,,2026-07-01,NA,NA,"Middle East, North Africa, Afghanistan & Pakistan",Tripoli,13.1072,32.8578,Upper middle income,IBRD
Libya,LY,LBY,2018,,2026-07-01,NA,NA,"Middle East, North Africa, Afghanistan & Pakistan",Tripoli,13.1072,32.8578,Upper middle income,IBRD
Libya,LY,LBY,2019,,2026-07-01,NA,NA,"Middle East, North Africa, Afghanistan & Pakistan",Tripoli,13.1072,32.8578,Upper middle income,IBRD
Libya,LY,LBY,2022,,2026-07-01,NA,NA,"Middle East, North Africa, Afghanistan & Pakistan",Tripoli,13.1072,32.8578,Upper middle income,IBRD
Libya,LY,LBY,2023,,2026-07-01,NA,NA,"Middle East, North Africa, Afghanistan & Pakistan",Tripoli,13.1072,32.8578,Upper middle income,IBRD
Libya,LY,LBY,2017,,2026-07-01,NA,NA,"Middle East, North Africa, Afghanistan & Pakistan",Tripoli,13.1072,32.8578,Upper middle income,IBRD
Libya,LY,LBY,2020,,2026-07-01,NA,NA,"Middle East, North Africa, Afghanistan & Pakistan",Tripoli,13.1072,32.8578,Upper middle income,IBRD
Libya,LY,LBY,2024,,2026-07-01,NA,NA,"Middle East, North Africa, Afghanistan & Pakistan",Tripoli,13.1072,32.8578,Upper middle income,IBRD
Liechtenstein,LI,LIE,2018,,2026-07-01,NA,NA,Europe & Central Asia,Vaduz,9.52148,47.1411,High income,Not classified
Liechtenstein,LI,LIE,2017,,2026-07-01,NA,NA,Europe & Central Asia,Vaduz,9.52148,47.1411,High income,Not classified
Liechtenstein,LI,LIE,2016,,2026-07-01,NA,NA,Europe & Central Asia,Vaduz,9.52148,47.1411,High income,Not classified
Liechtenstein,LI,LIE,2019,,2026-07-01,5.86833,20047.04652,Europe & Central Asia,Vaduz,9.52148,47.1411,High income,Not classified
Liechtenstein,LI,LIE,2021,,2026-07-01,NA,NA,Europe & Central Asia,Vaduz,9.52148,47.1411,High income,Not classified
Liechtenstein,LI,LIE,2024,,2026-07-01,NA,NA,Europe & Central Asia,Vaduz,9.52148,47.1411,High income,Not classified
Liechtenstein,LI,LIE,2022,,2026-07-01,NA,NA,Europe & Central Asia,Vaduz,9.52148,47.1411,High income,Not classified
Liechtenstein,LI,LIE,2015,,2026-07-01,NA,NA,Europe & Central Asia,Vaduz,9.52148,47.1411,High income,Not classified
Liechtenstein,LI,LIE,2025,,2026-07-01,NA,NA,Europe & Central Asia,Vaduz,9.52148,47.1411,High income,Not classified
Liechtenstein,LI,LIE,2020,,2026-07-01,NA,NA,Europe & Central Asia,Vaduz,9.52148,47.1411,High income,Not classified
Liechtenstein,LI,LIE,2023,,2026-07-01,6.00984,18129.75165,Europe & Central Asia,Vaduz,9.52148,47.1411,High income,Not classified
Lithuania,LT,LTU,2021,,2026-07-01,1.10044,3946.51068,Europe & Central Asia,Vilnius,25.2799,54.6896,High income,Not classified
Lithuania,LT,LTU,2015,,2026-07-01,1.04077,2794.92116,Europe & Central Asia,Vilnius,25.2799,54.6896,High income,Not classified
Lithuania,LT,LTU,2023,,2026-07-01,1.04977,3703.86273,Europe & Central Asia,Vilnius,25.2799,54.6896,High income,Not classified
Lithuania,LT,LTU,2020,,2026-07-01,1.12379,3643.24539,Europe & Central Asia,Vilnius,25.2799,54.6896,High income,Not classified
Lithuania,LT,LTU,2025,,2026-07-01,NA,NA,Europe & Central Asia,Vilnius,25.2799,54.6896,High income,Not classified
Lithuania,LT,LTU,2019,,2026-07-01,0.98701,3445.30515,Europe & Central Asia,Vilnius,25.2799,54.6896,High income,Not classified
Lithuania,LT,LTU,2018,,2026-07-01,0.92781,3180.95498,Europe & Central Asia,Vilnius,25.2799,54.6896,High income,Not classified
Lithuania,LT,LTU,2016,,2026-07-01,0.84391,2950.39665,Europe & Central Asia,Vilnius,25.2799,54.6896,High income,Not classified
Lithuania,LT,LTU,2022,,2026-07-01,1.05289,4153.6584,Europe & Central Asia,Vilnius,25.2799,54.6896,High income,Not classified
Lithuania,LT,LTU,2024,,2026-07-01,NA,NA,Europe & Central Asia,Vilnius,25.2799,54.6896,High income,Not classified
Lithuania,LT,LTU,2017,,2026-07-01,0.8963,3068.33424,Europe & Central Asia,Vilnius,25.2799,54.6896,High income,Not classified
Low & middle income,XO,LMY,2022,,2026-07-01,1.94940550009888,NA,Aggregates,,,,Aggregates,Aggregates
Low & middle income,XO,LMY,2020,,2026-07-01,1.63624813052416,NA,Aggregates,,,,Aggregates,Aggregates
Low & middle income,XO,LMY,2023,,2026-07-01,1.94660854100118,NA,Aggregates,,,,Aggregates,Aggregates
Low & middle income,XO,LMY,2021,,2026-07-01,1.84896536423248,NA,Aggregates,,,,Aggregates,Aggregates
Low & middle income,XO,LMY,2025,,2026-07-01,NA,NA,Aggregates,,,,Aggregates,Aggregates
Low & middle income,XO,LMY,2015,,2026-07-01,1.35323895626264,623.492438242978,Aggregates,,,,Aggregates,Aggregates
Low & middle income,XO,LMY,2016,,2026-07-01,1.39111979423271,NA,Aggregates,,,,Aggregates,Aggregates
Low & middle income,XO,LMY,2024,,2026-07-01,NA,NA,Aggregates,,,,Aggregates,Aggregates
Low & middle income,XO,LMY,2019,,2026-07-01,1.42946991299371,NA,Aggregates,,,,Aggregates,Aggregates
Low & middle income,XO,LMY,2017,,2026-07-01,1.3466308945359,NA,Aggregates,,,,Aggregates,Aggregates
Low & middle income,XO,LMY,2018,,2026-07-01,1.43391120594534,NA,Aggregates,,,,Aggregates,Aggregates
Low income,XM,,2023,,2026-07-01,NA,NA,NA,NA,NA,NA,NA,NA
Low income,XM,,2024,,2026-07-01,NA,NA,NA,NA,NA,NA,NA,NA
Low income,XM,,2015,,2026-07-01,NA,NA,NA,NA,NA,NA,NA,NA
Low income,XM,,2016,,2026-07-01,NA,NA,NA,NA,NA,NA,NA,NA
Low income,XM,,2017,,2026-07-01,NA,NA,NA,NA,NA,NA,NA,NA
Low income,XM,,2018,,2026-07-01,NA,NA,NA,NA,NA,NA,NA,NA
Low income,XM,,2019,,2026-07-01,NA,NA,NA,NA,NA,NA,NA,NA
Low income,XM,,2020,,2026-07-01,NA,NA,NA,NA,NA,NA,NA,NA
Low income,XM,,2021,,2026-07-01,NA,NA,NA,NA,NA,NA,NA,NA
Low income,XM,,2022,,2026-07-01,NA,NA,NA,NA,NA,NA,NA,NA
Low income,XM,,2025,,2026-07-01,NA,NA,NA,NA,NA,NA,NA,NA
Lower middle income,XN,,2015,,2026-07-01,NA,255.433163699936,NA,NA,NA,NA,NA,NA
Lower middle income,XN,,2025,,2026-07-01,NA,NA,NA,NA,NA,NA,NA,NA
Lower middle income,XN,,2019,,2026-07-01,0.547403081220086,NA,NA,NA,NA,NA,NA,NA
Lower middle income,XN,,2016,,2026-07-01,NA,NA,NA,NA,NA,NA,NA,NA
Lower middle income,XN,,2017,,2026-07-01,0.583738806545404,NA,NA,NA,NA,NA,NA,NA
Lower middle income,XN,,2018,,2026-07-01,NA,NA,NA,NA,NA,NA,NA,NA
Lower middle income,XN,,2023,,2026-07-01,NA,NA,NA,NA,NA,NA,NA,NA
Lower middle income,XN,,2020,,2026-07-01,NA,NA,NA,NA,NA,NA,NA,NA
Lower middle income,XN,,2021,,2026-07-01,NA,NA,NA,NA,NA,NA,NA,NA
Lower middle income,XN,,2022,,2026-07-01,NA,NA,NA,NA,NA,NA,NA,NA
Lower middle income,XN,,2024,,2026-07-01,NA,NA,NA,NA,NA,NA,NA,NA
Luxembourg,LU,LUX,2017,,2026-07-01,1.23898,4969.23004,Europe & Central Asia,Luxembourg,6.1296,49.61,High income,Not classified
Luxembourg,LU,LUX,2020,,2026-07-01,1.09627,4920.65038,Europe & Central Asia,Luxembourg,6.1296,49.61,High income,Not classified
Luxembourg,LU,LUX,2016,,2026-07-01,1.2669,4802.1785,Europe & Central Asia,Luxembourg,6.1296,49.61,High income,Not classified
Luxembourg,LU,LUX,2019,,2026-07-01,1.18209,5090.81552,Europe & Central Asia,Luxembourg,6.1296,49.61,High income,Not classified
Luxembourg,LU,LUX,2023,,2026-07-01,1.07045,5359.06637,Europe & Central Asia,Luxembourg,6.1296,49.61,High income,Not classified
Luxembourg,LU,LUX,2018,,2026-07-01,1.17039,4754.92191,Europe & Central Asia,Luxembourg,6.1296,49.61,High income,Not classified
Luxembourg,LU,LUX,2015,,2026-07-01,1.25226,4636.38043,Europe & Central Asia,Luxembourg,6.1296,49.61,High income,Not classified
Luxembourg,LU,LUX,2022,,2026-07-01,1.0653,5311.53147,Europe & Central Asia,Luxembourg,6.1296,49.61,High income,Not classified
Luxembourg,LU,LUX,2024,,2026-07-01,NA,NA,Europe & Central Asia,Luxembourg,6.1296,49.61,High income,Not classified
Luxembourg,LU,LUX,2021,,2026-07-01,1.03153,4939.08633,Europe & Central Asia,Luxembourg,6.1296,49.61,High income,Not classified
Luxembourg,LU,LUX,2025,,2026-07-01,NA,NA,Europe & Central Asia,Luxembourg,6.1296,49.61,High income,Not classified
"Macao SAR, China",MO,MAC,2019,,2026-07-01,0.24721,3587.54147,East Asia & Pacific,,113.55,22.1667,High income,Not classified
"Macao SAR, China",MO,MAC,2018,,2026-07-01,0.20113,3428.95417,East Asia & Pacific,,113.55,22.1667,High income,Not classified
"Macao SAR, China",MO,MAC,2017,,2026-07-01,0.1721,3137.49004,East Asia & Pacific,,113.55,22.1667,High income,Not classified
"Macao SAR, China",MO,MAC,2023,,2026-07-01,0.27103,3826.96528,East Asia & Pacific,,113.55,22.1667,High income,Not classified
"Macao SAR, China",MO,MAC,2016,,2026-07-01,0.23492,2583.54081,East Asia & Pacific,,113.55,22.1667,High income,Not classified
"Macao SAR, China",MO,MAC,2022,,2026-07-01,0.42754,3498.4859,East Asia & Pacific,,113.55,22.1667,High income,Not classified
"Macao SAR, China",MO,MAC,2021,,2026-07-01,0.37318,4092.52683,East Asia & Pacific,,113.55,22.1667,High income,Not classified
"Macao SAR, China",MO,MAC,2020,,2026-07-01,0.45327,3826.01324,East Asia & Pacific,,113.55,22.1667,High income,Not classified
"Macao SAR, China",MO,MAC,2015,,2026-07-01,0.13649,1247.7184,East Asia & Pacific,,113.55,22.1667,High income,Not classified
"Macao SAR, China",MO,MAC,2025,,2026-07-01,NA,NA,East Asia & Pacific,,113.55,22.1667,High income,Not classified
"Macao SAR, China",MO,MAC,2024,,2026-07-01,0.31097,4634.11262,East Asia & Pacific,,113.55,22.1667,High income,Not classified
Madagascar,MG,MDG,2022,,2026-07-01,NA,NA,Sub-Saharan Africa,Antananarivo,45.7167,-20.4667,Low income,IDA
Madagascar,MG,MDG,2016,,2026-07-01,0.01264,23.87432,Sub-Saharan Africa,Antananarivo,45.7167,-20.4667,Low income,IDA
Madagascar,MG,MDG,2020,,2026-07-01,NA,NA,Sub-Saharan Africa,Antananarivo,45.7167,-20.4667,Low income,IDA
Madagascar,MG,MDG,2021,,2026-07-01,NA,NA,Sub-Saharan Africa,Antananarivo,45.7167,-20.4667,Low income,IDA
Madagascar,MG,MDG,2025,,2026-07-01,NA,NA,Sub-Saharan Africa,Antananarivo,45.7167,-20.4667,Low income,IDA
Madagascar,MG,MDG,2023,,2026-07-01,NA,NA,Sub-Saharan Africa,Antananarivo,45.7167,-20.4667,Low income,IDA
Madagascar,MG,MDG,2024,,2026-07-01,NA,NA,Sub-Saharan Africa,Antananarivo,45.7167,-20.4667,Low income,IDA
Madagascar,MG,MDG,2015,,2026-07-01,NA,NA,Sub-Saharan Africa,Antananarivo,45.7167,-20.4667,Low income,IDA
Madagascar,MG,MDG,2017,,2026-07-01,0.01275,29.61421,Sub-Saharan Africa,Antananarivo,45.7167,-20.4667,Low income,IDA
Madagascar,MG,MDG,2018,,2026-07-01,NA,32.94427,Sub-Saharan Africa,Antananarivo,45.7167,-20.4667,Low income,IDA
Madagascar,MG,MDG,2019,,2026-07-01,NA,NA,Sub-Saharan Africa,Antananarivo,45.7167,-20.4667,Low income,IDA
Malawi,MW,MWI,2024,,2026-07-01,NA,NA,Sub-Saharan Africa,Lilongwe,33.7703,-13.9899,Low income,IDA
Malawi,MW,MWI,2015,,2026-07-01,NA,NA,Sub-Saharan Africa,Lilongwe,33.7703,-13.9899,Low income,IDA
Malawi,MW,MWI,2025,,2026-07-01,NA,NA,Sub-Saharan Africa,Lilongwe,33.7703,-13.9899,Low income,IDA
Malawi,MW,MWI,2016,,2026-07-01,NA,NA,Sub-Saharan Africa,Lilongwe,33.7703,-13.9899,Low income,IDA
Malawi,MW,MWI,2017,,2026-07-01,NA,NA,Sub-Saharan Africa,Lilongwe,33.7703,-13.9899,Low income,IDA
Malawi,MW,MWI,2023,,2026-07-01,NA,NA,Sub-Saharan Africa,Lilongwe,33.7703,-13.9899,Low income,IDA
Malawi,MW,MWI,2019,,2026-07-01,0.17752,25.16829,Sub-Saharan Africa,Lilongwe,33.7703,-13.9899,Low income,IDA
Malawi,MW,MWI,2020,,2026-07-01,NA,NA,Sub-Saharan Africa,Lilongwe,33.7703,-13.9899,Low income,IDA
Malawi,MW,MWI,2021,,2026-07-01,NA,NA,Sub-Saharan Africa,Lilongwe,33.7703,-13.9899,Low income,IDA
Malawi,MW,MWI,2018,,2026-07-01,NA,NA,Sub-Saharan Africa,Lilongwe,33.7703,-13.9899,Low income,IDA
Malawi,MW,MWI,2022,,2026-07-01,NA,NA,Sub-Saharan Africa,Lilongwe,33.7703,-13.9899,Low income,IDA
Malaysia,MY,MYS,2025,,2026-07-01,NA,NA,East Asia & Pacific,Kuala Lumpur,101.684,3.12433,Upper middle income,IBRD
Malaysia,MY,MYS,2024,,2026-07-01,NA,NA,East Asia & Pacific,Kuala Lumpur,101.684,3.12433,Upper middle income,IBRD
Malaysia,MY,MYS,2023,,2026-07-01,NA,NA,East Asia & Pacific,Kuala Lumpur,101.684,3.12433,Upper middle income,IBRD
Malaysia,MY,MYS,2021,,2026-07-01,NA,NA,East Asia & Pacific,Kuala Lumpur,101.684,3.12433,Upper middle income,IBRD
Malaysia,MY,MYS,2022,,2026-07-01,1.0121,1218.32989,East Asia & Pacific,Kuala Lumpur,101.684,3.12433,Upper middle income,IBRD
Malaysia,MY,MYS,2018,,2026-07-01,1.04026,2110.44315,East Asia & Pacific,Kuala Lumpur,101.684,3.12433,Upper middle income,IBRD
Malaysia,MY,MYS,2015,,2026-07-01,1.27945,2256.60241,East Asia & Pacific,Kuala Lumpur,101.684,3.12433,Upper middle income,IBRD
Malaysia,MY,MYS,2016,,2026-07-01,1.41517,2334.07987,East Asia & Pacific,Kuala Lumpur,101.684,3.12433,Upper middle income,IBRD
Malaysia,MY,MYS,2017,,2026-07-01,NA,NA,East Asia & Pacific,Kuala Lumpur,101.684,3.12433,Upper middle income,IBRD
Malaysia,MY,MYS,2019,,2026-07-01,NA,NA,East Asia & Pacific,Kuala Lumpur,101.684,3.12433,Upper middle income,IBRD
Malaysia,MY,MYS,2020,,2026-07-01,0.95055,711.51035,East Asia & Pacific,Kuala Lumpur,101.684,3.12433,Upper middle income,IBRD
Maldives,MV,MDV,2016,,2026-07-01,NA,NA,South Asia,Male,73.5109,4.1742,Upper middle income,IDA
Maldives,MV,MDV,2018,,2026-07-01,NA,NA,South Asia,Male,73.5109,4.1742,Upper middle income,IDA
Maldives,MV,MDV,2019,,2026-07-01,NA,NA,South Asia,Male,73.5109,4.1742,Upper middle income,IDA
Maldives,MV,MDV,2015,,2026-07-01,NA,NA,South Asia,Male,73.5109,4.1742,Upper middle income,IDA
Maldives,MV,MDV,2020,,2026-07-01,NA,NA,South Asia,Male,73.5109,4.1742,Upper middle income,IDA
Maldives,MV,MDV,2021,,2026-07-01,NA,NA,South Asia,Male,73.5109,4.1742,Upper middle income,IDA
Maldives,MV,MDV,2017,,2026-07-01,NA,NA,South Asia,Male,73.5109,4.1742,Upper middle income,IDA
Maldives,MV,MDV,2023,,2026-07-01,NA,NA,South Asia,Male,73.5109,4.1742,Upper middle income,IDA
Maldives,MV,MDV,2024,,2026-07-01,NA,NA,South Asia,Male,73.5109,4.1742,Upper middle income,IDA
Maldives,MV,MDV,2025,,2026-07-01,NA,NA,South Asia,Male,73.5109,4.1742,Upper middle income,IDA
Maldives,MV,MDV,2022,,2026-07-01,NA,NA,South Asia,Male,73.5109,4.1742,Upper middle income,IDA
Mali,ML,MLI,2018,,2026-07-01,NA,NA,Sub-Saharan Africa,Bamako,-7.50034,13.5667,Low income,IDA
Mali,ML,MLI,2020,,2026-07-01,NA,NA,Sub-Saharan Africa,Bamako,-7.50034,13.5667,Low income,IDA
Mali,ML,MLI,2016,,2026-07-01,NA,NA,Sub-Saharan Africa,Bamako,-7.50034,13.5667,Low income,IDA
Mali,ML,MLI,2017,,2026-07-01,0.24505,31.19803,Sub-Saharan Africa,Bamako,-7.50034,13.5667,Low income,IDA
Mali,ML,MLI,2022,,2026-07-01,NA,NA,Sub-Saharan Africa,Bamako,-7.50034,13.5667,Low income,IDA
Mali,ML,MLI,2019,,2026-07-01,0.13306,55.22467,Sub-Saharan Africa,Bamako,-7.50034,13.5667,Low income,IDA
Mali,ML,MLI,2023,,2026-07-01,0.14743,26.03785,Sub-Saharan Africa,Bamako,-7.50034,13.5667,Low income,IDA
Mali,ML,MLI,2015,,2026-07-01,0.26458,29.38677,Sub-Saharan Africa,Bamako,-7.50034,13.5667,Low income,IDA
Mali,ML,MLI,2021,,2026-07-01,0.14596,28.66941,Sub-Saharan Africa,Bamako,-7.50034,13.5667,Low income,IDA
Mali,ML,MLI,2024,,2026-07-01,NA,NA,Sub-Saharan Africa,Bamako,-7.50034,13.5667,Low income,IDA
Mali,ML,MLI,2025,,2026-07-01,NA,NA,Sub-Saharan Africa,Bamako,-7.50034,13.5667,Low income,IDA
Malta,MT,MLT,2020,,2026-07-01,0.60002,1964.91528,"Middle East, North Africa, Afghanistan & Pakistan",Valletta,14.5189,35.9042,High income,Not classified
Malta,MT,MLT,2022,,2026-07-01,0.5745,2313.68128,"Middle East, North Africa, Afghanistan & Pakistan",Valletta,14.5189,35.9042,High income,Not classified
Malta,MT,MLT,2023,,2026-07-01,0.64792,2354.97188,"Middle East, North Africa, Afghanistan & Pakistan",Valletta,14.5189,35.9042,High income,Not classified
Malta,MT,MLT,2021,,2026-07-01,0.59682,2082.82636,"Middle East, North Africa, Afghanistan & Pakistan",Valletta,14.5189,35.9042,High income,Not classified
Malta,MT,MLT,2017,,2026-07-01,0.52592,2027.40143,"Middle East, North Africa, Afghanistan & Pakistan",Valletta,14.5189,35.9042,High income,Not classified
Malta,MT,MLT,2019,,2026-07-01,0.54851,1902.71628,"Middle East, North Africa, Afghanistan & Pakistan",Valletta,14.5189,35.9042,High income,Not classified
Malta,MT,MLT,2015,,2026-07-01,0.69942,1865.25574,"Middle East, North Africa, Afghanistan & Pakistan",Valletta,14.5189,35.9042,High income,Not classified
Malta,MT,MLT,2016,,2026-07-01,0.54032,1989.5946,"Middle East, North Africa, Afghanistan & Pakistan",Valletta,14.5189,35.9042,High income,Not classified
Malta,MT,MLT,2018,,2026-07-01,0.54557,1904.9221,"Middle East, North Africa, Afghanistan & Pakistan",Valletta,14.5189,35.9042,High income,Not classified
Malta,MT,MLT,2024,,2026-07-01,NA,NA,"Middle East, North Africa, Afghanistan & Pakistan",Valletta,14.5189,35.9042,High income,Not classified
Malta,MT,MLT,2025,,2026-07-01,NA,NA,"Middle East, North Africa, Afghanistan & Pakistan",Valletta,14.5189,35.9042,High income,Not classified
Marshall Islands,MH,MHL,2022,,2026-07-01,NA,NA,East Asia & Pacific,Majuro,171.135,7.11046,Upper middle income,IDA
Marshall Islands,MH,MHL,2020,,2026-07-01,NA,NA,East Asia & Pacific,Majuro,171.135,7.11046,Upper middle income,IDA
Marshall Islands,MH,MHL,2021,,2026-07-01,NA,NA,East Asia & Pacific,Majuro,171.135,7.11046,Upper middle income,IDA
Marshall Islands,MH,MHL,2018,,2026-07-01,NA,NA,East Asia & Pacific,Majuro,171.135,7.11046,Upper middle income,IDA
Marshall Islands,MH,MHL,2019,,2026-07-01,NA,NA,East Asia & Pacific,Majuro,171.135,7.11046,Upper middle income,IDA
Marshall Islands,MH,MHL,2024,,2026-07-01,NA,NA,East Asia & Pacific,Majuro,171.135,7.11046,Upper middle income,IDA
Marshall Islands,MH,MHL,2025,,2026-07-01,NA,NA,East Asia & Pacific,Majuro,171.135,7.11046,Upper middle income,IDA
Marshall Islands,MH,MHL,2017,,2026-07-01,NA,NA,East Asia & Pacific,Majuro,171.135,7.11046,Upper middle income,IDA
Marshall Islands,MH,MHL,2023,,2026-07-01,NA,NA,East Asia & Pacific,Majuro,171.135,7.11046,Upper middle income,IDA
Marshall Islands,MH,MHL,2015,,2026-07-01,NA,NA,East Asia & Pacific,Majuro,171.135,7.11046,Upper middle income,IDA
Marshall Islands,MH,MHL,2016,,2026-07-01,NA,NA,East Asia & Pacific,Majuro,171.135,7.11046,Upper middle income,IDA
Mauritania,MR,MRT,2018,,2026-07-01,0.01019,NA,Sub-Saharan Africa,Nouakchott,-15.9824,18.2367,Lower middle income,IDA
Mauritania,MR,MRT,2023,,2026-07-01,NA,NA,Sub-Saharan Africa,Nouakchott,-15.9824,18.2367,Lower middle income,IDA
Mauritania,MR,MRT,2024,,2026-07-01,NA,NA,Sub-Saharan Africa,Nouakchott,-15.9824,18.2367,Lower middle income,IDA
Mauritania,MR,MRT,2025,,2026-07-01,NA,NA,Sub-Saharan Africa,Nouakchott,-15.9824,18.2367,Lower middle income,IDA
Mauritania,MR,MRT,2022,,2026-07-01,NA,NA,Sub-Saharan Africa,Nouakchott,-15.9824,18.2367,Lower middle income,IDA
Mauritania,MR,MRT,2015,,2026-07-01,NA,NA,Sub-Saharan Africa,Nouakchott,-15.9824,18.2367,Lower middle income,IDA
Mauritania,MR,MRT,2016,,2026-07-01,NA,NA,Sub-Saharan Africa,Nouakchott,-15.9824,18.2367,Lower middle income,IDA
Mauritania,MR,MRT,2017,,2026-07-01,NA,NA,Sub-Saharan Africa,Nouakchott,-15.9824,18.2367,Lower middle income,IDA
Mauritania,MR,MRT,2019,,2026-07-01,NA,NA,Sub-Saharan Africa,Nouakchott,-15.9824,18.2367,Lower middle income,IDA
Mauritania,MR,MRT,2020,,2026-07-01,NA,NA,Sub-Saharan Africa,Nouakchott,-15.9824,18.2367,Lower middle income,IDA
Mauritania,MR,MRT,2021,,2026-07-01,NA,NA,Sub-Saharan Africa,Nouakchott,-15.9824,18.2367,Lower middle income,IDA
Mauritius,MU,MUS,2016,,2026-07-01,NA,NA,Sub-Saharan Africa,Port Louis,57.4977,-20.1605,Upper middle income,IBRD
Mauritius,MU,MUS,2015,,2026-07-01,NA,NA,Sub-Saharan Africa,Port Louis,57.4977,-20.1605,Upper middle income,IBRD
Mauritius,MU,MUS,2023,,2026-07-01,0.23892,852.67511,Sub-Saharan Africa,Port Louis,57.4977,-20.1605,Upper middle income,IBRD
Mauritius,MU,MUS,2017,,2026-07-01,0.35423,NA,Sub-Saharan Africa,Port Louis,57.4977,-20.1605,Upper middle income,IBRD
Mauritius,MU,MUS,2018,,2026-07-01,0.33387,465.4988,Sub-Saharan Africa,Port Louis,57.4977,-20.1605,Upper middle income,IBRD
Mauritius,MU,MUS,2019,,2026-07-01,0.35699,543.55651,Sub-Saharan Africa,Port Louis,57.4977,-20.1605,Upper middle income,IBRD
Mauritius,MU,MUS,2020,,2026-07-01,0.40299,558.19237,Sub-Saharan Africa,Port Louis,57.4977,-20.1605,Upper middle income,IBRD
Mauritius,MU,MUS,2021,,2026-07-01,0.36784,564.33636,Sub-Saharan Africa,Port Louis,57.4977,-20.1605,Upper middle income,IBRD
Mauritius,MU,MUS,2022,,2026-07-01,0.30879,578.6005,Sub-Saharan Africa,Port Louis,57.4977,-20.1605,Upper middle income,IBRD
Mauritius,MU,MUS,2024,,2026-07-01,0.26181,688.52747,Sub-Saharan Africa,Port Louis,57.4977,-20.1605,Upper middle income,IBRD
Mauritius,MU,MUS,2025,,2026-07-01,NA,NA,Sub-Saharan Africa,Port Louis,57.4977,-20.1605,Upper middle income,IBRD
Mexico,MX,MEX,2018,,2026-07-01,0.29816,342.55971,Latin America & Caribbean,Mexico City,-99.1276,19.427,Upper middle income,IBRD
Mexico,MX,MEX,2017,,2026-07-01,0.31955,330.64996,Latin America & Caribbean,Mexico City,-99.1276,19.427,Upper middle income,IBRD
Mexico,MX,MEX,2019,,2026-07-01,0.27629,355.30353,Latin America & Caribbean,Mexico City,-99.1276,19.427,Upper middle income,IBRD
Mexico,MX,MEX,2020,,2026-07-01,0.29185,369.04189,Latin America & Caribbean,Mexico City,-99.1276,19.427,Upper middle income,IBRD
Mexico,MX,MEX,2023,,2026-07-01,0.26746,419.44361,Latin America & Caribbean,Mexico City,-99.1276,19.427,Upper middle income,IBRD
Mexico,MX,MEX,2024,,2026-07-01,0.25372,438.24497,Latin America & Caribbean,Mexico City,-99.1276,19.427,Upper middle income,IBRD
Mexico,MX,MEX,2015,,2026-07-01,0.41477,284.58114,Latin America & Caribbean,Mexico City,-99.1276,19.427,Upper middle income,IBRD
Mexico,MX,MEX,2016,,2026-07-01,0.37601,319.5511,Latin America & Caribbean,Mexico City,-99.1276,19.427,Upper middle income,IBRD
Mexico,MX,MEX,2021,,2026-07-01,0.27305,384.76538,Latin America & Caribbean,Mexico City,-99.1276,19.427,Upper middle income,IBRD
Mexico,MX,MEX,2022,,2026-07-01,0.25727,401.92849,Latin America & Caribbean,Mexico City,-99.1276,19.427,Upper middle income,IBRD
Mexico,MX,MEX,2025,,2026-07-01,NA,NA,Latin America & Caribbean,Mexico City,-99.1276,19.427,Upper middle income,IBRD
"Micronesia, Fed. Sts.",FM,FSM,2019,,2026-07-01,NA,NA,East Asia & Pacific,Palikir,158.185,6.91771,Lower middle income,IDA
"Micronesia, Fed. Sts.",FM,FSM,2020,,2026-07-01,NA,NA,East Asia & Pacific,Palikir,158.185,6.91771,Lower middle income,IDA
"Micronesia, Fed. Sts.",FM,FSM,2017,,2026-07-01,NA,NA,East Asia & Pacific,Palikir,158.185,6.91771,Lower middle income,IDA
"Micronesia, Fed. Sts.",FM,FSM,2018,,2026-07-01,NA,NA,East Asia & Pacific,Palikir,158.185,6.91771,Lower middle income,IDA
"Micronesia, Fed. Sts.",FM,FSM,2021,,2026-07-01,NA,NA,East Asia & Pacific,Palikir,158.185,6.91771,Lower middle income,IDA
"Micronesia, Fed. Sts.",FM,FSM,2022,,2026-07-01,NA,NA,East Asia & Pacific,Palikir,158.185,6.91771,Lower middle income,IDA
"Micronesia, Fed. Sts.",FM,FSM,2023,,2026-07-01,NA,NA,East Asia & Pacific,Palikir,158.185,6.91771,Lower middle income,IDA
"Micronesia, Fed. Sts.",FM,FSM,2015,,2026-07-01,NA,NA,East Asia & Pacific,Palikir,158.185,6.91771,Lower middle income,IDA
"Micronesia, Fed. Sts.",FM,FSM,2016,,2026-07-01,NA,NA,East Asia & Pacific,Palikir,158.185,6.91771,Lower middle income,IDA
"Micronesia, Fed. Sts.",FM,FSM,2024,,2026-07-01,NA,NA,East Asia & Pacific,Palikir,158.185,6.91771,Lower middle income,IDA
"Micronesia, Fed. Sts.",FM,FSM,2025,,2026-07-01,NA,NA,East Asia & Pacific,Palikir,158.185,6.91771,Lower middle income,IDA
"Middle East, North Africa, Afghanistan & Pakistan",ZQ,MEA,2025,,2026-07-01,NA,NA,Aggregates,,,,Aggregates,Aggregates
"Middle East, North Africa, Afghanistan & Pakistan",ZQ,MEA,2024,,2026-07-01,NA,NA,Aggregates,,,,Aggregates,Aggregates
"Middle East, North Africa, Afghanistan & Pakistan",ZQ,MEA,2016,,2026-07-01,NA,NA,Aggregates,,,,Aggregates,Aggregates
"Middle East, North Africa, Afghanistan & Pakistan",ZQ,MEA,2015,,2026-07-01,NA,471.02234051523,Aggregates,,,,Aggregates,Aggregates
"Middle East, North Africa, Afghanistan & Pakistan",ZQ,MEA,2023,,2026-07-01,NA,NA,Aggregates,,,,Aggregates,Aggregates
"Middle East, North Africa, Afghanistan & Pakistan",ZQ,MEA,2019,,2026-07-01,NA,719.04571048437106,Aggregates,,,,Aggregates,Aggregates
"Middle East, North Africa, Afghanistan & Pakistan",ZQ,MEA,2020,,2026-07-01,NA,NA,Aggregates,,,,Aggregates,Aggregates
"Middle East, North Africa, Afghanistan & Pakistan",ZQ,MEA,2017,,2026-07-01,NA,623.546991469878,Aggregates,,,,Aggregates,Aggregates
"Middle East, North Africa, Afghanistan & Pakistan",ZQ,MEA,2018,,2026-07-01,NA,NA,Aggregates,,,,Aggregates,Aggregates
"Middle East, North Africa, Afghanistan & Pakistan",ZQ,MEA,2021,,2026-07-01,1.32887737497567,857.699525713411,Aggregates,,,,Aggregates,Aggregates
"Middle East, North Africa, Afghanistan & Pakistan",ZQ,MEA,2022,,2026-07-01,NA,NA,Aggregates,,,,Aggregates,Aggregates
"Middle East, North Africa, Afghanistan & Pakistan (excluding high income)",XQ,MNA,2023,,2026-07-01,NA,NA,Aggregates,,,,Aggregates,Aggregates
"Middle East, North Africa, Afghanistan & Pakistan (excluding high income)",XQ,MNA,2021,,2026-07-01,0.538755837378145,830.795069047066,Aggregates,,,,Aggregates,Aggregates
"Middle East, North Africa, Afghanistan & Pakistan (excluding high income)",XQ,MNA,2022,,2026-07-01,NA,NA,Aggregates,,,,Aggregates,Aggregates
"Middle East, North Africa, Afghanistan & Pakistan (excluding high income)",XQ,MNA,2025,,2026-07-01,NA,NA,Aggregates,,,,Aggregates,Aggregates
"Middle East, North Africa, Afghanistan & Pakistan (excluding high income)",XQ,MNA,2016,,2026-07-01,NA,NA,Aggregates,,,,Aggregates,Aggregates
"Middle East, North Africa, Afghanistan & Pakistan (excluding high income)",XQ,MNA,2017,,2026-07-01,0.493582619748358,626.559035302757,Aggregates,,,,Aggregates,Aggregates
"Middle East, North Africa, Afghanistan & Pakistan (excluding high income)",XQ,MNA,2024,,2026-07-01,NA,NA,Aggregates,,,,Aggregates,Aggregates
"Middle East, North Africa, Afghanistan & Pakistan (excluding high income)",XQ,MNA,2015,,2026-07-01,0.39337321029174,441.343705069749,Aggregates,,,,Aggregates,Aggregates
"Middle East, North Africa, Afghanistan & Pakistan (excluding high income)",XQ,MNA,2020,,2026-07-01,NA,NA,Aggregates,,,,Aggregates,Aggregates
"Middle East, North Africa, Afghanistan & Pakistan (excluding high income)",XQ,MNA,2018,,2026-07-01,NA,NA,Aggregates,,,,Aggregates,Aggregates
"Middle East, North Africa, Afghanistan & Pakistan (excluding high income)",XQ,MNA,2019,,2026-07-01,0.493250414559265,691.375466041428,Aggregates,,,,Aggregates,Aggregates
"Middle East, North Africa, Afghanistan & Pakistan (IDA & IBRD)",T3,TMN,2025,,2026-07-01,NA,NA,Aggregates,,,,Aggregates,Aggregates
"Middle East, North Africa, Afghanistan & Pakistan (IDA & IBRD)",T3,TMN,2015,,2026-07-01,0.39337321029174,441.343705069749,Aggregates,,,,Aggregates,Aggregates
"Middle East, North Africa, Afghanistan & Pakistan (IDA & IBRD)",T3,TMN,2024,,2026-07-01,NA,NA,Aggregates,,,,Aggregates,Aggregates
"Middle East, North Africa, Afghanistan & Pakistan (IDA & IBRD)",T3,TMN,2016,,2026-07-01,NA,NA,Aggregates,,,,Aggregates,Aggregates
"Middle East, North Africa, Afghanistan & Pakistan (IDA & IBRD)",T3,TMN,2017,,2026-07-01,0.493582619748358,626.559035302757,Aggregates,,,,Aggregates,Aggregates
"Middle East, North Africa, Afghanistan & Pakistan (IDA & IBRD)",T3,TMN,2018,,2026-07-01,NA,NA,Aggregates,,,,Aggregates,Aggregates
"Middle East, North Africa, Afghanistan & Pakistan (IDA & IBRD)",T3,TMN,2019,,2026-07-01,0.493250414559265,691.375466041428,Aggregates,,,,Aggregates,Aggregates
"Middle East, North Africa, Afghanistan & Pakistan (IDA & IBRD)",T3,TMN,2020,,2026-07-01,NA,NA,Aggregates,,,,Aggregates,Aggregates
"Middle East, North Africa, Afghanistan & Pakistan (IDA & IBRD)",T3,TMN,2021,,2026-07-01,0.538755837378145,830.795069047066,Aggregates,,,,Aggregates,Aggregates
"Middle East, North Africa, Afghanistan & Pakistan (IDA & IBRD)",T3,TMN,2022,,2026-07-01,NA,NA,Aggregates,,,,Aggregates,Aggregates
"Middle East, North Africa, Afghanistan & Pakistan (IDA & IBRD)",T3,TMN,2023,,2026-07-01,NA,NA,Aggregates,,,,Aggregates,Aggregates
Middle income,XP,MIC,2016,,2026-07-01,1.39282727750303,NA,Aggregates,,,,Aggregates,Aggregates
Middle income,XP,MIC,2017,,2026-07-01,1.35178304718127,NA,Aggregates,,,,Aggregates,Aggregates
Middle income,XP,MIC,2019,,2026-07-01,1.43186858175855,NA,Aggregates,,,,Aggregates,Aggregates
Middle income,XP,MIC,2015,,2026-07-01,1.35746626069656,644.698070725452,Aggregates,,,,Aggregates,Aggregates
Middle income,XP,MIC,2020,,2026-07-01,1.63718773615774,857.125935189163,Aggregates,,,,Aggregates,Aggregates
Middle income,XP,MIC,2018,,2026-07-01,1.43413395493281,739.215644912317,Aggregates,,,,Aggregates,Aggregates
Middle income,XP,MIC,2022,,2026-07-01,1.95110266746545,NA,Aggregates,,,,Aggregates,Aggregates
Middle income,XP,MIC,2023,,2026-07-01,1.95286788905516,NA,Aggregates,,,,Aggregates,Aggregates
Middle income,XP,MIC,2024,,2026-07-01,NA,NA,Aggregates,,,,Aggregates,Aggregates
Middle income,XP,MIC,2021,,2026-07-01,1.85162871790729,NA,Aggregates,,,,Aggregates,Aggregates
Middle income,XP,MIC,2025,,2026-07-01,NA,NA,Aggregates,,,,Aggregates,Aggregates
Moldova,MD,MDA,2017,,2026-07-01,0.25789,923.49386,Europe & Central Asia,Chisinau,28.8497,47.0167,Upper middle income,IBRD
Moldova,MD,MDA,2018,,2026-07-01,0.25626,903.41782,Europe & Central Asia,Chisinau,28.8497,47.0167,Upper middle income,IBRD
Moldova,MD,MDA,2020,,2026-07-01,0.23511,774.67919,Europe & Central Asia,Chisinau,28.8497,47.0167,Upper middle income,IBRD
Moldova,MD,MDA,2021,,2026-07-01,0.23154,781.24167,Europe & Central Asia,Chisinau,28.8497,47.0167,Upper middle income,IBRD
Moldova,MD,MDA,2022,,2026-07-01,0.22959,768.02221,Europe & Central Asia,Chisinau,28.8497,47.0167,Upper middle income,IBRD
Moldova,MD,MDA,2019,,2026-07-01,0.24145,823.53362,Europe & Central Asia,Chisinau,28.8497,47.0167,Upper middle income,IBRD
Moldova,MD,MDA,2023,,2026-07-01,0.22111,717.41595,Europe & Central Asia,Chisinau,28.8497,47.0167,Upper middle income,IBRD
Moldova,MD,MDA,2015,,2026-07-01,0.30735,946.48296,Europe & Central Asia,Chisinau,28.8497,47.0167,Upper middle income,IBRD
Moldova,MD,MDA,2016,,2026-07-01,0.28005,912.00965,Europe & Central Asia,Chisinau,28.8497,47.0167,Upper middle income,IBRD
Moldova,MD,MDA,2024,,2026-07-01,0.21589,649.94365,Europe & Central Asia,Chisinau,28.8497,47.0167,Upper middle income,IBRD
Moldova,MD,MDA,2025,,2026-07-01,NA,NA,Europe & Central Asia,Chisinau,28.8497,47.0167,Upper middle income,IBRD
Monaco,MC,MCO,2020,,2026-07-01,NA,NA,Europe & Central Asia,Monaco,7.41891,43.7325,High income,Not classified
Monaco,MC,MCO,2022,,2026-07-01,NA,NA,Europe & Central Asia,Monaco,7.41891,43.7325,High income,Not classified
Monaco,MC,MCO,2023,,2026-07-01,NA,NA,Europe & Central Asia,Monaco,7.41891,43.7325,High income,Not classified
Monaco,MC,MCO,2021,,2026-07-01,NA,NA,Europe & Central Asia,Monaco,7.41891,43.7325,High income,Not classified
Monaco,MC,MCO,2017,,2026-07-01,NA,NA,Europe & Central Asia,Monaco,7.41891,43.7325,High income,Not classified
Monaco,MC,MCO,2018,,2026-07-01,NA,NA,Europe & Central Asia,Monaco,7.41891,43.7325,High income,Not classified
Monaco,MC,MCO,2015,,2026-07-01,NA,NA,Europe & Central Asia,Monaco,7.41891,43.7325,High income,Not classified
Monaco,MC,MCO,2016,,2026-07-01,NA,NA,Europe & Central Asia,Monaco,7.41891,43.7325,High income,Not classified
Monaco,MC,MCO,2025,,2026-07-01,NA,NA,Europe & Central Asia,Monaco,7.41891,43.7325,High income,Not classified
Monaco,MC,MCO,2019,,2026-07-01,NA,NA,Europe & Central Asia,Monaco,7.41891,43.7325,High income,Not classified
Monaco,MC,MCO,2024,,2026-07-01,NA,NA,Europe & Central Asia,Monaco,7.41891,43.7325,High income,Not classified
Mongolia,MN,MNG,2022,,2026-07-01,0.08365,535.37392,East Asia & Pacific,Ulaanbaatar,106.937,47.9129,Upper middle income,IBRD
Mongolia,MN,MNG,2021,,2026-07-01,0.10008,681.35643,East Asia & Pacific,Ulaanbaatar,106.937,47.9129,Upper middle income,IBRD
Mongolia,MN,MNG,2020,,2026-07-01,0.13301,332.37478,East Asia & Pacific,Ulaanbaatar,106.937,47.9129,Upper middle income,IBRD
Mongolia,MN,MNG,2016,,2026-07-01,0.18346,NA,East Asia & Pacific,Ulaanbaatar,106.937,47.9129,Upper middle income,IBRD
Mongolia,MN,MNG,2018,,2026-07-01,0.10161,NA,East Asia & Pacific,Ulaanbaatar,106.937,47.9129,Upper middle income,IBRD
Mongolia,MN,MNG,2019,,2026-07-01,0.0927,NA,East Asia & Pacific,Ulaanbaatar,106.937,47.9129,Upper middle income,IBRD
Mongolia,MN,MNG,2023,,2026-07-01,NA,NA,East Asia & Pacific,Ulaanbaatar,106.937,47.9129,Upper middle income,IBRD
Mongolia,MN,MNG,2024,,2026-07-01,NA,NA,East Asia & Pacific,Ulaanbaatar,106.937,47.9129,Upper middle income,IBRD
Mongolia,MN,MNG,2025,,2026-07-01,NA,NA,East Asia & Pacific,Ulaanbaatar,106.937,47.9129,Upper middle income,IBRD
Mongolia,MN,MNG,2015,,2026-07-01,0.1564,NA,East Asia & Pacific,Ulaanbaatar,106.937,47.9129,Upper middle income,IBRD
Mongolia,MN,MNG,2017,,2026-07-01,0.1342,NA,East Asia & Pacific,Ulaanbaatar,106.937,47.9129,Upper middle income,IBRD
Montenegro,ME,MNE,2016,,2026-07-01,0.32454,716.88365,Europe & Central Asia,Podgorica,19.2595,42.4602,Upper middle income,IBRD
Montenegro,ME,MNE,2015,,2026-07-01,0.374,830.62949,Europe & Central Asia,Podgorica,19.2595,42.4602,Upper middle income,IBRD
Montenegro,ME,MNE,2024,,2026-07-01,NA,NA,Europe & Central Asia,Podgorica,19.2595,42.4602,Upper middle income,IBRD
Montenegro,ME,MNE,2025,,2026-07-01,NA,NA,Europe & Central Asia,Podgorica,19.2595,42.4602,Upper middle income,IBRD
Montenegro,ME,MNE,2019,,2026-07-01,0.36328,764.41883,Europe & Central Asia,Podgorica,19.2595,42.4602,Upper middle income,IBRD
Montenegro,ME,MNE,2020,,2026-07-01,NA,NA,Europe & Central Asia,Podgorica,19.2595,42.4602,Upper middle income,IBRD
Montenegro,ME,MNE,2017,,2026-07-01,0.34898,708.80379,Europe & Central Asia,Podgorica,19.2595,42.4602,Upper middle income,IBRD
Montenegro,ME,MNE,2018,,2026-07-01,0.50374,775.01569,Europe & Central Asia,Podgorica,19.2595,42.4602,Upper middle income,IBRD
Montenegro,ME,MNE,2023,,2026-07-01,NA,NA,Europe & Central Asia,Podgorica,19.2595,42.4602,Upper middle income,IBRD
Montenegro,ME,MNE,2021,,2026-07-01,NA,NA,Europe & Central Asia,Podgorica,19.2595,42.4602,Upper middle income,IBRD
Montenegro,ME,MNE,2022,,2026-07-01,NA,NA,Europe & Central Asia,Podgorica,19.2595,42.4602,Upper middle income,IBRD
Morocco,MA,MAR,2020,,2026-07-01,NA,NA,"Middle East, North Africa, Afghanistan & Pakistan",Rabat,-6.8704,33.9905,Lower middle income,IBRD
Morocco,MA,MAR,2016,,2026-07-01,NA,1083.42555,"Middle East, North Africa, Afghanistan & Pakistan",Rabat,-6.8704,33.9905,Lower middle income,IBRD
Morocco,MA,MAR,2019,,2026-07-01,NA,NA,"Middle East, North Africa, Afghanistan & Pakistan",Rabat,-6.8704,33.9905,Lower middle income,IBRD
Morocco,MA,MAR,2017,,2026-07-01,NA,NA,"Middle East, North Africa, Afghanistan & Pakistan",Rabat,-6.8704,33.9905,Lower middle income,IBRD
Morocco,MA,MAR,2018,,2026-07-01,NA,NA,"Middle East, North Africa, Afghanistan & Pakistan",Rabat,-6.8704,33.9905,Lower middle income,IBRD
Morocco,MA,MAR,2015,,2026-07-01,NA,NA,"Middle East, North Africa, Afghanistan & Pakistan",Rabat,-6.8704,33.9905,Lower middle income,IBRD
Morocco,MA,MAR,2023,,2026-07-01,NA,NA,"Middle East, North Africa, Afghanistan & Pakistan",Rabat,-6.8704,33.9905,Lower middle income,IBRD
Morocco,MA,MAR,2024,,2026-07-01,NA,NA,"Middle East, North Africa, Afghanistan & Pakistan",Rabat,-6.8704,33.9905,Lower middle income,IBRD
Morocco,MA,MAR,2021,,2026-07-01,NA,NA,"Middle East, North Africa, Afghanistan & Pakistan",Rabat,-6.8704,33.9905,Lower middle income,IBRD
Morocco,MA,MAR,2022,,2026-07-01,NA,NA,"Middle East, North Africa, Afghanistan & Pakistan",Rabat,-6.8704,33.9905,Lower middle income,IBRD
Morocco,MA,MAR,2025,,2026-07-01,NA,NA,"Middle East, North Africa, Afghanistan & Pakistan",Rabat,-6.8704,33.9905,Lower middle income,IBRD
Mozambique,MZ,MOZ,2018,,2026-07-01,NA,NA,Sub-Saharan Africa,Maputo,32.5713,-25.9664,Low income,IDA
Mozambique,MZ,MOZ,2021,,2026-07-01,NA,NA,Sub-Saharan Africa,Maputo,32.5713,-25.9664,Low income,IDA
Mozambique,MZ,MOZ,2019,,2026-07-01,NA,NA,Sub-Saharan Africa,Maputo,32.5713,-25.9664,Low income,IDA
Mozambique,MZ,MOZ,2017,,2026-07-01,NA,NA,Sub-Saharan Africa,Maputo,32.5713,-25.9664,Low income,IDA
Mozambique,MZ,MOZ,2020,,2026-07-01,NA,NA,Sub-Saharan Africa,Maputo,32.5713,-25.9664,Low income,IDA
Mozambique,MZ,MOZ,2024,,2026-07-01,NA,NA,Sub-Saharan Africa,Maputo,32.5713,-25.9664,Low income,IDA
Mozambique,MZ,MOZ,2015,,2026-07-01,0.30814,44.41136,Sub-Saharan Africa,Maputo,32.5713,-25.9664,Low income,IDA
Mozambique,MZ,MOZ,2016,,2026-07-01,NA,NA,Sub-Saharan Africa,Maputo,32.5713,-25.9664,Low income,IDA
Mozambique,MZ,MOZ,2023,,2026-07-01,NA,NA,Sub-Saharan Africa,Maputo,32.5713,-25.9664,Low income,IDA
Mozambique,MZ,MOZ,2025,,2026-07-01,NA,NA,Sub-Saharan Africa,Maputo,32.5713,-25.9664,Low income,IDA
Mozambique,MZ,MOZ,2022,,2026-07-01,NA,NA,Sub-Saharan Africa,Maputo,32.5713,-25.9664,Low income,IDA
Myanmar,MM,MMR,2020,,2026-07-01,0.15568,32.80625,East Asia & Pacific,Naypyidaw,95.9562,21.914,Lower middle income,IDA
Myanmar,MM,MMR,2019,,2026-07-01,0.08341,30.40636,East Asia & Pacific,Naypyidaw,95.9562,21.914,Lower middle income,IDA
Myanmar,MM,MMR,2018,,2026-07-01,0.05881,34.1151,East Asia & Pacific,Naypyidaw,95.9562,21.914,Lower middle income,IDA
Myanmar,MM,MMR,2024,,2026-07-01,NA,NA,East Asia & Pacific,Naypyidaw,95.9562,21.914,Lower middle income,IDA
Myanmar,MM,MMR,2021,,2026-07-01,0.12402,19.11376,East Asia & Pacific,Naypyidaw,95.9562,21.914,Lower middle income,IDA
Myanmar,MM,MMR,2017,,2026-07-01,0.03218,30.01847,East Asia & Pacific,Naypyidaw,95.9562,21.914,Lower middle income,IDA
Myanmar,MM,MMR,2023,,2026-07-01,0.02307,28.00891,East Asia & Pacific,Naypyidaw,95.9562,21.914,Lower middle income,IDA
Myanmar,MM,MMR,2022,,2026-07-01,0.03519,26.39711,East Asia & Pacific,Naypyidaw,95.9562,21.914,Lower middle income,IDA
Myanmar,MM,MMR,2015,,2026-07-01,NA,NA,East Asia & Pacific,Naypyidaw,95.9562,21.914,Lower middle income,IDA
Myanmar,MM,MMR,2016,,2026-07-01,NA,NA,East Asia & Pacific,Naypyidaw,95.9562,21.914,Lower middle income,IDA
Myanmar,MM,MMR,2025,,2026-07-01,NA,NA,East Asia & Pacific,Naypyidaw,95.9562,21.914,Lower middle income,IDA
Namibia,NA,NAM,2021,,2026-07-01,NA,NA,Sub-Saharan Africa,Windhoek,17.0931,-22.5648,Lower middle income,IBRD
Namibia,NA,NAM,2023,,2026-07-01,NA,NA,Sub-Saharan Africa,Windhoek,17.0931,-22.5648,Lower middle income,IBRD
Namibia,NA,NAM,2017,,2026-07-01,NA,NA,Sub-Saharan Africa,Windhoek,17.0931,-22.5648,Lower middle income,IBRD
Namibia,NA,NAM,2025,,2026-07-01,NA,NA,Sub-Saharan Africa,Windhoek,17.0931,-22.5648,Lower middle income,IBRD
Namibia,NA,NAM,2022,,2026-07-01,0.64636,224.81068,Sub-Saharan Africa,Windhoek,17.0931,-22.5648,Lower middle income,IBRD
Namibia,NA,NAM,2024,,2026-07-01,NA,NA,Sub-Saharan Africa,Windhoek,17.0931,-22.5648,Lower middle income,IBRD
Namibia,NA,NAM,2015,,2026-07-01,NA,NA,Sub-Saharan Africa,Windhoek,17.0931,-22.5648,Lower middle income,IBRD
Namibia,NA,NAM,2016,,2026-07-01,NA,NA,Sub-Saharan Africa,Windhoek,17.0931,-22.5648,Lower middle income,IBRD
Namibia,NA,NAM,2018,,2026-07-01,NA,NA,Sub-Saharan Africa,Windhoek,17.0931,-22.5648,Lower middle income,IBRD
Namibia,NA,NAM,2019,,2026-07-01,NA,NA,Sub-Saharan Africa,Windhoek,17.0931,-22.5648,Lower middle income,IBRD
Namibia,NA,NAM,2020,,2026-07-01,NA,NA,Sub-Saharan Africa,Windhoek,17.0931,-22.5648,Lower middle income,IBRD
Nauru,NR,NRU,2025,,2026-07-01,NA,NA,East Asia & Pacific,Yaren District,166.920867,-0.5477,High income,IBRD
Nauru,NR,NRU,2016,,2026-07-01,NA,NA,East Asia & Pacific,Yaren District,166.920867,-0.5477,High income,IBRD
Nauru,NR,NRU,2024,,2026-07-01,NA,NA,East Asia & Pacific,Yaren District,166.920867,-0.5477,High income,IBRD
Nauru,NR,NRU,2020,,2026-07-01,NA,NA,East Asia & Pacific,Yaren District,166.920867,-0.5477,High income,IBRD
Nauru,NR,NRU,2017,,2026-07-01,NA,NA,East Asia & Pacific,Yaren District,166.920867,-0.5477,High income,IBRD
Nauru,NR,NRU,2018,,2026-07-01,NA,NA,East Asia & Pacific,Yaren District,166.920867,-0.5477,High income,IBRD
Nauru,NR,NRU,2015,,2026-07-01,NA,NA,East Asia & Pacific,Yaren District,166.920867,-0.5477,High income,IBRD
Nauru,NR,NRU,2021,,2026-07-01,NA,NA,East Asia & Pacific,Yaren District,166.920867,-0.5477,High income,IBRD
Nauru,NR,NRU,2022,,2026-07-01,NA,NA,East Asia & Pacific,Yaren District,166.920867,-0.5477,High income,IBRD
Nauru,NR,NRU,2019,,2026-07-01,NA,NA,East Asia & Pacific,Yaren District,166.920867,-0.5477,High income,IBRD
Nauru,NR,NRU,2023,,2026-07-01,NA,NA,East Asia & Pacific,Yaren District,166.920867,-0.5477,High income,IBRD
Nepal,NP,NPL,2025,,2026-07-01,NA,NA,South Asia,Kathmandu,85.3157,27.6939,Lower middle income,IDA
Nepal,NP,NPL,2016,,2026-07-01,NA,NA,South Asia,Kathmandu,85.3157,27.6939,Lower middle income,IDA
Nepal,NP,NPL,2024,,2026-07-01,NA,NA,South Asia,Kathmandu,85.3157,27.6939,Lower middle income,IDA
Nepal,NP,NPL,2020,,2026-07-01,NA,NA,South Asia,Kathmandu,85.3157,27.6939,Lower middle income,IDA
Nepal,NP,NPL,2023,,2026-07-01,NA,NA,South Asia,Kathmandu,85.3157,27.6939,Lower middle income,IDA
Nepal,NP,NPL,2019,,2026-07-01,NA,NA,South Asia,Kathmandu,85.3157,27.6939,Lower middle income,IDA
Nepal,NP,NPL,2017,,2026-07-01,NA,NA,South Asia,Kathmandu,85.3157,27.6939,Lower middle income,IDA
Nepal,NP,NPL,2015,,2026-07-01,NA,NA,South Asia,Kathmandu,85.3157,27.6939,Lower middle income,IDA
Nepal,NP,NPL,2021,,2026-07-01,NA,NA,South Asia,Kathmandu,85.3157,27.6939,Lower middle income,IDA
Nepal,NP,NPL,2018,,2026-07-01,NA,NA,South Asia,Kathmandu,85.3157,27.6939,Lower middle income,IDA
Nepal,NP,NPL,2022,,2026-07-01,NA,NA,South Asia,Kathmandu,85.3157,27.6939,Lower middle income,IDA
Netherlands,NL,NLD,2017,,2026-07-01,2.14167,5273.17623,Europe & Central Asia,Amsterdam,4.89095,52.3738,High income,Not classified
Netherlands,NL,NLD,2016,,2026-07-01,2.11546,5109.20509,Europe & Central Asia,Amsterdam,4.89095,52.3738,High income,Not classified
Netherlands,NL,NLD,2015,,2026-07-01,2.11792,4891.78146,Europe & Central Asia,Amsterdam,4.89095,52.3738,High income,Not classified
Netherlands,NL,NLD,2019,,2026-07-01,2.14036,5592.12175,Europe & Central Asia,Amsterdam,4.89095,52.3738,High income,Not classified
Netherlands,NL,NLD,2020,,2026-07-01,2.26514,5799.27532,Europe & Central Asia,Amsterdam,4.89095,52.3738,High income,Not classified
Netherlands,NL,NLD,2024,,2026-07-01,NA,NA,Europe & Central Asia,Amsterdam,4.89095,52.3738,High income,Not classified
Netherlands,NL,NLD,2022,,2026-07-01,2.17529,6319.17518,Europe & Central Asia,Amsterdam,4.89095,52.3738,High income,Not classified
Netherlands,NL,NLD,2018,,2026-07-01,2.1027,5496.79039,Europe & Central Asia,Amsterdam,4.89095,52.3738,High income,Not classified
Netherlands,NL,NLD,2021,,2026-07-01,2.21542,6003.86605,Europe & Central Asia,Amsterdam,4.89095,52.3738,High income,Not classified
Netherlands,NL,NLD,2023,,2026-07-01,2.26719,6563.33599,Europe & Central Asia,Amsterdam,4.89095,52.3738,High income,Not classified
Netherlands,NL,NLD,2025,,2026-07-01,NA,NA,Europe & Central Asia,Amsterdam,4.89095,52.3738,High income,Not classified
New Caledonia,NC,NCL,2020,,2026-07-01,NA,NA,East Asia & Pacific,Noum'ea,166.464,-22.2677,High income,Not classified
New Caledonia,NC,NCL,2017,,2026-07-01,NA,NA,East Asia & Pacific,Noum'ea,166.464,-22.2677,High income,Not classified
New Caledonia,NC,NCL,2019,,2026-07-01,NA,NA,East Asia & Pacific,Noum'ea,166.464,-22.2677,High income,Not classified
New Caledonia,NC,NCL,2021,,2026-07-01,NA,NA,East Asia & Pacific,Noum'ea,166.464,-22.2677,High income,Not classified
New Caledonia,NC,NCL,2018,,2026-07-01,NA,NA,East Asia & Pacific,Noum'ea,166.464,-22.2677,High income,Not classified
New Caledonia,NC,NCL,2023,,2026-07-01,NA,NA,East Asia & Pacific,Noum'ea,166.464,-22.2677,High income,Not classified
New Caledonia,NC,NCL,2015,,2026-07-01,NA,NA,East Asia & Pacific,Noum'ea,166.464,-22.2677,High income,Not classified
New Caledonia,NC,NCL,2016,,2026-07-01,NA,NA,East Asia & Pacific,Noum'ea,166.464,-22.2677,High income,Not classified
New Caledonia,NC,NCL,2022,,2026-07-01,NA,NA,East Asia & Pacific,Noum'ea,166.464,-22.2677,High income,Not classified
New Caledonia,NC,NCL,2024,,2026-07-01,NA,NA,East Asia & Pacific,Noum'ea,166.464,-22.2677,High income,Not classified
New Caledonia,NC,NCL,2025,,2026-07-01,NA,NA,East Asia & Pacific,Noum'ea,166.464,-22.2677,High income,Not classified
New Zealand,NZ,NZL,2022,,2026-07-01,NA,NA,East Asia & Pacific,Wellington,174.776,-41.2865,High income,Not classified
New Zealand,NZ,NZL,2021,,2026-07-01,1.48604,5094.76159,East Asia & Pacific,Wellington,174.776,-41.2865,High income,Not classified
New Zealand,NZ,NZL,2020,,2026-07-01,NA,NA,East Asia & Pacific,Wellington,174.776,-41.2865,High income,Not classified
New Zealand,NZ,NZL,2024,,2026-07-01,NA,NA,East Asia & Pacific,Wellington,174.776,-41.2865,High income,Not classified
New Zealand,NZ,NZL,2017,,2026-07-01,1.34788,5035.55839,East Asia & Pacific,Wellington,174.776,-41.2865,High income,Not classified
New Zealand,NZ,NZL,2018,,2026-07-01,NA,NA,East Asia & Pacific,Wellington,174.776,-41.2865,High income,Not classified
New Zealand,NZ,NZL,2015,,2026-07-01,1.22707,5476.90357,East Asia & Pacific,Wellington,174.776,-41.2865,High income,Not classified
New Zealand,NZ,NZL,2016,,2026-07-01,NA,NA,East Asia & Pacific,Wellington,174.776,-41.2865,High income,Not classified
New Zealand,NZ,NZL,2019,,2026-07-01,1.4642,5665.38305,East Asia & Pacific,Wellington,174.776,-41.2865,High income,Not classified
New Zealand,NZ,NZL,2023,,2026-07-01,1.54848,5435.46099,East Asia & Pacific,Wellington,174.776,-41.2865,High income,Not classified
New Zealand,NZ,NZL,2025,,2026-07-01,NA,NA,East Asia & Pacific,Wellington,174.776,-41.2865,High income,Not classified
Nicaragua,NI,NIC,2022,,2026-07-01,NA,NA,Latin America & Caribbean,Managua,-86.2734,12.1475,Lower middle income,IDA
Nicaragua,NI,NIC,2023,,2026-07-01,NA,NA,Latin America & Caribbean,Managua,-86.2734,12.1475,Lower middle income,IDA
Nicaragua,NI,NIC,2020,,2026-07-01,NA,NA,Latin America & Caribbean,Managua,-86.2734,12.1475,Lower middle income,IDA
Nicaragua,NI,NIC,2021,,2026-07-01,NA,NA,Latin America & Caribbean,Managua,-86.2734,12.1475,Lower middle income,IDA
Nicaragua,NI,NIC,2017,,2026-07-01,NA,NA,Latin America & Caribbean,Managua,-86.2734,12.1475,Lower middle income,IDA
Nicaragua,NI,NIC,2025,,2026-07-01,NA,NA,Latin America & Caribbean,Managua,-86.2734,12.1475,Lower middle income,IDA
Nicaragua,NI,NIC,2024,,2026-07-01,NA,NA,Latin America & Caribbean,Managua,-86.2734,12.1475,Lower middle income,IDA
Nicaragua,NI,NIC,2019,,2026-07-01,NA,NA,Latin America & Caribbean,Managua,-86.2734,12.1475,Lower middle income,IDA
Nicaragua,NI,NIC,2015,,2026-07-01,0.10742,NA,Latin America & Caribbean,Managua,-86.2734,12.1475,Lower middle income,IDA
Nicaragua,NI,NIC,2016,,2026-07-01,NA,NA,Latin America & Caribbean,Managua,-86.2734,12.1475,Lower middle income,IDA
Nicaragua,NI,NIC,2018,,2026-07-01,NA,NA,Latin America & Caribbean,Managua,-86.2734,12.1475,Lower middle income,IDA
Niger,NE,NER,2016,,2026-07-01,NA,NA,Sub-Saharan Africa,Niamey,2.1073,13.514,Low income,IDA
Niger,NE,NER,2015,,2026-07-01,NA,NA,Sub-Saharan Africa,Niamey,2.1073,13.514,Low income,IDA
Niger,NE,NER,2024,,2026-07-01,NA,NA,Sub-Saharan Africa,Niamey,2.1073,13.514,Low income,IDA
Niger,NE,NER,2025,,2026-07-01,NA,NA,Sub-Saharan Africa,Niamey,2.1073,13.514,Low income,IDA
Niger,NE,NER,2019,,2026-07-01,NA,NA,Sub-Saharan Africa,Niamey,2.1073,13.514,Low income,IDA
Niger,NE,NER,2020,,2026-07-01,NA,NA,Sub-Saharan Africa,Niamey,2.1073,13.514,Low income,IDA
Niger,NE,NER,2017,,2026-07-01,NA,NA,Sub-Saharan Africa,Niamey,2.1073,13.514,Low income,IDA
Niger,NE,NER,2018,,2026-07-01,NA,NA,Sub-Saharan Africa,Niamey,2.1073,13.514,Low income,IDA
Niger,NE,NER,2023,,2026-07-01,NA,NA,Sub-Saharan Africa,Niamey,2.1073,13.514,Low income,IDA
Niger,NE,NER,2021,,2026-07-01,NA,NA,Sub-Saharan Africa,Niamey,2.1073,13.514,Low income,IDA
Niger,NE,NER,2022,,2026-07-01,NA,NA,Sub-Saharan Africa,Niamey,2.1073,13.514,Low income,IDA
Nigeria,NG,NGA,2020,,2026-07-01,NA,NA,Sub-Saharan Africa,Abuja,7.48906,9.05804,Lower middle income,Blend
Nigeria,NG,NGA,2016,,2026-07-01,NA,NA,Sub-Saharan Africa,Abuja,7.48906,9.05804,Lower middle income,Blend
Nigeria,NG,NGA,2019,,2026-07-01,0.28444,22.12011,Sub-Saharan Africa,Abuja,7.48906,9.05804,Lower middle income,Blend
Nigeria,NG,NGA,2017,,2026-07-01,NA,NA,Sub-Saharan Africa,Abuja,7.48906,9.05804,Lower middle income,Blend
Nigeria,NG,NGA,2018,,2026-07-01,NA,NA,Sub-Saharan Africa,Abuja,7.48906,9.05804,Lower middle income,Blend
Nigeria,NG,NGA,2015,,2026-07-01,NA,NA,Sub-Saharan Africa,Abuja,7.48906,9.05804,Lower middle income,Blend
Nigeria,NG,NGA,2023,,2026-07-01,NA,NA,Sub-Saharan Africa,Abuja,7.48906,9.05804,Lower middle income,Blend
Nigeria,NG,NGA,2024,,2026-07-01,NA,NA,Sub-Saharan Africa,Abuja,7.48906,9.05804,Lower middle income,Blend
Nigeria,NG,NGA,2021,,2026-07-01,NA,NA,Sub-Saharan Africa,Abuja,7.48906,9.05804,Lower middle income,Blend
Nigeria,NG,NGA,2022,,2026-07-01,NA,NA,Sub-Saharan Africa,Abuja,7.48906,9.05804,Lower middle income,Blend
Nigeria,NG,NGA,2025,,2026-07-01,NA,NA,Sub-Saharan Africa,Abuja,7.48906,9.05804,Lower middle income,Blend
North America,XU,NAC,2018,,2026-07-01,2.89216041080928,4362.6522766706,Aggregates,,,,Aggregates,Aggregates
North America,XU,NAC,2021,,2026-07-01,3.34336470006787,4963.42904942203,Aggregates,,,,Aggregates,Aggregates
North America,XU,NAC,2019,,2026-07-01,3.03819831011577,4416.67919376275,Aggregates,,,,Aggregates,Aggregates
North America,XU,NAC,2017,,2026-07-01,2.79036479453057,4061.69720692796,Aggregates,,,,Aggregates,Aggregates
North America,XU,NAC,2020,,2026-07-01,3.31029130044039,4628.27701469366,Aggregates,,,,Aggregates,Aggregates
North America,XU,NAC,2024,,2026-07-01,NA,NA,Aggregates,,,,Aggregates,Aggregates
North America,XU,NAC,2015,,2026-07-01,2.68778930567554,4009.21504921775,Aggregates,,,,Aggregates,Aggregates
North America,XU,NAC,2016,,2026-07-01,2.75352453100094,3947.53825884323,Aggregates,,,,Aggregates,Aggregates
North America,XU,NAC,2023,,2026-07-01,3.32735501728451,NA,Aggregates,,,,Aggregates,Aggregates
North America,XU,NAC,2025,,2026-07-01,NA,NA,Aggregates,,,,Aggregates,Aggregates
North America,XU,NAC,2022,,2026-07-01,3.3569508936103,5009.22040529339,Aggregates,,,,Aggregates,Aggregates
North Macedonia,MK,MKD,2020,,2026-07-01,0.37264,868.87807,Europe & Central Asia,Skopje,21.4361,42.0024,Upper middle income,IBRD
North Macedonia,MK,MKD,2019,,2026-07-01,0.36783,858.75424,Europe & Central Asia,Skopje,21.4361,42.0024,Upper middle income,IBRD
North Macedonia,MK,MKD,2018,,2026-07-01,0.36367,862.45303,Europe & Central Asia,Skopje,21.4361,42.0024,Upper middle income,IBRD
North Macedonia,MK,MKD,2024,,2026-07-01,0.37363,888.07078,Europe & Central Asia,Skopje,21.4361,42.0024,Upper middle income,IBRD
North Macedonia,MK,MKD,2021,,2026-07-01,0.37252,843.87245,Europe & Central Asia,Skopje,21.4361,42.0024,Upper middle income,IBRD
North Macedonia,MK,MKD,2017,,2026-07-01,0.35439,778.17311,Europe & Central Asia,Skopje,21.4361,42.0024,Upper middle income,IBRD
North Macedonia,MK,MKD,2023,,2026-07-01,0.3699,922.47062,Europe & Central Asia,Skopje,21.4361,42.0024,Upper middle income,IBRD
North Macedonia,MK,MKD,2022,,2026-07-01,0.37372,730.898,Europe & Central Asia,Skopje,21.4361,42.0024,Upper middle income,IBRD
North Macedonia,MK,MKD,2015,,2026-07-01,0.44412,897.16346,Europe & Central Asia,Skopje,21.4361,42.0024,Upper middle income,IBRD
North Macedonia,MK,MKD,2016,,2026-07-01,0.43585,901.84402,Europe & Central Asia,Skopje,21.4361,42.0024,Upper middle income,IBRD
North Macedonia,MK,MKD,2025,,2026-07-01,NA,NA,Europe & Central Asia,Skopje,21.4361,42.0024,Upper middle income,IBRD
Northern Mariana Islands,MP,MNP,2021,,2026-07-01,NA,NA,East Asia & Pacific,Saipan,145.765,15.1935,High income,Not classified
Northern Mariana Islands,MP,MNP,2023,,2026-07-01,NA,NA,East Asia & Pacific,Saipan,145.765,15.1935,High income,Not classified
Northern Mariana Islands,MP,MNP,2017,,2026-07-01,NA,NA,East Asia & Pacific,Saipan,145.765,15.1935,High income,Not classified
Northern Mariana Islands,MP,MNP,2025,,2026-07-01,NA,NA,East Asia & Pacific,Saipan,145.765,15.1935,High income,Not classified
Northern Mariana Islands,MP,MNP,2022,,2026-07-01,NA,NA,East Asia & Pacific,Saipan,145.765,15.1935,High income,Not classified
Northern Mariana Islands,MP,MNP,2024,,2026-07-01,NA,NA,East Asia & Pacific,Saipan,145.765,15.1935,High income,Not classified
Northern Mariana Islands,MP,MNP,2015,,2026-07-01,NA,NA,East Asia & Pacific,Saipan,145.765,15.1935,High income,Not classified
Northern Mariana Islands,MP,MNP,2016,,2026-07-01,NA,NA,East Asia & Pacific,Saipan,145.765,15.1935,High income,Not classified
Northern Mariana Islands,MP,MNP,2018,,2026-07-01,NA,NA,East Asia & Pacific,Saipan,145.765,15.1935,High income,Not classified
Northern Mariana Islands,MP,MNP,2019,,2026-07-01,NA,NA,East Asia & Pacific,Saipan,145.765,15.1935,High income,Not classified
Northern Mariana Islands,MP,MNP,2020,,2026-07-01,NA,NA,East Asia & Pacific,Saipan,145.765,15.1935,High income,Not classified
Norway,NO,NOR,2025,,2026-07-01,NA,NA,Europe & Central Asia,Oslo,10.7387,59.9138,High income,Not classified
Norway,NO,NOR,2016,,2026-07-01,2.03286,6120.84923,Europe & Central Asia,Oslo,10.7387,59.9138,High income,Not classified
Norway,NO,NOR,2024,,2026-07-01,NA,NA,Europe & Central Asia,Oslo,10.7387,59.9138,High income,Not classified
Norway,NO,NOR,2020,,2026-07-01,2.24436,6766.01432,Europe & Central Asia,Oslo,10.7387,59.9138,High income,Not classified
Norway,NO,NOR,2017,,2026-07-01,2.08168,6396.1696,Europe & Central Asia,Oslo,10.7387,59.9138,High income,Not classified
Norway,NO,NOR,2018,,2026-07-01,2.03482,6484.23611,Europe & Central Asia,Oslo,10.7387,59.9138,High income,Not classified
Norway,NO,NOR,2015,,2026-07-01,1.92351,5929.85725,Europe & Central Asia,Oslo,10.7387,59.9138,High income,Not classified
Norway,NO,NOR,2021,,2026-07-01,1.88764,7228.72168,Europe & Central Asia,Oslo,10.7387,59.9138,High income,Not classified
Norway,NO,NOR,2022,,2026-07-01,1.55081,7394.77328,Europe & Central Asia,Oslo,10.7387,59.9138,High income,Not classified
Norway,NO,NOR,2019,,2026-07-01,2.13599,6737.55318,Europe & Central Asia,Oslo,10.7387,59.9138,High income,Not classified
Norway,NO,NOR,2023,,2026-07-01,1.85142,7450.59492,Europe & Central Asia,Oslo,10.7387,59.9138,High income,Not classified
Not classified,XY,,2015,,2026-07-01,NA,NA,NA,NA,NA,NA,NA,NA
Not classified,XY,,2016,,2026-07-01,NA,NA,NA,NA,NA,NA,NA,NA
Not classified,XY,,2017,,2026-07-01,NA,NA,NA,NA,NA,NA,NA,NA
Not classified,XY,,2018,,2026-07-01,NA,NA,NA,NA,NA,NA,NA,NA
Not classified,XY,,2019,,2026-07-01,NA,NA,NA,NA,NA,NA,NA,NA
Not classified,XY,,2020,,2026-07-01,NA,NA,NA,NA,NA,NA,NA,NA
Not classified,XY,,2021,,2026-07-01,NA,NA,NA,NA,NA,NA,NA,NA
Not classified,XY,,2022,,2026-07-01,NA,NA,NA,NA,NA,NA,NA,NA
Not classified,XY,,2023,,2026-07-01,NA,NA,NA,NA,NA,NA,NA,NA
Not classified,XY,,2024,,2026-07-01,NA,NA,NA,NA,NA,NA,NA,NA
Not classified,XY,,2025,,2026-07-01,NA,NA,NA,NA,NA,NA,NA,NA
OECD members,OE,OED,2015,,2026-07-01,2.46125133944572,3470.9678113824,Aggregates,,,,Aggregates,Aggregates
OECD members,OE,OED,2019,,2026-07-01,2.70936776686714,4022.75788671485,Aggregates,,,,Aggregates,Aggregates
OECD members,OE,OED,2016,,2026-07-01,2.51043341868186,3481.62722067293,Aggregates,,,,Aggregates,Aggregates
OECD members,OE,OED,2017,,2026-07-01,2.53598811696777,3631.29702975854,Aggregates,,,,Aggregates,Aggregates
OECD members,OE,OED,2022,,2026-07-01,2.94231137326631,4464.18234917805,Aggregates,,,,Aggregates,Aggregates
OECD members,OE,OED,2018,,2026-07-01,2.64055443669157,3892.49112705678,Aggregates,,,,Aggregates,Aggregates
OECD members,OE,OED,2020,,2026-07-01,2.91948235220053,4111.80719478249,Aggregates,,,,Aggregates,Aggregates
OECD members,OE,OED,2021,,2026-07-01,2.89422761827735,4347.6967553575,Aggregates,,,,Aggregates,Aggregates
OECD members,OE,OED,2023,,2026-07-01,2.93439075279869,NA,Aggregates,,,,Aggregates,Aggregates
OECD members,OE,OED,2024,,2026-07-01,NA,NA,Aggregates,,,,Aggregates,Aggregates
OECD members,OE,OED,2025,,2026-07-01,NA,NA,Aggregates,,,,Aggregates,Aggregates
Oman,OM,OMN,2017,,2026-07-01,0.19925,251.8909,"Middle East, North Africa, Afghanistan & Pakistan",Muscat,58.5874,23.6105,High income,Not classified
Oman,OM,OMN,2021,,2026-07-01,0.29266,332.10768,"Middle East, North Africa, Afghanistan & Pakistan",Muscat,58.5874,23.6105,High income,Not classified
Oman,OM,OMN,2018,,2026-07-01,0.19031,296.18652,"Middle East, North Africa, Afghanistan & Pakistan",Muscat,58.5874,23.6105,High income,Not classified
Oman,OM,OMN,2019,,2026-07-01,0.27255,382.86992,"Middle East, North Africa, Afghanistan & Pakistan",Muscat,58.5874,23.6105,High income,Not classified
Oman,OM,OMN,2020,,2026-07-01,0.31599,374.1444,"Middle East, North Africa, Afghanistan & Pakistan",Muscat,58.5874,23.6105,High income,Not classified
Oman,OM,OMN,2015,,2026-07-01,0.21866,222.38615,"Middle East, North Africa, Afghanistan & Pakistan",Muscat,58.5874,23.6105,High income,Not classified
Oman,OM,OMN,2016,,2026-07-01,0.22691,250.29605,"Middle East, North Africa, Afghanistan & Pakistan",Muscat,58.5874,23.6105,High income,Not classified
Oman,OM,OMN,2022,,2026-07-01,0.28711,383.13404,"Middle East, North Africa, Afghanistan & Pakistan",Muscat,58.5874,23.6105,High income,Not classified
Oman,OM,OMN,2023,,2026-07-01,0.37526,655.14938,"Middle East, North Africa, Afghanistan & Pakistan",Muscat,58.5874,23.6105,High income,Not classified
Oman,OM,OMN,2024,,2026-07-01,0.38979,739.41404,"Middle East, North Africa, Afghanistan & Pakistan",Muscat,58.5874,23.6105,High income,Not classified
Oman,OM,OMN,2025,,2026-07-01,NA,NA,"Middle East, North Africa, Afghanistan & Pakistan",Muscat,58.5874,23.6105,High income,Not classified
Other small states,S4,OSS,2020,,2026-07-01,1.35332602739128,NA,Aggregates,,,,Aggregates,Aggregates
Other small states,S4,OSS,2021,,2026-07-01,1.42042860813961,NA,Aggregates,,,,Aggregates,Aggregates
Other small states,S4,OSS,2022,,2026-07-01,1.37990760466746,NA,Aggregates,,,,Aggregates,Aggregates
Other small states,S4,OSS,2023,,2026-07-01,1.36659113608658,NA,Aggregates,,,,Aggregates,Aggregates
Other small states,S4,OSS,2015,,2026-07-01,NA,NA,Aggregates,,,,Aggregates,Aggregates
Other small states,S4,OSS,2016,,2026-07-01,NA,NA,Aggregates,,,,Aggregates,Aggregates
Other small states,S4,OSS,2017,,2026-07-01,1.04388247617076,NA,Aggregates,,,,Aggregates,Aggregates
Other small states,S4,OSS,2018,,2026-07-01,0.99117898805138,NA,Aggregates,,,,Aggregates,Aggregates
Other small states,S4,OSS,2019,,2026-07-01,1.20286540759596,NA,Aggregates,,,,Aggregates,Aggregates
Other small states,S4,OSS,2024,,2026-07-01,NA,NA,Aggregates,,,,Aggregates,Aggregates
Other small states,S4,OSS,2025,,2026-07-01,NA,NA,Aggregates,,,,Aggregates,Aggregates
Pacific island small states,S2,PSS,2021,,2026-07-01,NA,NA,Aggregates,,,,Aggregates,Aggregates
Pacific island small states,S2,PSS,2022,,2026-07-01,NA,NA,Aggregates,,,,Aggregates,Aggregates
Pacific island small states,S2,PSS,2020,,2026-07-01,NA,NA,Aggregates,,,,Aggregates,Aggregates
Pacific island small states,S2,PSS,2024,,2026-07-01,NA,NA,Aggregates,,,,Aggregates,Aggregates
Pacific island small states,S2,PSS,2025,,2026-07-01,NA,NA,Aggregates,,,,Aggregates,Aggregates
Pacific island small states,S2,PSS,2023,,2026-07-01,NA,NA,Aggregates,,,,Aggregates,Aggregates
Pacific island small states,S2,PSS,2015,,2026-07-01,NA,NA,Aggregates,,,,Aggregates,Aggregates
Pacific island small states,S2,PSS,2016,,2026-07-01,NA,NA,Aggregates,,,,Aggregates,Aggregates
Pacific island small states,S2,PSS,2017,,2026-07-01,NA,NA,Aggregates,,,,Aggregates,Aggregates
Pacific island small states,S2,PSS,2018,,2026-07-01,NA,NA,Aggregates,,,,Aggregates,Aggregates
Pacific island small states,S2,PSS,2019,,2026-07-01,NA,NA,Aggregates,,,,Aggregates,Aggregates
Pakistan,PK,PAK,2024,,2026-07-01,NA,NA,"Middle East, North Africa, Afghanistan & Pakistan",Islamabad,72.8,30.5167,Lower middle income,Blend
Pakistan,PK,PAK,2025,,2026-07-01,NA,NA,"Middle East, North Africa, Afghanistan & Pakistan",Islamabad,72.8,30.5167,Lower middle income,Blend
Pakistan,PK,PAK,2023,,2026-07-01,0.16399,473.71632,"Middle East, North Africa, Afghanistan & Pakistan",Islamabad,72.8,30.5167,Lower middle income,Blend
Pakistan,PK,PAK,2015,,2026-07-01,0.22193,257.67288,"Middle East, North Africa, Afghanistan & Pakistan",Islamabad,72.8,30.5167,Lower middle income,Blend
Pakistan,PK,PAK,2016,,2026-07-01,NA,NA,"Middle East, North Africa, Afghanistan & Pakistan",Islamabad,72.8,30.5167,Lower middle income,Blend
Pakistan,PK,PAK,2017,,2026-07-01,0.21214,314.96263,"Middle East, North Africa, Afghanistan & Pakistan",Islamabad,72.8,30.5167,Lower middle income,Blend
Pakistan,PK,PAK,2018,,2026-07-01,NA,NA,"Middle East, North Africa, Afghanistan & Pakistan",Islamabad,72.8,30.5167,Lower middle income,Blend
Pakistan,PK,PAK,2019,,2026-07-01,0.17475,362.3767,"Middle East, North Africa, Afghanistan & Pakistan",Islamabad,72.8,30.5167,Lower middle income,Blend
Pakistan,PK,PAK,2020,,2026-07-01,NA,NA,"Middle East, North Africa, Afghanistan & Pakistan",Islamabad,72.8,30.5167,Lower middle income,Blend
Pakistan,PK,PAK,2021,,2026-07-01,0.16431,401.38994,"Middle East, North Africa, Afghanistan & Pakistan",Islamabad,72.8,30.5167,Lower middle income,Blend
Pakistan,PK,PAK,2022,,2026-07-01,NA,NA,"Middle East, North Africa, Afghanistan & Pakistan",Islamabad,72.8,30.5167,Lower middle income,Blend
Palau,PW,PLW,2016,,2026-07-01,NA,NA,East Asia & Pacific,Koror,134.479,7.34194,High income,IBRD
Palau,PW,PLW,2017,,2026-07-01,NA,NA,East Asia & Pacific,Koror,134.479,7.34194,High income,IBRD
Palau,PW,PLW,2018,,2026-07-01,NA,NA,East Asia & Pacific,Koror,134.479,7.34194,High income,IBRD
Palau,PW,PLW,2019,,2026-07-01,NA,NA,East Asia & Pacific,Koror,134.479,7.34194,High income,IBRD
Palau,PW,PLW,2015,,2026-07-01,NA,NA,East Asia & Pacific,Koror,134.479,7.34194,High income,IBRD
Palau,PW,PLW,2020,,2026-07-01,NA,NA,East Asia & Pacific,Koror,134.479,7.34194,High income,IBRD
Palau,PW,PLW,2021,,2026-07-01,NA,NA,East Asia & Pacific,Koror,134.479,7.34194,High income,IBRD
Palau,PW,PLW,2022,,2026-07-01,NA,NA,East Asia & Pacific,Koror,134.479,7.34194,High income,IBRD
Palau,PW,PLW,2023,,2026-07-01,NA,NA,East Asia & Pacific,Koror,134.479,7.34194,High income,IBRD
Palau,PW,PLW,2024,,2026-07-01,NA,NA,East Asia & Pacific,Koror,134.479,7.34194,High income,IBRD
Palau,PW,PLW,2025,,2026-07-01,NA,NA,East Asia & Pacific,Koror,134.479,7.34194,High income,IBRD
Panama,PA,PAN,2020,,2026-07-01,0.23246,167.55608,Latin America & Caribbean,Panama City,-79.5188,8.99427,High income,IBRD
Panama,PA,PAN,2021,,2026-07-01,0.17691,134.74424,Latin America & Caribbean,Panama City,-79.5188,8.99427,High income,IBRD
Panama,PA,PAN,2018,,2026-07-01,0.13355,107.17185,Latin America & Caribbean,Panama City,-79.5188,8.99427,High income,IBRD
Panama,PA,PAN,2019,,2026-07-01,0.13613,110.65703,Latin America & Caribbean,Panama City,-79.5188,8.99427,High income,IBRD
Panama,PA,PAN,2015,,2026-07-01,0.10422,90.68303,Latin America & Caribbean,Panama City,-79.5188,8.99427,High income,IBRD
Panama,PA,PAN,2016,,2026-07-01,0.12829,96.8879,Latin America & Caribbean,Panama City,-79.5188,8.99427,High income,IBRD
Panama,PA,PAN,2017,,2026-07-01,0.13083,105.81058,Latin America & Caribbean,Panama City,-79.5188,8.99427,High income,IBRD
Panama,PA,PAN,2025,,2026-07-01,NA,NA,Latin America & Caribbean,Panama City,-79.5188,8.99427,High income,IBRD
Panama,PA,PAN,2022,,2026-07-01,0.18302,142.28474,Latin America & Caribbean,Panama City,-79.5188,8.99427,High income,IBRD
Panama,PA,PAN,2023,,2026-07-01,0.15803,253.27142,Latin America & Caribbean,Panama City,-79.5188,8.99427,High income,IBRD
Panama,PA,PAN,2024,,2026-07-01,0.19708,250.47421,Latin America & Caribbean,Panama City,-79.5188,8.99427,High income,IBRD
Papua New Guinea,PG,PNG,2019,,2026-07-01,NA,NA,East Asia & Pacific,Port Moresby,147.194,-9.47357,Lower middle income,Blend
Papua New Guinea,PG,PNG,2020,,2026-07-01,NA,NA,East Asia & Pacific,Port Moresby,147.194,-9.47357,Lower middle income,Blend
Papua New Guinea,PG,PNG,2021,,2026-07-01,NA,NA,East Asia & Pacific,Port Moresby,147.194,-9.47357,Lower middle income,Blend
Papua New Guinea,PG,PNG,2022,,2026-07-01,NA,NA,East Asia & Pacific,Port Moresby,147.194,-9.47357,Lower middle income,Blend
Papua New Guinea,PG,PNG,2023,,2026-07-01,NA,NA,East Asia & Pacific,Port Moresby,147.194,-9.47357,Lower middle income,Blend
Papua New Guinea,PG,PNG,2015,,2026-07-01,NA,NA,East Asia & Pacific,Port Moresby,147.194,-9.47357,Lower middle income,Blend
Papua New Guinea,PG,PNG,2016,,2026-07-01,0.03158,33.15884,East Asia & Pacific,Port Moresby,147.194,-9.47357,Lower middle income,Blend
Papua New Guinea,PG,PNG,2017,,2026-07-01,NA,NA,East Asia & Pacific,Port Moresby,147.194,-9.47357,Lower middle income,Blend
Papua New Guinea,PG,PNG,2018,,2026-07-01,NA,NA,East Asia & Pacific,Port Moresby,147.194,-9.47357,Lower middle income,Blend
Papua New Guinea,PG,PNG,2024,,2026-07-01,NA,NA,East Asia & Pacific,Port Moresby,147.194,-9.47357,Lower middle income,Blend
Papua New Guinea,PG,PNG,2025,,2026-07-01,NA,NA,East Asia & Pacific,Port Moresby,147.194,-9.47357,Lower middle income,Blend
Paraguay,PY,PRY,2022,,2026-07-01,0.11944,133.19638,Latin America & Caribbean,Asuncion,-57.6362,-25.3005,Upper middle income,IBRD
Paraguay,PY,PRY,2025,,2026-07-01,NA,NA,Latin America & Caribbean,Asuncion,-57.6362,-25.3005,Upper middle income,IBRD
Paraguay,PY,PRY,2016,,2026-07-01,0.11676,132.3061,Latin America & Caribbean,Asuncion,-57.6362,-25.3005,Upper middle income,IBRD
Paraguay,PY,PRY,2023,,2026-07-01,0.14117,138.79238,Latin America & Caribbean,Asuncion,-57.6362,-25.3005,Upper middle income,IBRD
Paraguay,PY,PRY,2024,,2026-07-01,NA,NA,Latin America & Caribbean,Asuncion,-57.6362,-25.3005,Upper middle income,IBRD
Paraguay,PY,PRY,2015,,2026-07-01,0.09674,199.86552,Latin America & Caribbean,Asuncion,-57.6362,-25.3005,Upper middle income,IBRD
Paraguay,PY,PRY,2020,,2026-07-01,0.15697,141.19046,Latin America & Caribbean,Asuncion,-57.6362,-25.3005,Upper middle income,IBRD
Paraguay,PY,PRY,2017,,2026-07-01,0.14888,147.43833,Latin America & Caribbean,Asuncion,-57.6362,-25.3005,Upper middle income,IBRD
Paraguay,PY,PRY,2018,,2026-07-01,0.14684,152.27558,Latin America & Caribbean,Asuncion,-57.6362,-25.3005,Upper middle income,IBRD
Paraguay,PY,PRY,2019,,2026-07-01,0.13751,169.35536,Latin America & Caribbean,Asuncion,-57.6362,-25.3005,Upper middle income,IBRD
Paraguay,PY,PRY,2021,,2026-07-01,0.14398,142.72905,Latin America & Caribbean,Asuncion,-57.6362,-25.3005,Upper middle income,IBRD
Peru,PE,PER,2015,,2026-07-01,0.11702,NA,Latin America & Caribbean,Lima,-77.0465,-12.0931,Upper middle income,IBRD
Peru,PE,PER,2025,,2026-07-01,NA,NA,Latin America & Caribbean,Lima,-77.0465,-12.0931,Upper middle income,IBRD
Peru,PE,PER,2017,,2026-07-01,0.12085,NA,Latin America & Caribbean,Lima,-77.0465,-12.0931,Upper middle income,IBRD
Peru,PE,PER,2018,,2026-07-01,0.12683,NA,Latin America & Caribbean,Lima,-77.0465,-12.0931,Upper middle income,IBRD
Peru,PE,PER,2019,,2026-07-01,0.15696,NA,Latin America & Caribbean,Lima,-77.0465,-12.0931,Upper middle income,IBRD
Peru,PE,PER,2016,,2026-07-01,0.12008,NA,Latin America & Caribbean,Lima,-77.0465,-12.0931,Upper middle income,IBRD
Peru,PE,PER,2021,,2026-07-01,0.13754,NA,Latin America & Caribbean,Lima,-77.0465,-12.0931,Upper middle income,IBRD
Peru,PE,PER,2022,,2026-07-01,0.16206,NA,Latin America & Caribbean,Lima,-77.0465,-12.0931,Upper middle income,IBRD
Peru,PE,PER,2023,,2026-07-01,0.17611,NA,Latin America & Caribbean,Lima,-77.0465,-12.0931,Upper middle income,IBRD
Peru,PE,PER,2020,,2026-07-01,0.17229,NA,Latin America & Caribbean,Lima,-77.0465,-12.0931,Upper middle income,IBRD
Peru,PE,PER,2024,,2026-07-01,NA,NA,Latin America & Caribbean,Lima,-77.0465,-12.0931,Upper middle income,IBRD
Philippines,PH,PHL,2015,,2026-07-01,0.15683,103.17345,East Asia & Pacific,Manila,121.035,14.5515,Lower middle income,IBRD
Philippines,PH,PHL,2016,,2026-07-01,NA,NA,East Asia & Pacific,Manila,121.035,14.5515,Lower middle income,IBRD
Philippines,PH,PHL,2017,,2026-07-01,NA,NA,East Asia & Pacific,Manila,121.035,14.5515,Lower middle income,IBRD
Philippines,PH,PHL,2021,,2026-07-01,NA,NA,East Asia & Pacific,Manila,121.035,14.5515,Lower middle income,IBRD
Philippines,PH,PHL,2018,,2026-07-01,0.32222,170.21271,East Asia & Pacific,Manila,121.035,14.5515,Lower middle income,IBRD
Philippines,PH,PHL,2019,,2026-07-01,0.25926,302.08457,East Asia & Pacific,Manila,121.035,14.5515,Lower middle income,IBRD
Philippines,PH,PHL,2020,,2026-07-01,0.27625,320.27857,East Asia & Pacific,Manila,121.035,14.5515,Lower middle income,IBRD
Philippines,PH,PHL,2025,,2026-07-01,NA,NA,East Asia & Pacific,Manila,121.035,14.5515,Lower middle income,IBRD
Philippines,PH,PHL,2022,,2026-07-01,NA,NA,East Asia & Pacific,Manila,121.035,14.5515,Lower middle income,IBRD
Philippines,PH,PHL,2023,,2026-07-01,NA,NA,East Asia & Pacific,Manila,121.035,14.5515,Lower middle income,IBRD
Philippines,PH,PHL,2024,,2026-07-01,NA,NA,East Asia & Pacific,Manila,121.035,14.5515,Lower middle income,IBRD
Poland,PL,POL,2015,,2026-07-01,0.99807,2158.37831,Europe & Central Asia,Warsaw,21.02,52.26,High income,IBRD
Poland,PL,POL,2016,,2026-07-01,0.9616,2304.00747,Europe & Central Asia,Warsaw,21.02,52.26,High income,IBRD
Poland,PL,POL,2017,,2026-07-01,1.03055,2994.85672,Europe & Central Asia,Warsaw,21.02,52.26,High income,IBRD
Poland,PL,POL,2018,,2026-07-01,1.19426,3079.49249,Europe & Central Asia,Warsaw,21.02,52.26,High income,IBRD
Poland,PL,POL,2019,,2026-07-01,1.3088,3159.06604,Europe & Central Asia,Warsaw,21.02,52.26,High income,IBRD
Poland,PL,POL,2023,,2026-07-01,1.55525,3675.06022,Europe & Central Asia,Warsaw,21.02,52.26,High income,IBRD
Poland,PL,POL,2020,,2026-07-01,1.37128,3260.15498,Europe & Central Asia,Warsaw,21.02,52.26,High income,IBRD
Poland,PL,POL,2021,,2026-07-01,1.41558,3558.20467,Europe & Central Asia,Warsaw,21.02,52.26,High income,IBRD
Poland,PL,POL,2022,,2026-07-01,1.44162,3721.07204,Europe & Central Asia,Warsaw,21.02,52.26,High income,IBRD
Poland,PL,POL,2024,,2026-07-01,NA,NA,Europe & Central Asia,Warsaw,21.02,52.26,High income,IBRD
Poland,PL,POL,2025,,2026-07-01,NA,NA,Europe & Central Asia,Warsaw,21.02,52.26,High income,IBRD
Portugal,PT,PRT,2018,,2026-07-01,1.35078,4614.40041,Europe & Central Asia,Lisbon,-9.13552,38.7072,High income,Not classified
Portugal,PT,PRT,2021,,2026-07-01,1.66711,5430.93667,Europe & Central Asia,Lisbon,-9.13552,38.7072,High income,Not classified
Portugal,PT,PRT,2022,,2026-07-01,1.69051,5686.65428,Europe & Central Asia,Lisbon,-9.13552,38.7072,High income,Not classified
Portugal,PT,PRT,2019,,2026-07-01,1.39487,4859.21726,Europe & Central Asia,Lisbon,-9.13552,38.7072,High income,Not classified
Portugal,PT,PRT,2020,,2026-07-01,1.60979,5131.43982,Europe & Central Asia,Lisbon,-9.13552,38.7072,High income,Not classified
Portugal,PT,PRT,2015,,2026-07-01,1.24552,3724.60014,Europe & Central Asia,Lisbon,-9.13552,38.7072,High income,Not classified
Portugal,PT,PRT,2016,,2026-07-01,1.2815,3992.10969,Europe & Central Asia,Lisbon,-9.13552,38.7072,High income,Not classified
Portugal,PT,PRT,2017,,2026-07-01,1.32224,4348.10903,Europe & Central Asia,Lisbon,-9.13552,38.7072,High income,Not classified
Portugal,PT,PRT,2023,,2026-07-01,1.69491,5983.27041,Europe & Central Asia,Lisbon,-9.13552,38.7072,High income,Not classified
Portugal,PT,PRT,2024,,2026-07-01,NA,NA,Europe & Central Asia,Lisbon,-9.13552,38.7072,High income,Not classified
Portugal,PT,PRT,2025,,2026-07-01,NA,NA,Europe & Central Asia,Lisbon,-9.13552,38.7072,High income,Not classified
Post-demographic dividend,V4,PST,2024,,2026-07-01,NA,NA,Aggregates,,,,Aggregates,Aggregates
Post-demographic dividend,V4,PST,2021,,2026-07-01,2.97151446683273,4922.71625301898,Aggregates,,,,Aggregates,Aggregates
Post-demographic dividend,V4,PST,2022,,2026-07-01,3.02511266035915,5053.27234557678,Aggregates,,,,Aggregates,Aggregates
Post-demographic dividend,V4,PST,2023,,2026-07-01,3.02512839178151,NA,Aggregates,,,,Aggregates,Aggregates
Post-demographic dividend,V4,PST,2015,,2026-07-01,2.55813343457579,4156.93581306554,Aggregates,,,,Aggregates,Aggregates
Post-demographic dividend,V4,PST,2016,,2026-07-01,2.60341427284485,4171.23318257141,Aggregates,,,,Aggregates,Aggregates
Post-demographic dividend,V4,PST,2017,,2026-07-01,2.62454254829446,4313.50777671381,Aggregates,,,,Aggregates,Aggregates
Post-demographic dividend,V4,PST,2018,,2026-07-01,2.73396900584431,4476.60494594888,Aggregates,,,,Aggregates,Aggregates
Post-demographic dividend,V4,PST,2019,,2026-07-01,2.79305741904112,4598.12641148908,Aggregates,,,,Aggregates,Aggregates
Post-demographic dividend,V4,PST,2020,,2026-07-01,3.00978778780676,4680.20271517938,Aggregates,,,,Aggregates,Aggregates
Post-demographic dividend,V4,PST,2025,,2026-07-01,NA,NA,Aggregates,,,,Aggregates,Aggregates
Pre-demographic dividend,V1,PRE,2020,,2026-07-01,NA,NA,Aggregates,,,,Aggregates,Aggregates
Pre-demographic dividend,V1,PRE,2021,,2026-07-01,NA,NA,Aggregates,,,,Aggregates,Aggregates
Pre-demographic dividend,V1,PRE,2022,,2026-07-01,NA,NA,Aggregates,,,,Aggregates,Aggregates
Pre-demographic dividend,V1,PRE,2025,,2026-07-01,NA,NA,Aggregates,,,,Aggregates,Aggregates
Pre-demographic dividend,V1,PRE,2024,,2026-07-01,NA,NA,Aggregates,,,,Aggregates,Aggregates
Pre-demographic dividend,V1,PRE,2017,,2026-07-01,NA,NA,Aggregates,,,,Aggregates,Aggregates
Pre-demographic dividend,V1,PRE,2023,,2026-07-01,NA,NA,Aggregates,,,,Aggregates,Aggregates
Pre-demographic dividend,V1,PRE,2015,,2026-07-01,NA,NA,Aggregates,,,,Aggregates,Aggregates
Pre-demographic dividend,V1,PRE,2016,,2026-07-01,NA,NA,Aggregates,,,,Aggregates,Aggregates
Pre-demographic dividend,V1,PRE,2018,,2026-07-01,NA,NA,Aggregates,,,,Aggregates,Aggregates
Pre-demographic dividend,V1,PRE,2019,,2026-07-01,NA,NA,Aggregates,,,,Aggregates,Aggregates
Puerto Rico (US),PR,PRI,2016,,2026-07-01,NA,NA,Latin America & Caribbean,San Juan,-66,18.23,High income,Not classified
Puerto Rico (US),PR,PRI,2025,,2026-07-01,NA,NA,Latin America & Caribbean,San Juan,-66,18.23,High income,Not classified
Puerto Rico (US),PR,PRI,2024,,2026-07-01,NA,NA,Latin America & Caribbean,San Juan,-66,18.23,High income,Not classified
Puerto Rico (US),PR,PRI,2015,,2026-07-01,0.42882,332.37777,Latin America & Caribbean,San Juan,-66,18.23,High income,Not classified
Puerto Rico (US),PR,PRI,2017,,2026-07-01,NA,NA,Latin America & Caribbean,San Juan,-66,18.23,High income,Not classified
Puerto Rico (US),PR,PRI,2018,,2026-07-01,NA,NA,Latin America & Caribbean,San Juan,-66,18.23,High income,Not classified
Puerto Rico (US),PR,PRI,2019,,2026-07-01,NA,NA,Latin America & Caribbean,San Juan,-66,18.23,High income,Not classified
Puerto Rico (US),PR,PRI,2020,,2026-07-01,NA,NA,Latin America & Caribbean,San Juan,-66,18.23,High income,Not classified
Puerto Rico (US),PR,PRI,2021,,2026-07-01,NA,NA,Latin America & Caribbean,San Juan,-66,18.23,High income,Not classified
Puerto Rico (US),PR,PRI,2022,,2026-07-01,NA,NA,Latin America & Caribbean,San Juan,-66,18.23,High income,Not classified
Puerto Rico (US),PR,PRI,2023,,2026-07-01,NA,NA,Latin America & Caribbean,San Juan,-66,18.23,High income,Not classified
Qatar,QA,QAT,2016,,2026-07-01,NA,NA,"Middle East, North Africa, Afghanistan & Pakistan",Doha,51.5082,25.2948,High income,Not classified
Qatar,QA,QAT,2017,,2026-07-01,NA,NA,"Middle East, North Africa, Afghanistan & Pakistan",Doha,51.5082,25.2948,High income,Not classified
Qatar,QA,QAT,2018,,2026-07-01,0.53129,585.61288,"Middle East, North Africa, Afghanistan & Pakistan",Doha,51.5082,25.2948,High income,Not classified
Qatar,QA,QAT,2019,,2026-07-01,NA,NA,"Middle East, North Africa, Afghanistan & Pakistan",Doha,51.5082,25.2948,High income,Not classified
Qatar,QA,QAT,2015,,2026-07-01,0.51883,643.91403,"Middle East, North Africa, Afghanistan & Pakistan",Doha,51.5082,25.2948,High income,Not classified
Qatar,QA,QAT,2020,,2026-07-01,NA,NA,"Middle East, North Africa, Afghanistan & Pakistan",Doha,51.5082,25.2948,High income,Not classified
Qatar,QA,QAT,2021,,2026-07-01,0.68058,947.77921,"Middle East, North Africa, Afghanistan & Pakistan",Doha,51.5082,25.2948,High income,Not classified
Qatar,QA,QAT,2022,,2026-07-01,NA,NA,"Middle East, North Africa, Afghanistan & Pakistan",Doha,51.5082,25.2948,High income,Not classified
Qatar,QA,QAT,2023,,2026-07-01,NA,NA,"Middle East, North Africa, Afghanistan & Pakistan",Doha,51.5082,25.2948,High income,Not classified
Qatar,QA,QAT,2024,,2026-07-01,NA,NA,"Middle East, North Africa, Afghanistan & Pakistan",Doha,51.5082,25.2948,High income,Not classified
Qatar,QA,QAT,2025,,2026-07-01,NA,NA,"Middle East, North Africa, Afghanistan & Pakistan",Doha,51.5082,25.2948,High income,Not classified
Romania,RO,ROU,2020,,2026-07-01,0.46414,942.32049,Europe & Central Asia,Bucharest,26.0979,44.4479,High income,IBRD
Romania,RO,ROU,2021,,2026-07-01,0.47108,988.67695,Europe & Central Asia,Bucharest,26.0979,44.4479,High income,IBRD
Romania,RO,ROU,2018,,2026-07-01,0.49698,876.17129,Europe & Central Asia,Bucharest,26.0979,44.4479,High income,IBRD
Romania,RO,ROU,2019,,2026-07-01,0.47491,887.46612,Europe & Central Asia,Bucharest,26.0979,44.4479,High income,IBRD
Romania,RO,ROU,2015,,2026-07-01,0.48796,876.41011,Europe & Central Asia,Bucharest,26.0979,44.4479,High income,IBRD
Romania,RO,ROU,2016,,2026-07-01,0.48863,910.44851,Europe & Central Asia,Bucharest,26.0979,44.4479,High income,IBRD
Romania,RO,ROU,2017,,2026-07-01,0.50693,887.74694,Europe & Central Asia,Bucharest,26.0979,44.4479,High income,IBRD
Romania,RO,ROU,2022,,2026-07-01,0.46274,998.72545,Europe & Central Asia,Bucharest,26.0979,44.4479,High income,IBRD
Romania,RO,ROU,2023,,2026-07-01,0.51656,1082.10503,Europe & Central Asia,Bucharest,26.0979,44.4479,High income,IBRD
Romania,RO,ROU,2024,,2026-07-01,NA,NA,Europe & Central Asia,Bucharest,26.0979,44.4479,High income,IBRD
Romania,RO,ROU,2025,,2026-07-01,NA,NA,Europe & Central Asia,Bucharest,26.0979,44.4479,High income,IBRD
Russian Federation,RU,RUS,2020,,2026-07-01,1.09099,2710.16353,Europe & Central Asia,Moscow,37.6176,55.7558,High income,IBRD
Russian Federation,RU,RUS,2024,,2026-07-01,0.93706,2638.56451,Europe & Central Asia,Moscow,37.6176,55.7558,High income,IBRD
Russian Federation,RU,RUS,2021,,2026-07-01,0.96602,2647.79283,Europe & Central Asia,Moscow,37.6176,55.7558,High income,IBRD
Russian Federation,RU,RUS,2022,,2026-07-01,0.91494,2657.93662,Europe & Central Asia,Moscow,37.6176,55.7558,High income,IBRD
Russian Federation,RU,RUS,2019,,2026-07-01,1.03531,2734.68619,Europe & Central Asia,Moscow,37.6176,55.7558,High income,IBRD
Russian Federation,RU,RUS,2015,,2026-07-01,1.10085,3096.02745,Europe & Central Asia,Moscow,37.6176,55.7558,High income,IBRD
Russian Federation,RU,RUS,2016,,2026-07-01,1.10238,2946.99732,Europe & Central Asia,Moscow,37.6176,55.7558,High income,IBRD
Russian Federation,RU,RUS,2017,,2026-07-01,1.10967,2811.96725,Europe & Central Asia,Moscow,37.6176,55.7558,High income,IBRD
Russian Federation,RU,RUS,2018,,2026-07-01,0.99001,2772.63667,Europe & Central Asia,Moscow,37.6176,55.7558,High income,IBRD
Russian Federation,RU,RUS,2023,,2026-07-01,0.93518,2652.98533,Europe & Central Asia,Moscow,37.6176,55.7558,High income,IBRD
Russian Federation,RU,RUS,2025,,2026-07-01,NA,NA,Europe & Central Asia,Moscow,37.6176,55.7558,High income,IBRD
Rwanda,RW,RWA,2022,,2026-07-01,NA,NA,Sub-Saharan Africa,Kigali,30.0587,-1.95325,Low income,IDA
Rwanda,RW,RWA,2025,,2026-07-01,NA,NA,Sub-Saharan Africa,Kigali,30.0587,-1.95325,Low income,IDA
Rwanda,RW,RWA,2016,,2026-07-01,0.64945,13.73163,Sub-Saharan Africa,Kigali,30.0587,-1.95325,Low income,IDA
Rwanda,RW,RWA,2023,,2026-07-01,0.78149,133.11989,Sub-Saharan Africa,Kigali,30.0587,-1.95325,Low income,IDA
Rwanda,RW,RWA,2024,,2026-07-01,NA,NA,Sub-Saharan Africa,Kigali,30.0587,-1.95325,Low income,IDA
Rwanda,RW,RWA,2015,,2026-07-01,NA,NA,Sub-Saharan Africa,Kigali,30.0587,-1.95325,Low income,IDA
Rwanda,RW,RWA,2020,,2026-07-01,NA,NA,Sub-Saharan Africa,Kigali,30.0587,-1.95325,Low income,IDA
Rwanda,RW,RWA,2017,,2026-07-01,NA,NA,Sub-Saharan Africa,Kigali,30.0587,-1.95325,Low income,IDA
Rwanda,RW,RWA,2018,,2026-07-01,NA,NA,Sub-Saharan Africa,Kigali,30.0587,-1.95325,Low income,IDA
Rwanda,RW,RWA,2019,,2026-07-01,0.75853,58.74162,Sub-Saharan Africa,Kigali,30.0587,-1.95325,Low income,IDA
Rwanda,RW,RWA,2021,,2026-07-01,NA,NA,Sub-Saharan Africa,Kigali,30.0587,-1.95325,Low income,IDA
Samoa,WS,WSM,2015,,2026-07-01,NA,NA,East Asia & Pacific,Apia,-171.752,-13.8314,Upper middle income,IDA
Samoa,WS,WSM,2025,,2026-07-01,NA,NA,East Asia & Pacific,Apia,-171.752,-13.8314,Upper middle income,IDA
Samoa,WS,WSM,2017,,2026-07-01,NA,NA,East Asia & Pacific,Apia,-171.752,-13.8314,Upper middle income,IDA
Samoa,WS,WSM,2018,,2026-07-01,NA,NA,East Asia & Pacific,Apia,-171.752,-13.8314,Upper middle income,IDA
Samoa,WS,WSM,2019,,2026-07-01,NA,NA,East Asia & Pacific,Apia,-171.752,-13.8314,Upper middle income,IDA
Samoa,WS,WSM,2016,,2026-07-01,NA,NA,East Asia & Pacific,Apia,-171.752,-13.8314,Upper middle income,IDA
Samoa,WS,WSM,2021,,2026-07-01,NA,NA,East Asia & Pacific,Apia,-171.752,-13.8314,Upper middle income,IDA
Samoa,WS,WSM,2022,,2026-07-01,NA,NA,East Asia & Pacific,Apia,-171.752,-13.8314,Upper middle income,IDA
Samoa,WS,WSM,2023,,2026-07-01,NA,NA,East Asia & Pacific,Apia,-171.752,-13.8314,Upper middle income,IDA
Samoa,WS,WSM,2020,,2026-07-01,NA,NA,East Asia & Pacific,Apia,-171.752,-13.8314,Upper middle income,IDA
Samoa,WS,WSM,2024,,2026-07-01,NA,NA,East Asia & Pacific,Apia,-171.752,-13.8314,Upper middle income,IDA
San Marino,SM,SMR,2015,,2026-07-01,NA,NA,Europe & Central Asia,San Marino,12.4486,43.9322,High income,Not classified
San Marino,SM,SMR,2016,,2026-07-01,NA,NA,Europe & Central Asia,San Marino,12.4486,43.9322,High income,Not classified
San Marino,SM,SMR,2017,,2026-07-01,NA,NA,Europe & Central Asia,San Marino,12.4486,43.9322,High income,Not classified
San Marino,SM,SMR,2018,,2026-07-01,NA,NA,Europe & Central Asia,San Marino,12.4486,43.9322,High income,Not classified
San Marino,SM,SMR,2022,,2026-07-01,NA,NA,Europe & Central Asia,San Marino,12.4486,43.9322,High income,Not classified
San Marino,SM,SMR,2019,,2026-07-01,NA,NA,Europe & Central Asia,San Marino,12.4486,43.9322,High income,Not classified
San Marino,SM,SMR,2020,,2026-07-01,NA,NA,Europe & Central Asia,San Marino,12.4486,43.9322,High income,Not classified
San Marino,SM,SMR,2021,,2026-07-01,NA,NA,Europe & Central Asia,San Marino,12.4486,43.9322,High income,Not classified
San Marino,SM,SMR,2023,,2026-07-01,NA,NA,Europe & Central Asia,San Marino,12.4486,43.9322,High income,Not classified
San Marino,SM,SMR,2024,,2026-07-01,NA,NA,Europe & Central Asia,San Marino,12.4486,43.9322,High income,Not classified
San Marino,SM,SMR,2025,,2026-07-01,NA,NA,Europe & Central Asia,San Marino,12.4486,43.9322,High income,Not classified
Sao Tome and Principe,ST,STP,2016,,2026-07-01,NA,NA,Sub-Saharan Africa,Sao Tome,6.6071,0.20618,Lower middle income,IDA
Sao Tome and Principe,ST,STP,2020,,2026-07-01,NA,NA,Sub-Saharan Africa,Sao Tome,6.6071,0.20618,Lower middle income,IDA
Sao Tome and Principe,ST,STP,2017,,2026-07-01,NA,NA,Sub-Saharan Africa,Sao Tome,6.6071,0.20618,Lower middle income,IDA
Sao Tome and Principe,ST,STP,2018,,2026-07-01,NA,NA,Sub-Saharan Africa,Sao Tome,6.6071,0.20618,Lower middle income,IDA
Sao Tome and Principe,ST,STP,2015,,2026-07-01,NA,NA,Sub-Saharan Africa,Sao Tome,6.6071,0.20618,Lower middle income,IDA
Sao Tome and Principe,ST,STP,2023,,2026-07-01,NA,NA,Sub-Saharan Africa,Sao Tome,6.6071,0.20618,Lower middle income,IDA
Sao Tome and Principe,ST,STP,2019,,2026-07-01,NA,NA,Sub-Saharan Africa,Sao Tome,6.6071,0.20618,Lower middle income,IDA
Sao Tome and Principe,ST,STP,2021,,2026-07-01,NA,NA,Sub-Saharan Africa,Sao Tome,6.6071,0.20618,Lower middle income,IDA
Sao Tome and Principe,ST,STP,2022,,2026-07-01,NA,NA,Sub-Saharan Africa,Sao Tome,6.6071,0.20618,Lower middle income,IDA
Sao Tome and Principe,ST,STP,2024,,2026-07-01,NA,NA,Sub-Saharan Africa,Sao Tome,6.6071,0.20618,Lower middle income,IDA
Sao Tome and Principe,ST,STP,2025,,2026-07-01,NA,NA,Sub-Saharan Africa,Sao Tome,6.6071,0.20618,Lower middle income,IDA
Saudi Arabia,SA,SAU,2018,,2026-07-01,NA,NA,"Middle East, North Africa, Afghanistan & Pakistan",Riyadh,46.6977,24.6748,High income,Not classified
Saudi Arabia,SA,SAU,2021,,2026-07-01,0.39379,794.29927,"Middle East, North Africa, Afghanistan & Pakistan",Riyadh,46.6977,24.6748,High income,Not classified
Saudi Arabia,SA,SAU,2022,,2026-07-01,0.41439,958.18871,"Middle East, North Africa, Afghanistan & Pakistan",Riyadh,46.6977,24.6748,High income,Not classified
Saudi Arabia,SA,SAU,2019,,2026-07-01,NA,NA,"Middle East, North Africa, Afghanistan & Pakistan",Riyadh,46.6977,24.6748,High income,Not classified
Saudi Arabia,SA,SAU,2020,,2026-07-01,0.47618,512.05775,"Middle East, North Africa, Afghanistan & Pakistan",Riyadh,46.6977,24.6748,High income,Not classified
Saudi Arabia,SA,SAU,2015,,2026-07-01,NA,NA,"Middle East, North Africa, Afghanistan & Pakistan",Riyadh,46.6977,24.6748,High income,Not classified
Saudi Arabia,SA,SAU,2016,,2026-07-01,NA,NA,"Middle East, North Africa, Afghanistan & Pakistan",Riyadh,46.6977,24.6748,High income,Not classified
Saudi Arabia,SA,SAU,2017,,2026-07-01,NA,NA,"Middle East, North Africa, Afghanistan & Pakistan",Riyadh,46.6977,24.6748,High income,Not classified
Saudi Arabia,SA,SAU,2023,,2026-07-01,0.49487,1120.62603,"Middle East, North Africa, Afghanistan & Pakistan",Riyadh,46.6977,24.6748,High income,Not classified
Saudi Arabia,SA,SAU,2024,,2026-07-01,0.63522,1234.71384,"Middle East, North Africa, Afghanistan & Pakistan",Riyadh,46.6977,24.6748,High income,Not classified
Saudi Arabia,SA,SAU,2025,,2026-07-01,NA,NA,"Middle East, North Africa, Afghanistan & Pakistan",Riyadh,46.6977,24.6748,High income,Not classified
Senegal,SN,SEN,2024,,2026-07-01,NA,NA,Sub-Saharan Africa,Dakar,-17.4734,14.7247,Lower middle income,IDA
Senegal,SN,SEN,2021,,2026-07-01,NA,NA,Sub-Saharan Africa,Dakar,-17.4734,14.7247,Lower middle income,IDA
Senegal,SN,SEN,2022,,2026-07-01,NA,NA,Sub-Saharan Africa,Dakar,-17.4734,14.7247,Lower middle income,IDA
Senegal,SN,SEN,2023,,2026-07-01,NA,NA,Sub-Saharan Africa,Dakar,-17.4734,14.7247,Lower middle income,IDA
Senegal,SN,SEN,2015,,2026-07-01,0.5772,572.42133,Sub-Saharan Africa,Dakar,-17.4734,14.7247,Lower middle income,IDA
Senegal,SN,SEN,2016,,2026-07-01,NA,NA,Sub-Saharan Africa,Dakar,-17.4734,14.7247,Lower middle income,IDA
Senegal,SN,SEN,2017,,2026-07-01,NA,NA,Sub-Saharan Africa,Dakar,-17.4734,14.7247,Lower middle income,IDA
Senegal,SN,SEN,2018,,2026-07-01,NA,NA,Sub-Saharan Africa,Dakar,-17.4734,14.7247,Lower middle income,IDA
Senegal,SN,SEN,2019,,2026-07-01,NA,NA,Sub-Saharan Africa,Dakar,-17.4734,14.7247,Lower middle income,IDA
Senegal,SN,SEN,2020,,2026-07-01,NA,NA,Sub-Saharan Africa,Dakar,-17.4734,14.7247,Lower middle income,IDA
Senegal,SN,SEN,2025,,2026-07-01,NA,NA,Sub-Saharan Africa,Dakar,-17.4734,14.7247,Lower middle income,IDA
Serbia,RS,SRB,2022,,2026-07-01,0.91938,2349.67681,Europe & Central Asia,Belgrade,20.4656,44.8024,Upper middle income,IBRD
Serbia,RS,SRB,2023,,2026-07-01,0.87816,2515.31463,Europe & Central Asia,Belgrade,20.4656,44.8024,Upper middle income,IBRD
Serbia,RS,SRB,2024,,2026-07-01,0.93978,2687.54708,Europe & Central Asia,Belgrade,20.4656,44.8024,Upper middle income,IBRD
Serbia,RS,SRB,2021,,2026-07-01,0.94784,2206.70833,Europe & Central Asia,Belgrade,20.4656,44.8024,Upper middle income,IBRD
Serbia,RS,SRB,2025,,2026-07-01,NA,NA,Europe & Central Asia,Belgrade,20.4656,44.8024,Upper middle income,IBRD
Serbia,RS,SRB,2018,,2026-07-01,0.88154,2075.98604,Europe & Central Asia,Belgrade,20.4656,44.8024,Upper middle income,IBRD
Serbia,RS,SRB,2015,,2026-07-01,0.77867,2060.14765,Europe & Central Asia,Belgrade,20.4656,44.8024,Upper middle income,IBRD
Serbia,RS,SRB,2016,,2026-07-01,0.80779,2121.8924,Europe & Central Asia,Belgrade,20.4656,44.8024,Upper middle income,IBRD
Serbia,RS,SRB,2017,,2026-07-01,0.83834,2067.73261,Europe & Central Asia,Belgrade,20.4656,44.8024,Upper middle income,IBRD
Serbia,RS,SRB,2019,,2026-07-01,0.84798,2087.27636,Europe & Central Asia,Belgrade,20.4656,44.8024,Upper middle income,IBRD
Serbia,RS,SRB,2020,,2026-07-01,0.86478,2149.85336,Europe & Central Asia,Belgrade,20.4656,44.8024,Upper middle income,IBRD
Seychelles,SC,SYC,2016,,2026-07-01,0.2017,NA,Sub-Saharan Africa,Victoria,55.4466,-4.6309,High income,IBRD
Seychelles,SC,SYC,2025,,2026-07-01,NA,NA,Sub-Saharan Africa,Victoria,55.4466,-4.6309,High income,IBRD
Seychelles,SC,SYC,2024,,2026-07-01,NA,NA,Sub-Saharan Africa,Victoria,55.4466,-4.6309,High income,IBRD
Seychelles,SC,SYC,2015,,2026-07-01,NA,NA,Sub-Saharan Africa,Victoria,55.4466,-4.6309,High income,IBRD
Seychelles,SC,SYC,2017,,2026-07-01,NA,NA,Sub-Saharan Africa,Victoria,55.4466,-4.6309,High income,IBRD
Seychelles,SC,SYC,2018,,2026-07-01,NA,NA,Sub-Saharan Africa,Victoria,55.4466,-4.6309,High income,IBRD
Seychelles,SC,SYC,2019,,2026-07-01,NA,NA,Sub-Saharan Africa,Victoria,55.4466,-4.6309,High income,IBRD
Seychelles,SC,SYC,2020,,2026-07-01,NA,NA,Sub-Saharan Africa,Victoria,55.4466,-4.6309,High income,IBRD
Seychelles,SC,SYC,2021,,2026-07-01,NA,NA,Sub-Saharan Africa,Victoria,55.4466,-4.6309,High income,IBRD
Seychelles,SC,SYC,2022,,2026-07-01,NA,NA,Sub-Saharan Africa,Victoria,55.4466,-4.6309,High income,IBRD
Seychelles,SC,SYC,2023,,2026-07-01,NA,NA,Sub-Saharan Africa,Victoria,55.4466,-4.6309,High income,IBRD
Sierra Leone,SL,SLE,2016,,2026-07-01,NA,NA,Sub-Saharan Africa,Freetown,-13.2134,8.4821,Low income,IDA
Sierra Leone,SL,SLE,2017,,2026-07-01,NA,NA,Sub-Saharan Africa,Freetown,-13.2134,8.4821,Low income,IDA
Sierra Leone,SL,SLE,2018,,2026-07-01,NA,NA,Sub-Saharan Africa,Freetown,-13.2134,8.4821,Low income,IDA
Sierra Leone,SL,SLE,2019,,2026-07-01,NA,NA,Sub-Saharan Africa,Freetown,-13.2134,8.4821,Low income,IDA
Sierra Leone,SL,SLE,2015,,2026-07-01,NA,NA,Sub-Saharan Africa,Freetown,-13.2134,8.4821,Low income,IDA
Sierra Leone,SL,SLE,2020,,2026-07-01,NA,NA,Sub-Saharan Africa,Freetown,-13.2134,8.4821,Low income,IDA
Sierra Leone,SL,SLE,2021,,2026-07-01,NA,NA,Sub-Saharan Africa,Freetown,-13.2134,8.4821,Low income,IDA
Sierra Leone,SL,SLE,2022,,2026-07-01,NA,NA,Sub-Saharan Africa,Freetown,-13.2134,8.4821,Low income,IDA
Sierra Leone,SL,SLE,2023,,2026-07-01,NA,NA,Sub-Saharan Africa,Freetown,-13.2134,8.4821,Low income,IDA
Sierra Leone,SL,SLE,2024,,2026-07-01,NA,NA,Sub-Saharan Africa,Freetown,-13.2134,8.4821,Low income,IDA
Sierra Leone,SL,SLE,2025,,2026-07-01,NA,NA,Sub-Saharan Africa,Freetown,-13.2134,8.4821,Low income,IDA
Singapore,SG,SGP,2020,,2026-07-01,2.15983,7503.32643,East Asia & Pacific,Singapore,103.85,1.28941,High income,Not classified
Singapore,SG,SGP,2021,,2026-07-01,1.93761,7956.39818,East Asia & Pacific,Singapore,103.85,1.28941,High income,Not classified
Singapore,SG,SGP,2018,,2026-07-01,1.80836,7002.45715,East Asia & Pacific,Singapore,103.85,1.28941,High income,Not classified
Singapore,SG,SGP,2019,,2026-07-01,1.88845,7509.61271,East Asia & Pacific,Singapore,103.85,1.28941,High income,Not classified
Singapore,SG,SGP,2015,,2026-07-01,2.17445,7134.93412,East Asia & Pacific,Singapore,103.85,1.28941,High income,Not classified
Singapore,SG,SGP,2016,,2026-07-01,2.06892,7052.85651,East Asia & Pacific,Singapore,103.85,1.28941,High income,Not classified
Singapore,SG,SGP,2017,,2026-07-01,1.89683,6950.10748,East Asia & Pacific,Singapore,103.85,1.28941,High income,Not classified
Singapore,SG,SGP,2022,,2026-07-01,1.80821,8781.74332,East Asia & Pacific,Singapore,103.85,1.28941,High income,Not classified
Singapore,SG,SGP,2023,,2026-07-01,NA,NA,East Asia & Pacific,Singapore,103.85,1.28941,High income,Not classified
Singapore,SG,SGP,2024,,2026-07-01,NA,NA,East Asia & Pacific,Singapore,103.85,1.28941,High income,Not classified
Singapore,SG,SGP,2025,,2026-07-01,NA,NA,East Asia & Pacific,Singapore,103.85,1.28941,High income,Not classified
Sint Maarten (Dutch part),SX,SXM,2020,,2026-07-01,NA,NA,Latin America & Caribbean,Philipsburg,,,High income,Not classified
Sint Maarten (Dutch part),SX,SXM,2024,,2026-07-01,NA,NA,Latin America & Caribbean,Philipsburg,,,High income,Not classified
Sint Maarten (Dutch part),SX,SXM,2021,,2026-07-01,NA,NA,Latin America & Caribbean,Philipsburg,,,High income,Not classified
Sint Maarten (Dutch part),SX,SXM,2022,,2026-07-01,NA,NA,Latin America & Caribbean,Philipsburg,,,High income,Not classified
Sint Maarten (Dutch part),SX,SXM,2019,,2026-07-01,NA,NA,Latin America & Caribbean,Philipsburg,,,High income,Not classified
Sint Maarten (Dutch part),SX,SXM,2015,,2026-07-01,NA,NA,Latin America & Caribbean,Philipsburg,,,High income,Not classified
Sint Maarten (Dutch part),SX,SXM,2016,,2026-07-01,NA,NA,Latin America & Caribbean,Philipsburg,,,High income,Not classified
Sint Maarten (Dutch part),SX,SXM,2017,,2026-07-01,NA,NA,Latin America & Caribbean,Philipsburg,,,High income,Not classified
Sint Maarten (Dutch part),SX,SXM,2018,,2026-07-01,NA,NA,Latin America & Caribbean,Philipsburg,,,High income,Not classified
Sint Maarten (Dutch part),SX,SXM,2023,,2026-07-01,NA,NA,Latin America & Caribbean,Philipsburg,,,High income,Not classified
Sint Maarten (Dutch part),SX,SXM,2025,,2026-07-01,NA,NA,Latin America & Caribbean,Philipsburg,,,High income,Not classified
Slovak Republic,SK,SVK,2022,,2026-07-01,0.97686,3387.47411,Europe & Central Asia,Bratislava,17.1073,48.1484,High income,Not classified
Slovak Republic,SK,SVK,2025,,2026-07-01,NA,NA,Europe & Central Asia,Bratislava,17.1073,48.1484,High income,Not classified
Slovak Republic,SK,SVK,2016,,2026-07-01,0.78513,2609.14992,Europe & Central Asia,Bratislava,17.1073,48.1484,High income,Not classified
Slovak Republic,SK,SVK,2023,,2026-07-01,1.03359,3506.62001,Europe & Central Asia,Bratislava,17.1073,48.1484,High income,Not classified
Slovak Republic,SK,SVK,2024,,2026-07-01,NA,NA,Europe & Central Asia,Bratislava,17.1073,48.1484,High income,Not classified
Slovak Republic,SK,SVK,2015,,2026-07-01,1.15366,2658.90096,Europe & Central Asia,Bratislava,17.1073,48.1484,High income,Not classified
Slovak Republic,SK,SVK,2020,,2026-07-01,0.88944,3167.43232,Europe & Central Asia,Bratislava,17.1073,48.1484,High income,Not classified
Slovak Republic,SK,SVK,2017,,2026-07-01,0.88153,2803.05136,Europe & Central Asia,Bratislava,17.1073,48.1484,High income,Not classified
Slovak Republic,SK,SVK,2018,,2026-07-01,0.83184,3003.38839,Europe & Central Asia,Bratislava,17.1073,48.1484,High income,Not classified
Slovak Republic,SK,SVK,2019,,2026-07-01,0.82138,3116.82472,Europe & Central Asia,Bratislava,17.1073,48.1484,High income,Not classified
Slovak Republic,SK,SVK,2021,,2026-07-01,0.90093,3211.13115,Europe & Central Asia,Bratislava,17.1073,48.1484,High income,Not classified
Slovenia,SI,SVN,2015,,2026-07-01,2.21611,3836.54008,Europe & Central Asia,Ljubljana,14.5044,46.0546,High income,Not classified
Slovenia,SI,SVN,2025,,2026-07-01,NA,NA,Europe & Central Asia,Ljubljana,14.5044,46.0546,High income,Not classified
Slovenia,SI,SVN,2017,,2026-07-01,1.88219,4510.81305,Europe & Central Asia,Ljubljana,14.5044,46.0546,High income,Not classified
Slovenia,SI,SVN,2018,,2026-07-01,1.96365,4880.49036,Europe & Central Asia,Ljubljana,14.5044,46.0546,High income,Not classified
Slovenia,SI,SVN,2019,,2026-07-01,2.05725,5060.56961,Europe & Central Asia,Ljubljana,14.5044,46.0546,High income,Not classified
Slovenia,SI,SVN,2016,,2026-07-01,2.02922,3939.83347,Europe & Central Asia,Ljubljana,14.5044,46.0546,High income,Not classified
Slovenia,SI,SVN,2021,,2026-07-01,2.13847,5235.17998,Europe & Central Asia,Ljubljana,14.5044,46.0546,High income,Not classified
Slovenia,SI,SVN,2022,,2026-07-01,2.1,5370.37458,Europe & Central Asia,Ljubljana,14.5044,46.0546,High income,Not classified
Slovenia,SI,SVN,2023,,2026-07-01,2.13385,5616.34857,Europe & Central Asia,Ljubljana,14.5044,46.0546,High income,Not classified
Slovenia,SI,SVN,2020,,2026-07-01,2.15559,5187.16109,Europe & Central Asia,Ljubljana,14.5044,46.0546,High income,Not classified
Slovenia,SI,SVN,2024,,2026-07-01,NA,NA,Europe & Central Asia,Ljubljana,14.5044,46.0546,High income,Not classified
Small states,S1,SST,2015,,2026-07-01,NA,NA,Aggregates,,,,Aggregates,Aggregates
Small states,S1,SST,2016,,2026-07-01,NA,NA,Aggregates,,,,Aggregates,Aggregates
Small states,S1,SST,2017,,2026-07-01,NA,NA,Aggregates,,,,Aggregates,Aggregates
Small states,S1,SST,2018,,2026-07-01,0.853701889474843,NA,Aggregates,,,,Aggregates,Aggregates
Small states,S1,SST,2022,,2026-07-01,NA,NA,Aggregates,,,,Aggregates,Aggregates
Small states,S1,SST,2019,,2026-07-01,NA,NA,Aggregates,,,,Aggregates,Aggregates
Small states,S1,SST,2020,,2026-07-01,NA,NA,Aggregates,,,,Aggregates,Aggregates
Small states,S1,SST,2021,,2026-07-01,NA,NA,Aggregates,,,,Aggregates,Aggregates
Small states,S1,SST,2023,,2026-07-01,NA,NA,Aggregates,,,,Aggregates,Aggregates
Small states,S1,SST,2024,,2026-07-01,NA,NA,Aggregates,,,,Aggregates,Aggregates
Small states,S1,SST,2025,,2026-07-01,NA,NA,Aggregates,,,,Aggregates,Aggregates
Solomon Islands,SB,SLB,2016,,2026-07-01,NA,NA,East Asia & Pacific,Honiara,159.949,-9.42676,Lower middle income,IDA
Solomon Islands,SB,SLB,2020,,2026-07-01,NA,NA,East Asia & Pacific,Honiara,159.949,-9.42676,Lower middle income,IDA
Solomon Islands,SB,SLB,2017,,2026-07-01,NA,NA,East Asia & Pacific,Honiara,159.949,-9.42676,Lower middle income,IDA
Solomon Islands,SB,SLB,2018,,2026-07-01,NA,NA,East Asia & Pacific,Honiara,159.949,-9.42676,Lower middle income,IDA
Solomon Islands,SB,SLB,2015,,2026-07-01,NA,NA,East Asia & Pacific,Honiara,159.949,-9.42676,Lower middle income,IDA
Solomon Islands,SB,SLB,2023,,2026-07-01,NA,NA,East Asia & Pacific,Honiara,159.949,-9.42676,Lower middle income,IDA
Solomon Islands,SB,SLB,2019,,2026-07-01,NA,NA,East Asia & Pacific,Honiara,159.949,-9.42676,Lower middle income,IDA
Solomon Islands,SB,SLB,2021,,2026-07-01,NA,NA,East Asia & Pacific,Honiara,159.949,-9.42676,Lower middle income,IDA
Solomon Islands,SB,SLB,2022,,2026-07-01,NA,NA,East Asia & Pacific,Honiara,159.949,-9.42676,Lower middle income,IDA
Solomon Islands,SB,SLB,2024,,2026-07-01,NA,NA,East Asia & Pacific,Honiara,159.949,-9.42676,Lower middle income,IDA
Solomon Islands,SB,SLB,2025,,2026-07-01,NA,NA,East Asia & Pacific,Honiara,159.949,-9.42676,Lower middle income,IDA
"Somalia, Fed. Rep.",SO,SOM,2018,,2026-07-01,NA,NA,Sub-Saharan Africa,Mogadishu,45.3254,2.07515,Low income,IDA
"Somalia, Fed. Rep.",SO,SOM,2021,,2026-07-01,NA,NA,Sub-Saharan Africa,Mogadishu,45.3254,2.07515,Low income,IDA
"Somalia, Fed. Rep.",SO,SOM,2022,,2026-07-01,NA,NA,Sub-Saharan Africa,Mogadishu,45.3254,2.07515,Low income,IDA
"Somalia, Fed. Rep.",SO,SOM,2019,,2026-07-01,NA,NA,Sub-Saharan Africa,Mogadishu,45.3254,2.07515,Low income,IDA
"Somalia, Fed. Rep.",SO,SOM,2020,,2026-07-01,NA,NA,Sub-Saharan Africa,Mogadishu,45.3254,2.07515,Low income,IDA
"Somalia, Fed. Rep.",SO,SOM,2015,,2026-07-01,NA,NA,Sub-Saharan Africa,Mogadishu,45.3254,2.07515,Low income,IDA
"Somalia, Fed. Rep.",SO,SOM,2016,,2026-07-01,NA,NA,Sub-Saharan Africa,Mogadishu,45.3254,2.07515,Low income,IDA
"Somalia, Fed. Rep.",SO,SOM,2017,,2026-07-01,NA,NA,Sub-Saharan Africa,Mogadishu,45.3254,2.07515,Low income,IDA
"Somalia, Fed. Rep.",SO,SOM,2023,,2026-07-01,NA,NA,Sub-Saharan Africa,Mogadishu,45.3254,2.07515,Low income,IDA
"Somalia, Fed. Rep.",SO,SOM,2024,,2026-07-01,NA,NA,Sub-Saharan Africa,Mogadishu,45.3254,2.07515,Low income,IDA
"Somalia, Fed. Rep.",SO,SOM,2025,,2026-07-01,NA,NA,Sub-Saharan Africa,Mogadishu,45.3254,2.07515,Low income,IDA
South Africa,ZA,ZAF,2024,,2026-07-01,NA,NA,Sub-Saharan Africa,Pretoria,28.1871,-25.746,Upper middle income,IBRD
South Africa,ZA,ZAF,2021,,2026-07-01,0.6139,454.79773,Sub-Saharan Africa,Pretoria,28.1871,-25.746,Upper middle income,IBRD
South Africa,ZA,ZAF,2022,,2026-07-01,0.61479,444.16298,Sub-Saharan Africa,Pretoria,28.1871,-25.746,Upper middle income,IBRD
South Africa,ZA,ZAF,2023,,2026-07-01,NA,NA,Sub-Saharan Africa,Pretoria,28.1871,-25.746,Upper middle income,IBRD
South Africa,ZA,ZAF,2015,,2026-07-01,0.73147,466.56084,Sub-Saharan Africa,Pretoria,28.1871,-25.746,Upper middle income,IBRD
South Africa,ZA,ZAF,2016,,2026-07-01,0.74992,481.99586,Sub-Saharan Africa,Pretoria,28.1871,-25.746,Upper middle income,IBRD
South Africa,ZA,ZAF,2017,,2026-07-01,0.76257,516.53674,Sub-Saharan Africa,Pretoria,28.1871,-25.746,Upper middle income,IBRD
South Africa,ZA,ZAF,2018,,2026-07-01,0.68586,500.79079,Sub-Saharan Africa,Pretoria,28.1871,-25.746,Upper middle income,IBRD
South Africa,ZA,ZAF,2019,,2026-07-01,0.61304,479.86558,Sub-Saharan Africa,Pretoria,28.1871,-25.746,Upper middle income,IBRD
South Africa,ZA,ZAF,2020,,2026-07-01,0.60296,459.98774,Sub-Saharan Africa,Pretoria,28.1871,-25.746,Upper middle income,IBRD
South Africa,ZA,ZAF,2025,,2026-07-01,NA,NA,Sub-Saharan Africa,Pretoria,28.1871,-25.746,Upper middle income,IBRD
South Asia,8S,SAS,2015,,2026-07-01,0.670154902767671,212.609130741671,Aggregates,,,,Aggregates,Aggregates
South Asia,8S,SAS,2025,,2026-07-01,NA,NA,Aggregates,,,,Aggregates,Aggregates
South Asia,8S,SAS,2024,,2026-07-01,NA,NA,Aggregates,,,,Aggregates,Aggregates
South Asia,8S,SAS,2019,,2026-07-01,0.65942,NA,Aggregates,,,,Aggregates,Aggregates
South Asia,8S,SAS,2016,,2026-07-01,0.649546154608078,NA,Aggregates,,,,Aggregates,Aggregates
South Asia,8S,SAS,2017,,2026-07-01,0.647201451866441,NA,Aggregates,,,,Aggregates,Aggregates
South Asia,8S,SAS,2018,,2026-07-01,0.64176002005904,247.697205482982,Aggregates,,,,Aggregates,Aggregates
South Asia,8S,SAS,2023,,2026-07-01,NA,NA,Aggregates,,,,Aggregates,Aggregates
South Asia,8S,SAS,2020,,2026-07-01,0.629398082170943,256.825157725473,Aggregates,,,,Aggregates,Aggregates
South Asia,8S,SAS,2021,,2026-07-01,NA,NA,Aggregates,,,,Aggregates,Aggregates
South Asia,8S,SAS,2022,,2026-07-01,NA,NA,Aggregates,,,,Aggregates,Aggregates
South Asia (IDA & IBRD),T5,TSA,2022,,2026-07-01,NA,NA,Aggregates,,,,Aggregates,Aggregates
South Asia (IDA & IBRD),T5,TSA,2023,,2026-07-01,NA,NA,Aggregates,,,,Aggregates,Aggregates
South Asia (IDA & IBRD),T5,TSA,2024,,2026-07-01,NA,NA,Aggregates,,,,Aggregates,Aggregates
South Asia (IDA & IBRD),T5,TSA,2021,,2026-07-01,NA,NA,Aggregates,,,,Aggregates,Aggregates
South Asia (IDA & IBRD),T5,TSA,2025,,2026-07-01,NA,NA,Aggregates,,,,Aggregates,Aggregates
South Asia (IDA & IBRD),T5,TSA,2018,,2026-07-01,0.64176002005904,247.697205482982,Aggregates,,,,Aggregates,Aggregates
South Asia (IDA & IBRD),T5,TSA,2015,,2026-07-01,0.670154902767671,212.609130741671,Aggregates,,,,Aggregates,Aggregates
South Asia (IDA & IBRD),T5,TSA,2016,,2026-07-01,0.649546154608078,NA,Aggregates,,,,Aggregates,Aggregates
South Asia (IDA & IBRD),T5,TSA,2017,,2026-07-01,0.647201451866441,NA,Aggregates,,,,Aggregates,Aggregates
South Asia (IDA & IBRD),T5,TSA,2019,,2026-07-01,0.65942,NA,Aggregates,,,,Aggregates,Aggregates
South Asia (IDA & IBRD),T5,TSA,2020,,2026-07-01,0.629398082170943,256.825157725473,Aggregates,,,,Aggregates,Aggregates
South Sudan,SS,SSD,2016,,2026-07-01,NA,NA,Sub-Saharan Africa,Juba,31.6,4.85,Low income,IDA
South Sudan,SS,SSD,2017,,2026-07-01,NA,NA,Sub-Saharan Africa,Juba,31.6,4.85,Low income,IDA
South Sudan,SS,SSD,2018,,2026-07-01,NA,NA,Sub-Saharan Africa,Juba,31.6,4.85,Low income,IDA
South Sudan,SS,SSD,2019,,2026-07-01,NA,NA,Sub-Saharan Africa,Juba,31.6,4.85,Low income,IDA
South Sudan,SS,SSD,2020,,2026-07-01,NA,NA,Sub-Saharan Africa,Juba,31.6,4.85,Low income,IDA
South Sudan,SS,SSD,2015,,2026-07-01,NA,NA,Sub-Saharan Africa,Juba,31.6,4.85,Low income,IDA
South Sudan,SS,SSD,2021,,2026-07-01,NA,NA,Sub-Saharan Africa,Juba,31.6,4.85,Low income,IDA
South Sudan,SS,SSD,2022,,2026-07-01,NA,NA,Sub-Saharan Africa,Juba,31.6,4.85,Low income,IDA
South Sudan,SS,SSD,2023,,2026-07-01,NA,NA,Sub-Saharan Africa,Juba,31.6,4.85,Low income,IDA
South Sudan,SS,SSD,2024,,2026-07-01,NA,NA,Sub-Saharan Africa,Juba,31.6,4.85,Low income,IDA
South Sudan,SS,SSD,2025,,2026-07-01,NA,NA,Sub-Saharan Africa,Juba,31.6,4.85,Low income,IDA
Spain,ES,ESP,2020,,2026-07-01,1.3963699999999999,3051.64642,Europe & Central Asia,Madrid,-3.70327,40.4167,High income,Not classified
Spain,ES,ESP,2021,,2026-07-01,1.39617,3229.64887,Europe & Central Asia,Madrid,-3.70327,40.4167,High income,Not classified
Spain,ES,ESP,2022,,2026-07-01,1.40684,3387.49657,Europe & Central Asia,Madrid,-3.70327,40.4167,High income,Not classified
Spain,ES,ESP,2019,,2026-07-01,1.24207,3048.15265,Europe & Central Asia,Madrid,-3.70327,40.4167,High income,Not classified
Spain,ES,ESP,2015,,2026-07-01,1.21165,2622.53289,Europe & Central Asia,Madrid,-3.70327,40.4167,High income,Not classified
Spain,ES,ESP,2016,,2026-07-01,1.1808,2712.74943,Europe & Central Asia,Madrid,-3.70327,40.4167,High income,Not classified
Spain,ES,ESP,2017,,2026-07-01,1.20198,2847.3656,Europe & Central Asia,Madrid,-3.70327,40.4167,High income,Not classified
Spain,ES,ESP,2018,,2026-07-01,1.23288,2984.2962900000002,Europe & Central Asia,Madrid,-3.70327,40.4167,High income,Not classified
Spain,ES,ESP,2023,,2026-07-01,1.49362,3653.80306,Europe & Central Asia,Madrid,-3.70327,40.4167,High income,Not classified
Spain,ES,ESP,2024,,2026-07-01,NA,NA,Europe & Central Asia,Madrid,-3.70327,40.4167,High income,Not classified
Spain,ES,ESP,2025,,2026-07-01,NA,NA,Europe & Central Asia,Madrid,-3.70327,40.4167,High income,Not classified
Sri Lanka,LK,LKA,2020,,2026-07-01,0.11616,100.80931,South Asia,Colombo,79.8528,6.92148,Lower middle income,IDA
Sri Lanka,LK,LKA,2024,,2026-07-01,NA,NA,South Asia,Colombo,79.8528,6.92148,Lower middle income,IDA
Sri Lanka,LK,LKA,2021,,2026-07-01,NA,NA,South Asia,Colombo,79.8528,6.92148,Lower middle income,IDA
Sri Lanka,LK,LKA,2022,,2026-07-01,0.10506,94.4866,South Asia,Colombo,79.8528,6.92148,Lower middle income,IDA
Sri Lanka,LK,LKA,2023,,2026-07-01,NA,NA,South Asia,Colombo,79.8528,6.92148,Lower middle income,IDA
Sri Lanka,LK,LKA,2015,,2026-07-01,0.10291,102.40151,South Asia,Colombo,79.8528,6.92148,Lower middle income,IDA
Sri Lanka,LK,LKA,2016,,2026-07-01,0.12034,102.9348,South Asia,Colombo,79.8528,6.92148,Lower middle income,IDA
Sri Lanka,LK,LKA,2017,,2026-07-01,0.11818,102.17296,South Asia,Colombo,79.8528,6.92148,Lower middle income,IDA
Sri Lanka,LK,LKA,2018,,2026-07-01,0.11949,101.11335,South Asia,Colombo,79.8528,6.92148,Lower middle income,IDA
Sri Lanka,LK,LKA,2019,,2026-07-01,NA,NA,South Asia,Colombo,79.8528,6.92148,Lower middle income,IDA
Sri Lanka,LK,LKA,2025,,2026-07-01,NA,NA,South Asia,Colombo,79.8528,6.92148,Lower middle income,IDA
St. Kitts and Nevis,KN,KNA,2023,,2026-07-01,NA,NA,Latin America & Caribbean,Basseterre,-62.7309,17.3,High income,IBRD
St. Kitts and Nevis,KN,KNA,2025,,2026-07-01,NA,NA,Latin America & Caribbean,Basseterre,-62.7309,17.3,High income,IBRD
St. Kitts and Nevis,KN,KNA,2016,,2026-07-01,NA,NA,Latin America & Caribbean,Basseterre,-62.7309,17.3,High income,IBRD
St. Kitts and Nevis,KN,KNA,2017,,2026-07-01,NA,NA,Latin America & Caribbean,Basseterre,-62.7309,17.3,High income,IBRD
St. Kitts and Nevis,KN,KNA,2024,,2026-07-01,NA,NA,Latin America & Caribbean,Basseterre,-62.7309,17.3,High income,IBRD
St. Kitts and Nevis,KN,KNA,2015,,2026-07-01,NA,NA,Latin America & Caribbean,Basseterre,-62.7309,17.3,High income,IBRD
St. Kitts and Nevis,KN,KNA,2020,,2026-07-01,NA,NA,Latin America & Caribbean,Basseterre,-62.7309,17.3,High income,IBRD
St. Kitts and Nevis,KN,KNA,2021,,2026-07-01,NA,NA,Latin America & Caribbean,Basseterre,-62.7309,17.3,High income,IBRD
St. Kitts and Nevis,KN,KNA,2018,,2026-07-01,NA,NA,Latin America & Caribbean,Basseterre,-62.7309,17.3,High income,IBRD
St. Kitts and Nevis,KN,KNA,2019,,2026-07-01,NA,NA,Latin America & Caribbean,Basseterre,-62.7309,17.3,High income,IBRD
St. Kitts and Nevis,KN,KNA,2022,,2026-07-01,NA,NA,Latin America & Caribbean,Basseterre,-62.7309,17.3,High income,IBRD
St. Lucia,LC,LCA,2015,,2026-07-01,NA,NA,Latin America & Caribbean,Castries,-60.9832,14,Upper middle income,Blend
St. Lucia,LC,LCA,2016,,2026-07-01,NA,NA,Latin America & Caribbean,Castries,-60.9832,14,Upper middle income,Blend
St. Lucia,LC,LCA,2017,,2026-07-01,NA,NA,Latin America & Caribbean,Castries,-60.9832,14,Upper middle income,Blend
St. Lucia,LC,LCA,2018,,2026-07-01,NA,NA,Latin America & Caribbean,Castries,-60.9832,14,Upper middle income,Blend
St. Lucia,LC,LCA,2019,,2026-07-01,NA,NA,Latin America & Caribbean,Castries,-60.9832,14,Upper middle income,Blend
St. Lucia,LC,LCA,2020,,2026-07-01,NA,NA,Latin America & Caribbean,Castries,-60.9832,14,Upper middle income,Blend
St. Lucia,LC,LCA,2021,,2026-07-01,NA,NA,Latin America & Caribbean,Castries,-60.9832,14,Upper middle income,Blend
St. Lucia,LC,LCA,2022,,2026-07-01,NA,NA,Latin America & Caribbean,Castries,-60.9832,14,Upper middle income,Blend
St. Lucia,LC,LCA,2023,,2026-07-01,NA,NA,Latin America & Caribbean,Castries,-60.9832,14,Upper middle income,Blend
St. Lucia,LC,LCA,2024,,2026-07-01,NA,NA,Latin America & Caribbean,Castries,-60.9832,14,Upper middle income,Blend
St. Lucia,LC,LCA,2025,,2026-07-01,NA,NA,Latin America & Caribbean,Castries,-60.9832,14,Upper middle income,Blend
St. Martin (French part),MF,MAF,2016,,2026-07-01,NA,NA,Latin America & Caribbean,Marigot,,,High income,Not classified
St. Martin (French part),MF,MAF,2017,,2026-07-01,NA,NA,Latin America & Caribbean,Marigot,,,High income,Not classified
St. Martin (French part),MF,MAF,2018,,2026-07-01,NA,NA,Latin America & Caribbean,Marigot,,,High income,Not classified
St. Martin (French part),MF,MAF,2015,,2026-07-01,NA,NA,Latin America & Caribbean,Marigot,,,High income,Not classified
St. Martin (French part),MF,MAF,2022,,2026-07-01,NA,NA,Latin America & Caribbean,Marigot,,,High income,Not classified
St. Martin (French part),MF,MAF,2019,,2026-07-01,NA,NA,Latin America & Caribbean,Marigot,,,High income,Not classified
St. Martin (French part),MF,MAF,2020,,2026-07-01,NA,NA,Latin America & Caribbean,Marigot,,,High income,Not classified
St. Martin (French part),MF,MAF,2021,,2026-07-01,NA,NA,Latin America & Caribbean,Marigot,,,High income,Not classified
St. Martin (French part),MF,MAF,2023,,2026-07-01,NA,NA,Latin America & Caribbean,Marigot,,,High income,Not classified
St. Martin (French part),MF,MAF,2024,,2026-07-01,NA,NA,Latin America & Caribbean,Marigot,,,High income,Not classified
St. Martin (French part),MF,MAF,2025,,2026-07-01,NA,NA,Latin America & Caribbean,Marigot,,,High income,Not classified
St. Vincent and the Grenadines,VC,VCT,2016,,2026-07-01,NA,NA,Latin America & Caribbean,Kingstown,-61.2653,13.2035,Upper middle income,Blend
St. Vincent and the Grenadines,VC,VCT,2020,,2026-07-01,NA,NA,Latin America & Caribbean,Kingstown,-61.2653,13.2035,Upper middle income,Blend
St. Vincent and the Grenadines,VC,VCT,2017,,2026-07-01,NA,NA,Latin America & Caribbean,Kingstown,-61.2653,13.2035,Upper middle income,Blend
St. Vincent and the Grenadines,VC,VCT,2018,,2026-07-01,NA,NA,Latin America & Caribbean,Kingstown,-61.2653,13.2035,Upper middle income,Blend
St. Vincent and the Grenadines,VC,VCT,2019,,2026-07-01,NA,NA,Latin America & Caribbean,Kingstown,-61.2653,13.2035,Upper middle income,Blend
St. Vincent and the Grenadines,VC,VCT,2015,,2026-07-01,NA,NA,Latin America & Caribbean,Kingstown,-61.2653,13.2035,Upper middle income,Blend
St. Vincent and the Grenadines,VC,VCT,2024,,2026-07-01,NA,NA,Latin America & Caribbean,Kingstown,-61.2653,13.2035,Upper middle income,Blend
St. Vincent and the Grenadines,VC,VCT,2021,,2026-07-01,NA,NA,Latin America & Caribbean,Kingstown,-61.2653,13.2035,Upper middle income,Blend
St. Vincent and the Grenadines,VC,VCT,2022,,2026-07-01,NA,NA,Latin America & Caribbean,Kingstown,-61.2653,13.2035,Upper middle income,Blend
St. Vincent and the Grenadines,VC,VCT,2023,,2026-07-01,NA,NA,Latin America & Caribbean,Kingstown,-61.2653,13.2035,Upper middle income,Blend
St. Vincent and the Grenadines,VC,VCT,2025,,2026-07-01,NA,NA,Latin America & Caribbean,Kingstown,-61.2653,13.2035,Upper middle income,Blend
Sub-Saharan Africa,ZG,SSF,2023,,2026-07-01,NA,NA,NA,NA,NA,NA,NA,NA
Sub-Saharan Africa,ZG,SSF,2024,,2026-07-01,NA,NA,NA,NA,NA,NA,NA,NA
Sub-Saharan Africa,ZG,SSF,2015,,2026-07-01,NA,NA,NA,NA,NA,NA,NA,NA
Sub-Saharan Africa,ZG,SSF,2022,,2026-07-01,NA,NA,NA,NA,NA,NA,NA,NA
Sub-Saharan Africa,ZG,SSF,2018,,2026-07-01,NA,NA,NA,NA,NA,NA,NA,NA
Sub-Saharan Africa,ZG,SSF,2019,,2026-07-01,NA,NA,NA,NA,NA,NA,NA,NA
Sub-Saharan Africa,ZG,SSF,2016,,2026-07-01,NA,NA,NA,NA,NA,NA,NA,NA
Sub-Saharan Africa,ZG,SSF,2025,,2026-07-01,NA,NA,NA,NA,NA,NA,NA,NA
Sub-Saharan Africa,ZG,SSF,2020,,2026-07-01,NA,NA,NA,NA,NA,NA,NA,NA
Sub-Saharan Africa,ZG,SSF,2017,,2026-07-01,NA,NA,NA,NA,NA,NA,NA,NA
Sub-Saharan Africa,ZG,SSF,2021,,2026-07-01,NA,NA,NA,NA,NA,NA,NA,NA
Sub-Saharan Africa (excluding high income),ZF,SSA,2019,,2026-07-01,NA,NA,Aggregates,,,,Aggregates,Aggregates
Sub-Saharan Africa (excluding high income),ZF,SSA,2021,,2026-07-01,NA,NA,Aggregates,,,,Aggregates,Aggregates
Sub-Saharan Africa (excluding high income),ZF,SSA,2022,,2026-07-01,NA,NA,Aggregates,,,,Aggregates,Aggregates
Sub-Saharan Africa (excluding high income),ZF,SSA,2023,,2026-07-01,NA,NA,Aggregates,,,,Aggregates,Aggregates
Sub-Saharan Africa (excluding high income),ZF,SSA,2020,,2026-07-01,NA,NA,Aggregates,,,,Aggregates,Aggregates
Sub-Saharan Africa (excluding high income),ZF,SSA,2015,,2026-07-01,NA,NA,Aggregates,,,,Aggregates,Aggregates
Sub-Saharan Africa (excluding high income),ZF,SSA,2016,,2026-07-01,NA,NA,Aggregates,,,,Aggregates,Aggregates
Sub-Saharan Africa (excluding high income),ZF,SSA,2017,,2026-07-01,NA,NA,Aggregates,,,,Aggregates,Aggregates
Sub-Saharan Africa (excluding high income),ZF,SSA,2018,,2026-07-01,NA,NA,Aggregates,,,,Aggregates,Aggregates
Sub-Saharan Africa (excluding high income),ZF,SSA,2024,,2026-07-01,NA,NA,Aggregates,,,,Aggregates,Aggregates
Sub-Saharan Africa (excluding high income),ZF,SSA,2025,,2026-07-01,NA,NA,Aggregates,,,,Aggregates,Aggregates
Sub-Saharan Africa (IDA & IBRD countries),T6,TSS,2024,,2026-07-01,NA,NA,Aggregates,,,,Aggregates,Aggregates
Sub-Saharan Africa (IDA & IBRD countries),T6,TSS,2025,,2026-07-01,NA,NA,Aggregates,,,,Aggregates,Aggregates
Sub-Saharan Africa (IDA & IBRD countries),T6,TSS,2022,,2026-07-01,NA,NA,Aggregates,,,,Aggregates,Aggregates
Sub-Saharan Africa (IDA & IBRD countries),T6,TSS,2023,,2026-07-01,NA,NA,Aggregates,,,,Aggregates,Aggregates
Sub-Saharan Africa (IDA & IBRD countries),T6,TSS,2015,,2026-07-01,NA,NA,Aggregates,,,,Aggregates,Aggregates
Sub-Saharan Africa (IDA & IBRD countries),T6,TSS,2016,,2026-07-01,NA,NA,Aggregates,,,,Aggregates,Aggregates
Sub-Saharan Africa (IDA & IBRD countries),T6,TSS,2017,,2026-07-01,NA,NA,Aggregates,,,,Aggregates,Aggregates
Sub-Saharan Africa (IDA & IBRD countries),T6,TSS,2018,,2026-07-01,NA,NA,Aggregates,,,,Aggregates,Aggregates
Sub-Saharan Africa (IDA & IBRD countries),T6,TSS,2019,,2026-07-01,NA,NA,Aggregates,,,,Aggregates,Aggregates
Sub-Saharan Africa (IDA & IBRD countries),T6,TSS,2020,,2026-07-01,NA,NA,Aggregates,,,,Aggregates,Aggregates
Sub-Saharan Africa (IDA & IBRD countries),T6,TSS,2021,,2026-07-01,NA,NA,Aggregates,,,,Aggregates,Aggregates
Sudan,SD,SDN,2025,,2026-07-01,NA,NA,Sub-Saharan Africa,Khartoum,32.5363,15.5932,Low income,IDA
Sudan,SD,SDN,2016,,2026-07-01,NA,NA,Sub-Saharan Africa,Khartoum,32.5363,15.5932,Low income,IDA
Sudan,SD,SDN,2017,,2026-07-01,NA,NA,Sub-Saharan Africa,Khartoum,32.5363,15.5932,Low income,IDA
Sudan,SD,SDN,2018,,2026-07-01,NA,NA,Sub-Saharan Africa,Khartoum,32.5363,15.5932,Low income,IDA
Sudan,SD,SDN,2015,,2026-07-01,NA,NA,Sub-Saharan Africa,Khartoum,32.5363,15.5932,Low income,IDA
Sudan,SD,SDN,2020,,2026-07-01,NA,NA,Sub-Saharan Africa,Khartoum,32.5363,15.5932,Low income,IDA
Sudan,SD,SDN,2021,,2026-07-01,NA,NA,Sub-Saharan Africa,Khartoum,32.5363,15.5932,Low income,IDA
Sudan,SD,SDN,2022,,2026-07-01,NA,NA,Sub-Saharan Africa,Khartoum,32.5363,15.5932,Low income,IDA
Sudan,SD,SDN,2019,,2026-07-01,NA,NA,Sub-Saharan Africa,Khartoum,32.5363,15.5932,Low income,IDA
Sudan,SD,SDN,2024,,2026-07-01,NA,NA,Sub-Saharan Africa,Khartoum,32.5363,15.5932,Low income,IDA
Sudan,SD,SDN,2023,,2026-07-01,NA,NA,Sub-Saharan Africa,Khartoum,32.5363,15.5932,Low income,IDA
Suriname,SR,SUR,2017,,2026-07-01,NA,NA,Latin America & Caribbean,Paramaribo,-55.1679,5.8232,Upper middle income,Blend
Suriname,SR,SUR,2018,,2026-07-01,NA,NA,Latin America & Caribbean,Paramaribo,-55.1679,5.8232,Upper middle income,Blend
Suriname,SR,SUR,2016,,2026-07-01,NA,NA,Latin America & Caribbean,Paramaribo,-55.1679,5.8232,Upper middle income,Blend
Suriname,SR,SUR,2015,,2026-07-01,NA,NA,Latin America & Caribbean,Paramaribo,-55.1679,5.8232,Upper middle income,Blend
Suriname,SR,SUR,2021,,2026-07-01,NA,NA,Latin America & Caribbean,Paramaribo,-55.1679,5.8232,Upper middle income,Blend
Suriname,SR,SUR,2022,,2026-07-01,NA,NA,Latin America & Caribbean,Paramaribo,-55.1679,5.8232,Upper middle income,Blend
Suriname,SR,SUR,2019,,2026-07-01,NA,NA,Latin America & Caribbean,Paramaribo,-55.1679,5.8232,Upper middle income,Blend
Suriname,SR,SUR,2020,,2026-07-01,NA,NA,Latin America & Caribbean,Paramaribo,-55.1679,5.8232,Upper middle income,Blend
Suriname,SR,SUR,2025,,2026-07-01,NA,NA,Latin America & Caribbean,Paramaribo,-55.1679,5.8232,Upper middle income,Blend
Suriname,SR,SUR,2023,,2026-07-01,NA,NA,Latin America & Caribbean,Paramaribo,-55.1679,5.8232,Upper middle income,Blend
Suriname,SR,SUR,2024,,2026-07-01,NA,NA,Latin America & Caribbean,Paramaribo,-55.1679,5.8232,Upper middle income,Blend
Sweden,SE,SWE,2020,,2026-07-01,3.50181,7754.64384,Europe & Central Asia,Stockholm,18.0645,59.3327,High income,Not classified
Sweden,SE,SWE,2019,,2026-07-01,3.39847,7685.83827,Europe & Central Asia,Stockholm,18.0645,59.3327,High income,Not classified
Sweden,SE,SWE,2015,,2026-07-01,3.24088,6846.13413,Europe & Central Asia,Stockholm,18.0645,59.3327,High income,Not classified
Sweden,SE,SWE,2016,,2026-07-01,3.25643,7143.443,Europe & Central Asia,Stockholm,18.0645,59.3327,High income,Not classified
Sweden,SE,SWE,2017,,2026-07-01,3.39374,7316.6476,Europe & Central Asia,Stockholm,18.0645,59.3327,High income,Not classified
Sweden,SE,SWE,2018,,2026-07-01,3.34602,7425.66896,Europe & Central Asia,Stockholm,18.0645,59.3327,High income,Not classified
Sweden,SE,SWE,2023,,2026-07-01,3.59978,8910.73864,Europe & Central Asia,Stockholm,18.0645,59.3327,High income,Not classified
Sweden,SE,SWE,2024,,2026-07-01,NA,NA,Europe & Central Asia,Stockholm,18.0645,59.3327,High income,Not classified
Sweden,SE,SWE,2021,,2026-07-01,3.41565,8159.79705,Europe & Central Asia,Stockholm,18.0645,59.3327,High income,Not classified
Sweden,SE,SWE,2022,,2026-07-01,3.47239,8639.24439,Europe & Central Asia,Stockholm,18.0645,59.3327,High income,Not classified
Sweden,SE,SWE,2025,,2026-07-01,NA,NA,Europe & Central Asia,Stockholm,18.0645,59.3327,High income,Not classified
Switzerland,CH,CHE,2021,,2026-07-01,3.24862,6003.41115,Europe & Central Asia,Bern,7.44821,46.948,High income,Not classified
Switzerland,CH,CHE,2022,,2026-07-01,NA,NA,Europe & Central Asia,Bern,7.44821,46.948,High income,Not classified
Switzerland,CH,CHE,2015,,2026-07-01,3.04577,5310.67497,Europe & Central Asia,Bern,7.44821,46.948,High income,Not classified
Switzerland,CH,CHE,2016,,2026-07-01,NA,NA,Europe & Central Asia,Bern,7.44821,46.948,High income,Not classified
Switzerland,CH,CHE,2017,,2026-07-01,3.04671,5257.57173,Europe & Central Asia,Bern,7.44821,46.948,High income,Not classified
Switzerland,CH,CHE,2018,,2026-07-01,NA,NA,Europe & Central Asia,Bern,7.44821,46.948,High income,Not classified
Switzerland,CH,CHE,2019,,2026-07-01,3.14983,5561.84719,Europe & Central Asia,Bern,7.44821,46.948,High income,Not classified
Switzerland,CH,CHE,2020,,2026-07-01,NA,NA,Europe & Central Asia,Bern,7.44821,46.948,High income,Not classified
Switzerland,CH,CHE,2024,,2026-07-01,NA,NA,Europe & Central Asia,Bern,7.44821,46.948,High income,Not classified
Switzerland,CH,CHE,2025,,2026-07-01,NA,NA,Europe & Central Asia,Bern,7.44821,46.948,High income,Not classified
Switzerland,CH,CHE,2023,,2026-07-01,3.22178,6107.95842,Europe & Central Asia,Bern,7.44821,46.948,High income,Not classified
Syrian Arab Republic,SY,SYR,2025,,2026-07-01,NA,NA,"Middle East, North Africa, Afghanistan & Pakistan",Damascus,36.3119,33.5146,Low income,IDA
Syrian Arab Republic,SY,SYR,2023,,2026-07-01,NA,NA,"Middle East, North Africa, Afghanistan & Pakistan",Damascus,36.3119,33.5146,Low income,IDA
Syrian Arab Republic,SY,SYR,2024,,2026-07-01,NA,NA,"Middle East, North Africa, Afghanistan & Pakistan",Damascus,36.3119,33.5146,Low income,IDA
Syrian Arab Republic,SY,SYR,2015,,2026-07-01,0.01942,83.04849,"Middle East, North Africa, Afghanistan & Pakistan",Damascus,36.3119,33.5146,Low income,IDA
Syrian Arab Republic,SY,SYR,2016,,2026-07-01,NA,NA,"Middle East, North Africa, Afghanistan & Pakistan",Damascus,36.3119,33.5146,Low income,IDA
Syrian Arab Republic,SY,SYR,2017,,2026-07-01,NA,NA,"Middle East, North Africa, Afghanistan & Pakistan",Damascus,36.3119,33.5146,Low income,IDA
Syrian Arab Republic,SY,SYR,2018,,2026-07-01,NA,NA,"Middle East, North Africa, Afghanistan & Pakistan",Damascus,36.3119,33.5146,Low income,IDA
Syrian Arab Republic,SY,SYR,2019,,2026-07-01,NA,NA,"Middle East, North Africa, Afghanistan & Pakistan",Damascus,36.3119,33.5146,Low income,IDA
Syrian Arab Republic,SY,SYR,2020,,2026-07-01,NA,NA,"Middle East, North Africa, Afghanistan & Pakistan",Damascus,36.3119,33.5146,Low income,IDA
Syrian Arab Republic,SY,SYR,2021,,2026-07-01,NA,NA,"Middle East, North Africa, Afghanistan & Pakistan",Damascus,36.3119,33.5146,Low income,IDA
Syrian Arab Republic,SY,SYR,2022,,2026-07-01,0.04217,139.93785,"Middle East, North Africa, Afghanistan & Pakistan",Damascus,36.3119,33.5146,Low income,IDA
Tajikistan,TJ,TJK,2017,,2026-07-01,0.10957,NA,Europe & Central Asia,Dushanbe,68.7864,38.5878,Lower middle income,IDA
Tajikistan,TJ,TJK,2018,,2026-07-01,0.09401,NA,Europe & Central Asia,Dushanbe,68.7864,38.5878,Lower middle income,IDA
Tajikistan,TJ,TJK,2015,,2026-07-01,0.1034,NA,Europe & Central Asia,Dushanbe,68.7864,38.5878,Lower middle income,IDA
Tajikistan,TJ,TJK,2016,,2026-07-01,0.10622,NA,Europe & Central Asia,Dushanbe,68.7864,38.5878,Lower middle income,IDA
Tajikistan,TJ,TJK,2021,,2026-07-01,NA,NA,Europe & Central Asia,Dushanbe,68.7864,38.5878,Lower middle income,IDA
Tajikistan,TJ,TJK,2022,,2026-07-01,NA,NA,Europe & Central Asia,Dushanbe,68.7864,38.5878,Lower middle income,IDA
Tajikistan,TJ,TJK,2019,,2026-07-01,0.09367,NA,Europe & Central Asia,Dushanbe,68.7864,38.5878,Lower middle income,IDA
Tajikistan,TJ,TJK,2020,,2026-07-01,0.08969,NA,Europe & Central Asia,Dushanbe,68.7864,38.5878,Lower middle income,IDA
Tajikistan,TJ,TJK,2025,,2026-07-01,NA,NA,Europe & Central Asia,Dushanbe,68.7864,38.5878,Lower middle income,IDA
Tajikistan,TJ,TJK,2023,,2026-07-01,NA,NA,Europe & Central Asia,Dushanbe,68.7864,38.5878,Lower middle income,IDA
Tajikistan,TJ,TJK,2024,,2026-07-01,NA,NA,Europe & Central Asia,Dushanbe,68.7864,38.5878,Lower middle income,IDA
Tanzania,TZ,TZA,2016,,2026-07-01,NA,NA,Sub-Saharan Africa,Dodoma,35.7382,-6.17486,Lower middle income,IDA
Tanzania,TZ,TZA,2015,,2026-07-01,NA,NA,Sub-Saharan Africa,Dodoma,35.7382,-6.17486,Lower middle income,IDA
Tanzania,TZ,TZA,2019,,2026-07-01,NA,NA,Sub-Saharan Africa,Dodoma,35.7382,-6.17486,Lower middle income,IDA
Tanzania,TZ,TZA,2020,,2026-07-01,NA,NA,Sub-Saharan Africa,Dodoma,35.7382,-6.17486,Lower middle income,IDA
Tanzania,TZ,TZA,2017,,2026-07-01,NA,NA,Sub-Saharan Africa,Dodoma,35.7382,-6.17486,Lower middle income,IDA
Tanzania,TZ,TZA,2018,,2026-07-01,NA,NA,Sub-Saharan Africa,Dodoma,35.7382,-6.17486,Lower middle income,IDA
Tanzania,TZ,TZA,2023,,2026-07-01,NA,NA,Sub-Saharan Africa,Dodoma,35.7382,-6.17486,Lower middle income,IDA
Tanzania,TZ,TZA,2024,,2026-07-01,NA,NA,Sub-Saharan Africa,Dodoma,35.7382,-6.17486,Lower middle income,IDA
Tanzania,TZ,TZA,2021,,2026-07-01,NA,NA,Sub-Saharan Africa,Dodoma,35.7382,-6.17486,Lower middle income,IDA
Tanzania,TZ,TZA,2022,,2026-07-01,NA,NA,Sub-Saharan Africa,Dodoma,35.7382,-6.17486,Lower middle income,IDA
Tanzania,TZ,TZA,2025,,2026-07-01,NA,NA,Sub-Saharan Africa,Dodoma,35.7382,-6.17486,Lower middle income,IDA
Thailand,TH,THA,2017,,2026-07-01,1.00165,1315.74983,East Asia & Pacific,Bangkok,100.521,13.7308,Upper middle income,IBRD
Thailand,TH,THA,2018,,2026-07-01,1.11375,1712.15367,East Asia & Pacific,Bangkok,100.521,13.7308,Upper middle income,IBRD
Thailand,TH,THA,2015,,2026-07-01,0.61609,844.08077,East Asia & Pacific,Bangkok,100.521,13.7308,Upper middle income,IBRD
Thailand,TH,THA,2016,,2026-07-01,0.77829,1179.07394,East Asia & Pacific,Bangkok,100.521,13.7308,Upper middle income,IBRD
Thailand,TH,THA,2020,,2026-07-01,1.32818,2018.34788,East Asia & Pacific,Bangkok,100.521,13.7308,Upper middle income,IBRD
Thailand,TH,THA,2021,,2026-07-01,1.20822,1695.79586,East Asia & Pacific,Bangkok,100.521,13.7308,Upper middle income,IBRD
Thailand,TH,THA,2022,,2026-07-01,1.15902,1863.07585,East Asia & Pacific,Bangkok,100.521,13.7308,Upper middle income,IBRD
Thailand,TH,THA,2019,,2026-07-01,1.14317,1744.16222,East Asia & Pacific,Bangkok,100.521,13.7308,Upper middle income,IBRD
Thailand,TH,THA,2024,,2026-07-01,NA,NA,East Asia & Pacific,Bangkok,100.521,13.7308,Upper middle income,IBRD
Thailand,TH,THA,2025,,2026-07-01,NA,NA,East Asia & Pacific,Bangkok,100.521,13.7308,Upper middle income,IBRD
Thailand,TH,THA,2023,,2026-07-01,0.93628,1591.96746,East Asia & Pacific,Bangkok,100.521,13.7308,Upper middle income,IBRD
Timor-Leste,TL,TLS,2021,,2026-07-01,NA,NA,East Asia & Pacific,Dili,125.567,-8.56667,Lower middle income,Blend
Timor-Leste,TL,TLS,2019,,2026-07-01,NA,NA,East Asia & Pacific,Dili,125.567,-8.56667,Lower middle income,Blend
Timor-Leste,TL,TLS,2020,,2026-07-01,NA,NA,East Asia & Pacific,Dili,125.567,-8.56667,Lower middle income,Blend
Timor-Leste,TL,TLS,2015,,2026-07-01,NA,NA,East Asia & Pacific,Dili,125.567,-8.56667,Lower middle income,Blend
Timor-Leste,TL,TLS,2016,,2026-07-01,NA,NA,East Asia & Pacific,Dili,125.567,-8.56667,Lower middle income,Blend
Timor-Leste,TL,TLS,2017,,2026-07-01,NA,NA,East Asia & Pacific,Dili,125.567,-8.56667,Lower middle income,Blend
Timor-Leste,TL,TLS,2018,,2026-07-01,NA,NA,East Asia & Pacific,Dili,125.567,-8.56667,Lower middle income,Blend
Timor-Leste,TL,TLS,2024,,2026-07-01,NA,NA,East Asia & Pacific,Dili,125.567,-8.56667,Lower middle income,Blend
Timor-Leste,TL,TLS,2025,,2026-07-01,NA,NA,East Asia & Pacific,Dili,125.567,-8.56667,Lower middle income,Blend
Timor-Leste,TL,TLS,2022,,2026-07-01,NA,NA,East Asia & Pacific,Dili,125.567,-8.56667,Lower middle income,Blend
Timor-Leste,TL,TLS,2023,,2026-07-01,NA,NA,East Asia & Pacific,Dili,125.567,-8.56667,Lower middle income,Blend
Togo,TG,TGO,2022,,2026-07-01,NA,43.2285,Sub-Saharan Africa,Lome,1.2255,6.1228,Low income,IDA
Togo,TG,TGO,2023,,2026-07-01,NA,41.39064,Sub-Saharan Africa,Lome,1.2255,6.1228,Low income,IDA
Togo,TG,TGO,2015,,2026-07-01,NA,34.96857,Sub-Saharan Africa,Lome,1.2255,6.1228,Low income,IDA
Togo,TG,TGO,2016,,2026-07-01,NA,31.14208,Sub-Saharan Africa,Lome,1.2255,6.1228,Low income,IDA
Togo,TG,TGO,2017,,2026-07-01,NA,37.49789,Sub-Saharan Africa,Lome,1.2255,6.1228,Low income,IDA
Togo,TG,TGO,2018,,2026-07-01,NA,46.47372,Sub-Saharan Africa,Lome,1.2255,6.1228,Low income,IDA
Togo,TG,TGO,2019,,2026-07-01,NA,45.29645,Sub-Saharan Africa,Lome,1.2255,6.1228,Low income,IDA
Togo,TG,TGO,2020,,2026-07-01,NA,44.10873,Sub-Saharan Africa,Lome,1.2255,6.1228,Low income,IDA
Togo,TG,TGO,2021,,2026-07-01,NA,43.68693,Sub-Saharan Africa,Lome,1.2255,6.1228,Low income,IDA
Togo,TG,TGO,2024,,2026-07-01,0.22229,57.79402,Sub-Saharan Africa,Lome,1.2255,6.1228,Low income,IDA
Togo,TG,TGO,2025,,2026-07-01,NA,NA,Sub-Saharan Africa,Lome,1.2255,6.1228,Low income,IDA
Tonga,TO,TON,2024,,2026-07-01,NA,NA,East Asia & Pacific,Nuku'alofa,-175.216,-21.136,Upper middle income,IDA
Tonga,TO,TON,2025,,2026-07-01,NA,NA,East Asia & Pacific,Nuku'alofa,-175.216,-21.136,Upper middle income,IDA
Tonga,TO,TON,2015,,2026-07-01,NA,NA,East Asia & Pacific,Nuku'alofa,-175.216,-21.136,Upper middle income,IDA
Tonga,TO,TON,2016,,2026-07-01,NA,NA,East Asia & Pacific,Nuku'alofa,-175.216,-21.136,Upper middle income,IDA
Tonga,TO,TON,2017,,2026-07-01,NA,NA,East Asia & Pacific,Nuku'alofa,-175.216,-21.136,Upper middle income,IDA
Tonga,TO,TON,2018,,2026-07-01,NA,NA,East Asia & Pacific,Nuku'alofa,-175.216,-21.136,Upper middle income,IDA
Tonga,TO,TON,2019,,2026-07-01,NA,NA,East Asia & Pacific,Nuku'alofa,-175.216,-21.136,Upper middle income,IDA
Tonga,TO,TON,2020,,2026-07-01,NA,NA,East Asia & Pacific,Nuku'alofa,-175.216,-21.136,Upper middle income,IDA
Tonga,TO,TON,2021,,2026-07-01,NA,NA,East Asia & Pacific,Nuku'alofa,-175.216,-21.136,Upper middle income,IDA
Tonga,TO,TON,2022,,2026-07-01,NA,NA,East Asia & Pacific,Nuku'alofa,-175.216,-21.136,Upper middle income,IDA
Tonga,TO,TON,2023,,2026-07-01,NA,NA,East Asia & Pacific,Nuku'alofa,-175.216,-21.136,Upper middle income,IDA
Trinidad and Tobago,TT,TTO,2025,,2026-07-01,NA,NA,Latin America & Caribbean,Port-of-Spain,-61.4789,10.6596,High income,IBRD
Trinidad and Tobago,TT,TTO,2016,,2026-07-01,0.08662,NA,Latin America & Caribbean,Port-of-Spain,-61.4789,10.6596,High income,IBRD
Trinidad and Tobago,TT,TTO,2017,,2026-07-01,0.08587,496.90234,Latin America & Caribbean,Port-of-Spain,-61.4789,10.6596,High income,IBRD
Trinidad and Tobago,TT,TTO,2018,,2026-07-01,0.08371,543.60048,Latin America & Caribbean,Port-of-Spain,-61.4789,10.6596,High income,IBRD
Trinidad and Tobago,TT,TTO,2015,,2026-07-01,0.08051,NA,Latin America & Caribbean,Port-of-Spain,-61.4789,10.6596,High income,IBRD
Trinidad and Tobago,TT,TTO,2020,,2026-07-01,0.06455,604.73029,Latin America & Caribbean,Port-of-Spain,-61.4789,10.6596,High income,IBRD
Trinidad and Tobago,TT,TTO,2021,,2026-07-01,0.05445,539.19183,Latin America & Caribbean,Port-of-Spain,-61.4789,10.6596,High income,IBRD
Trinidad and Tobago,TT,TTO,2022,,2026-07-01,0.05039,492.71552,Latin America & Caribbean,Port-of-Spain,-61.4789,10.6596,High income,IBRD
Trinidad and Tobago,TT,TTO,2019,,2026-07-01,0.06007,459.95724,Latin America & Caribbean,Port-of-Spain,-61.4789,10.6596,High income,IBRD
Trinidad and Tobago,TT,TTO,2024,,2026-07-01,NA,NA,Latin America & Caribbean,Port-of-Spain,-61.4789,10.6596,High income,IBRD
Trinidad and Tobago,TT,TTO,2023,,2026-07-01,NA,NA,Latin America & Caribbean,Port-of-Spain,-61.4789,10.6596,High income,IBRD
Tunisia,TN,TUN,2017,,2026-07-01,0.69953,1919.04269,"Middle East, North Africa, Afghanistan & Pakistan",Tunis,10.21,36.7899,Lower middle income,IBRD
Tunisia,TN,TUN,2018,,2026-07-01,0.71645,1789.95356,"Middle East, North Africa, Afghanistan & Pakistan",Tunis,10.21,36.7899,Lower middle income,IBRD
Tunisia,TN,TUN,2016,,2026-07-01,0.56539,1969.10018,"Middle East, North Africa, Afghanistan & Pakistan",Tunis,10.21,36.7899,Lower middle income,IBRD
Tunisia,TN,TUN,2015,,2026-07-01,0.59413,1774.94539,"Middle East, North Africa, Afghanistan & Pakistan",Tunis,10.21,36.7899,Lower middle income,IBRD
Tunisia,TN,TUN,2021,,2026-07-01,NA,1610.3428,"Middle East, North Africa, Afghanistan & Pakistan",Tunis,10.21,36.7899,Lower middle income,IBRD
Tunisia,TN,TUN,2022,,2026-07-01,NA,1703.91532,"Middle East, North Africa, Afghanistan & Pakistan",Tunis,10.21,36.7899,Lower middle income,IBRD
Tunisia,TN,TUN,2019,,2026-07-01,0.74658,1726.2166,"Middle East, North Africa, Afghanistan & Pakistan",Tunis,10.21,36.7899,Lower middle income,IBRD
Tunisia,TN,TUN,2020,,2026-07-01,NA,1644.57277,"Middle East, North Africa, Afghanistan & Pakistan",Tunis,10.21,36.7899,Lower middle income,IBRD
Tunisia,TN,TUN,2025,,2026-07-01,NA,NA,"Middle East, North Africa, Afghanistan & Pakistan",Tunis,10.21,36.7899,Lower middle income,IBRD
Tunisia,TN,TUN,2023,,2026-07-01,NA,NA,"Middle East, North Africa, Afghanistan & Pakistan",Tunis,10.21,36.7899,Lower middle income,IBRD
Tunisia,TN,TUN,2024,,2026-07-01,NA,1667.61164,"Middle East, North Africa, Afghanistan & Pakistan",Tunis,10.21,36.7899,Lower middle income,IBRD
Turkiye,TR,TUR,2020,,2026-07-01,1.36748,1964.65668,Europe & Central Asia,Ankara,32.3606,39.7153,Upper middle income,IBRD
Turkiye,TR,TUR,2019,,2026-07-01,1.3196,1737.57621,Europe & Central Asia,Ankara,32.3606,39.7153,Upper middle income,IBRD
Turkiye,TR,TUR,2015,,2026-07-01,0.96732,1136.18026,Europe & Central Asia,Ankara,32.3606,39.7153,Upper middle income,IBRD
Turkiye,TR,TUR,2016,,2026-07-01,1.11979,1263.789,Europe & Central Asia,Ankara,32.3606,39.7153,Upper middle income,IBRD
Turkiye,TR,TUR,2017,,2026-07-01,1.17632,1420.59574,Europe & Central Asia,Ankara,32.3606,39.7153,Upper middle income,IBRD
Turkiye,TR,TUR,2018,,2026-07-01,1.27093,1585.08328,Europe & Central Asia,Ankara,32.3606,39.7153,Upper middle income,IBRD
Turkiye,TR,TUR,2023,,2026-07-01,1.42224,2644.6573,Europe & Central Asia,Ankara,32.3606,39.7153,Upper middle income,IBRD
Turkiye,TR,TUR,2024,,2026-07-01,NA,NA,Europe & Central Asia,Ankara,32.3606,39.7153,Upper middle income,IBRD
Turkiye,TR,TUR,2021,,2026-07-01,1.40209,2209.69913,Europe & Central Asia,Ankara,32.3606,39.7153,Upper middle income,IBRD
Turkiye,TR,TUR,2022,,2026-07-01,1.32342,2478.67633,Europe & Central Asia,Ankara,32.3606,39.7153,Upper middle income,IBRD
Turkiye,TR,TUR,2025,,2026-07-01,NA,NA,Europe & Central Asia,Ankara,32.3606,39.7153,Upper middle income,IBRD
Turkmenistan,TM,TKM,2021,,2026-07-01,0.1,NA,Europe & Central Asia,Ashgabat,58.3794,37.9509,Upper middle income,IBRD
Turkmenistan,TM,TKM,2022,,2026-07-01,0.14,NA,Europe & Central Asia,Ashgabat,58.3794,37.9509,Upper middle income,IBRD
Turkmenistan,TM,TKM,2015,,2026-07-01,0.11,NA,Europe & Central Asia,Ashgabat,58.3794,37.9509,Upper middle income,IBRD
Turkmenistan,TM,TKM,2016,,2026-07-01,0.16,NA,Europe & Central Asia,Ashgabat,58.3794,37.9509,Upper middle income,IBRD
Turkmenistan,TM,TKM,2017,,2026-07-01,0.09,NA,Europe & Central Asia,Ashgabat,58.3794,37.9509,Upper middle income,IBRD
Turkmenistan,TM,TKM,2018,,2026-07-01,0.08,NA,Europe & Central Asia,Ashgabat,58.3794,37.9509,Upper middle income,IBRD
Turkmenistan,TM,TKM,2019,,2026-07-01,0.11,NA,Europe & Central Asia,Ashgabat,58.3794,37.9509,Upper middle income,IBRD
Turkmenistan,TM,TKM,2020,,2026-07-01,0.13,NA,Europe & Central Asia,Ashgabat,58.3794,37.9509,Upper middle income,IBRD
Turkmenistan,TM,TKM,2024,,2026-07-01,NA,NA,Europe & Central Asia,Ashgabat,58.3794,37.9509,Upper middle income,IBRD
Turkmenistan,TM,TKM,2025,,2026-07-01,NA,NA,Europe & Central Asia,Ashgabat,58.3794,37.9509,Upper middle income,IBRD
Turkmenistan,TM,TKM,2023,,2026-07-01,0.09,NA,Europe & Central Asia,Ashgabat,58.3794,37.9509,Upper middle income,IBRD
Turks and Caicos Islands,TC,TCA,2025,,2026-07-01,NA,NA,Latin America & Caribbean,Grand Turk,-71.141389,21.4602778,High income,Not classified
Turks and Caicos Islands,TC,TCA,2023,,2026-07-01,NA,NA,Latin America & Caribbean,Grand Turk,-71.141389,21.4602778,High income,Not classified
Turks and Caicos Islands,TC,TCA,2024,,2026-07-01,NA,NA,Latin America & Caribbean,Grand Turk,-71.141389,21.4602778,High income,Not classified
Turks and Caicos Islands,TC,TCA,2015,,2026-07-01,NA,NA,Latin America & Caribbean,Grand Turk,-71.141389,21.4602778,High income,Not classified
Turks and Caicos Islands,TC,TCA,2016,,2026-07-01,NA,NA,Latin America & Caribbean,Grand Turk,-71.141389,21.4602778,High income,Not classified
Turks and Caicos Islands,TC,TCA,2017,,2026-07-01,NA,NA,Latin America & Caribbean,Grand Turk,-71.141389,21.4602778,High income,Not classified
Turks and Caicos Islands,TC,TCA,2018,,2026-07-01,NA,NA,Latin America & Caribbean,Grand Turk,-71.141389,21.4602778,High income,Not classified
Turks and Caicos Islands,TC,TCA,2019,,2026-07-01,NA,NA,Latin America & Caribbean,Grand Turk,-71.141389,21.4602778,High income,Not classified
Turks and Caicos Islands,TC,TCA,2020,,2026-07-01,NA,NA,Latin America & Caribbean,Grand Turk,-71.141389,21.4602778,High income,Not classified
Turks and Caicos Islands,TC,TCA,2021,,2026-07-01,NA,NA,Latin America & Caribbean,Grand Turk,-71.141389,21.4602778,High income,Not classified
Turks and Caicos Islands,TC,TCA,2022,,2026-07-01,NA,NA,Latin America & Caribbean,Grand Turk,-71.141389,21.4602778,High income,Not classified
Tuvalu,TV,TUV,2017,,2026-07-01,NA,NA,East Asia & Pacific,Funafuti,179.089567,-8.6314877,Upper middle income,IDA
Tuvalu,TV,TUV,2018,,2026-07-01,NA,NA,East Asia & Pacific,Funafuti,179.089567,-8.6314877,Upper middle income,IDA
Tuvalu,TV,TUV,2015,,2026-07-01,NA,NA,East Asia & Pacific,Funafuti,179.089567,-8.6314877,Upper middle income,IDA
Tuvalu,TV,TUV,2016,,2026-07-01,NA,NA,East Asia & Pacific,Funafuti,179.089567,-8.6314877,Upper middle income,IDA
Tuvalu,TV,TUV,2021,,2026-07-01,NA,NA,East Asia & Pacific,Funafuti,179.089567,-8.6314877,Upper middle income,IDA
Tuvalu,TV,TUV,2022,,2026-07-01,NA,NA,East Asia & Pacific,Funafuti,179.089567,-8.6314877,Upper middle income,IDA
Tuvalu,TV,TUV,2019,,2026-07-01,NA,NA,East Asia & Pacific,Funafuti,179.089567,-8.6314877,Upper middle income,IDA
Tuvalu,TV,TUV,2020,,2026-07-01,NA,NA,East Asia & Pacific,Funafuti,179.089567,-8.6314877,Upper middle income,IDA
Tuvalu,TV,TUV,2025,,2026-07-01,NA,NA,East Asia & Pacific,Funafuti,179.089567,-8.6314877,Upper middle income,IDA
Tuvalu,TV,TUV,2023,,2026-07-01,NA,NA,East Asia & Pacific,Funafuti,179.089567,-8.6314877,Upper middle income,IDA
Tuvalu,TV,TUV,2024,,2026-07-01,NA,NA,East Asia & Pacific,Funafuti,179.089567,-8.6314877,Upper middle income,IDA
Uganda,UG,UGA,2016,,2026-07-01,NA,NA,Sub-Saharan Africa,Kampala,32.5729,0.314269,Low income,IDA
Uganda,UG,UGA,2015,,2026-07-01,NA,NA,Sub-Saharan Africa,Kampala,32.5729,0.314269,Low income,IDA
Uganda,UG,UGA,2019,,2026-07-01,NA,NA,Sub-Saharan Africa,Kampala,32.5729,0.314269,Low income,IDA
Uganda,UG,UGA,2020,,2026-07-01,NA,NA,Sub-Saharan Africa,Kampala,32.5729,0.314269,Low income,IDA
Uganda,UG,UGA,2017,,2026-07-01,NA,NA,Sub-Saharan Africa,Kampala,32.5729,0.314269,Low income,IDA
Uganda,UG,UGA,2018,,2026-07-01,NA,NA,Sub-Saharan Africa,Kampala,32.5729,0.314269,Low income,IDA
Uganda,UG,UGA,2023,,2026-07-01,0.4383,81.30601,Sub-Saharan Africa,Kampala,32.5729,0.314269,Low income,IDA
Uganda,UG,UGA,2024,,2026-07-01,NA,NA,Sub-Saharan Africa,Kampala,32.5729,0.314269,Low income,IDA
Uganda,UG,UGA,2021,,2026-07-01,NA,NA,Sub-Saharan Africa,Kampala,32.5729,0.314269,Low income,IDA
Uganda,UG,UGA,2022,,2026-07-01,NA,NA,Sub-Saharan Africa,Kampala,32.5729,0.314269,Low income,IDA
Uganda,UG,UGA,2025,,2026-07-01,NA,NA,Sub-Saharan Africa,Kampala,32.5729,0.314269,Low income,IDA
Ukraine,UA,UKR,2017,,2026-07-01,0.44878,994.07744,Europe & Central Asia,Kiev,30.5038,50.4536,Upper middle income,IBRD
Ukraine,UA,UKR,2018,,2026-07-01,0.47113,988.07663,Europe & Central Asia,Kiev,30.5038,50.4536,Upper middle income,IBRD
Ukraine,UA,UKR,2015,,2026-07-01,0.61477,1005.99722,Europe & Central Asia,Kiev,30.5038,50.4536,Upper middle income,IBRD
Ukraine,UA,UKR,2016,,2026-07-01,0.48339,1037.24086,Europe & Central Asia,Kiev,30.5038,50.4536,Upper middle income,IBRD
Ukraine,UA,UKR,2020,,2026-07-01,0.40318,846.24846,Europe & Central Asia,Kiev,30.5038,50.4536,Upper middle income,IBRD
Ukraine,UA,UKR,2021,,2026-07-01,0.38478,774.07275,Europe & Central Asia,Kiev,30.5038,50.4536,Upper middle income,IBRD
Ukraine,UA,UKR,2022,,2026-07-01,0.32673,586.07925,Europe & Central Asia,Kiev,30.5038,50.4536,Upper middle income,IBRD
Ukraine,UA,UKR,2019,,2026-07-01,0.43384,880.55411,Europe & Central Asia,Kiev,30.5038,50.4536,Upper middle income,IBRD
Ukraine,UA,UKR,2024,,2026-07-01,0.36988,NA,Europe & Central Asia,Kiev,30.5038,50.4536,Upper middle income,IBRD
Ukraine,UA,UKR,2025,,2026-07-01,NA,NA,Europe & Central Asia,Kiev,30.5038,50.4536,Upper middle income,IBRD
Ukraine,UA,UKR,2023,,2026-07-01,0.32209,NA,Europe & Central Asia,Kiev,30.5038,50.4536,Upper middle income,IBRD
United Arab Emirates,AE,ARE,2021,,2026-07-01,1.49469,2606.78477,"Middle East, North Africa, Afghanistan & Pakistan",Abu Dhabi,54.3705,24.4764,High income,Not classified
United Arab Emirates,AE,ARE,2019,,2026-07-01,1.31065,2476.63113,"Middle East, North Africa, Afghanistan & Pakistan",Abu Dhabi,54.3705,24.4764,High income,Not classified
United Arab Emirates,AE,ARE,2020,,2026-07-01,1.48831,2581.47405,"Middle East, North Africa, Afghanistan & Pakistan",Abu Dhabi,54.3705,24.4764,High income,Not classified
United Arab Emirates,AE,ARE,2015,,2026-07-01,0.86569,2168.42732,"Middle East, North Africa, Afghanistan & Pakistan",Abu Dhabi,54.3705,24.4764,High income,Not classified
United Arab Emirates,AE,ARE,2016,,2026-07-01,0.9318,2509.55341,"Middle East, North Africa, Afghanistan & Pakistan",Abu Dhabi,54.3705,24.4764,High income,Not classified
United Arab Emirates,AE,ARE,2017,,2026-07-01,NA,NA,"Middle East, North Africa, Afghanistan & Pakistan",Abu Dhabi,54.3705,24.4764,High income,Not classified
United Arab Emirates,AE,ARE,2018,,2026-07-01,1.26389,2464.56964,"Middle East, North Africa, Afghanistan & Pakistan",Abu Dhabi,54.3705,24.4764,High income,Not classified
United Arab Emirates,AE,ARE,2024,,2026-07-01,NA,NA,"Middle East, North Africa, Afghanistan & Pakistan",Abu Dhabi,54.3705,24.4764,High income,Not classified
United Arab Emirates,AE,ARE,2025,,2026-07-01,NA,NA,"Middle East, North Africa, Afghanistan & Pakistan",Abu Dhabi,54.3705,24.4764,High income,Not classified
United Arab Emirates,AE,ARE,2022,,2026-07-01,NA,NA,"Middle East, North Africa, Afghanistan & Pakistan",Abu Dhabi,54.3705,24.4764,High income,Not classified
United Arab Emirates,AE,ARE,2023,,2026-07-01,NA,NA,"Middle East, North Africa, Afghanistan & Pakistan",Abu Dhabi,54.3705,24.4764,High income,Not classified
United Kingdom,GB,GBR,2022,,2026-07-01,2.75224,NA,Europe & Central Asia,London,-0.126236,51.5002,High income,Not classified
United Kingdom,GB,GBR,2023,,2026-07-01,2.67614,NA,Europe & Central Asia,London,-0.126236,51.5002,High income,Not classified
United Kingdom,GB,GBR,2015,,2026-07-01,2.27566,4389.5625,Europe & Central Asia,London,-0.126236,51.5002,High income,Not classified
United Kingdom,GB,GBR,2016,,2026-07-01,2.32051,4434.65942,Europe & Central Asia,London,-0.126236,51.5002,High income,Not classified
United Kingdom,GB,GBR,2017,,2026-07-01,2.32602,4472.69458,Europe & Central Asia,London,-0.126236,51.5002,High income,Not classified
United Kingdom,GB,GBR,2018,,2026-07-01,2.70889,NA,Europe & Central Asia,London,-0.126236,51.5002,High income,Not classified
United Kingdom,GB,GBR,2019,,2026-07-01,2.6707,NA,Europe & Central Asia,London,-0.126236,51.5002,High income,Not classified
United Kingdom,GB,GBR,2020,,2026-07-01,2.93993,NA,Europe & Central Asia,London,-0.126236,51.5002,High income,Not classified
United Kingdom,GB,GBR,2021,,2026-07-01,2.89968,NA,Europe & Central Asia,London,-0.126236,51.5002,High income,Not classified
United Kingdom,GB,GBR,2024,,2026-07-01,NA,NA,Europe & Central Asia,London,-0.126236,51.5002,High income,Not classified
United Kingdom,GB,GBR,2025,,2026-07-01,NA,NA,Europe & Central Asia,London,-0.126236,51.5002,High income,Not classified
United States,US,USA,2024,,2026-07-01,NA,NA,North America,Washington D.C.,-77.032,38.8895,High income,Not classified
United States,US,USA,2025,,2026-07-01,NA,NA,North America,Washington D.C.,-77.032,38.8895,High income,Not classified
United States,US,USA,2015,,2026-07-01,2.77328,3949.66371,North America,Washington D.C.,-77.032,38.8895,High income,Not classified
United States,US,USA,2016,,2026-07-01,2.83677,3897.11007,North America,Washington D.C.,-77.032,38.8895,High income,Not classified
United States,US,USA,2017,,2026-07-01,2.88315,4020.59227,North America,Washington D.C.,-77.032,38.8895,High income,Not classified
United States,US,USA,2018,,2026-07-01,2.98956,4322.78826,North America,Washington D.C.,-77.032,38.8895,High income,Not classified
United States,US,USA,2019,,2026-07-01,3.14297,4367.20971,North America,Washington D.C.,-77.032,38.8895,High income,Not classified
United States,US,USA,2020,,2026-07-01,3.41788,4567.79267,North America,Washington D.C.,-77.032,38.8895,High income,Not classified
United States,US,USA,2021,,2026-07-01,3.4689,4900.77179,North America,Washington D.C.,-77.032,38.8895,High income,Not classified
United States,US,USA,2022,,2026-07-01,3.48736,4937.49441,North America,Washington D.C.,-77.032,38.8895,High income,Not classified
United States,US,USA,2023,,2026-07-01,3.44716,NA,North America,Washington D.C.,-77.032,38.8895,High income,Not classified
Upper middle income,XT,,2015,,2026-07-01,1.47254913257101,950.16595924423,NA,NA,NA,NA,NA,NA
Upper middle income,XT,,2016,,2026-07-01,1.50912401852283,964.791621858077,NA,NA,NA,NA,NA,NA
Upper middle income,XT,,2017,,2026-07-01,1.47566979445011,977.105697700308,NA,NA,NA,NA,NA,NA
Upper middle income,XT,,2025,,2026-07-01,NA,NA,NA,NA,NA,NA,NA,NA
Upper middle income,XT,,2024,,2026-07-01,NA,NA,NA,NA,NA,NA,NA,NA
Upper middle income,XT,,2020,,2026-07-01,1.77593057997441,1232.57829015931,NA,NA,NA,NA,NA,NA
Upper middle income,XT,,2019,,2026-07-01,1.59658562157875,1168.12397584378,NA,NA,NA,NA,NA,NA
Upper middle income,XT,,2021,,2026-07-01,1.90425559778497,1475.5806360187,NA,NA,NA,NA,NA,NA
Upper middle income,XT,,2023,,2026-07-01,2.00770643673343,NA,NA,NA,NA,NA,NA,NA
Upper middle income,XT,,2018,,2026-07-01,1.54528453023653,1043.71049425009,NA,NA,NA,NA,NA,NA
Upper middle income,XT,,2022,,2026-07-01,1.98875081975164,NA,NA,NA,NA,NA,NA,NA
Uruguay,UY,URY,2015,,2026-07-01,0.35109,687.09204,Latin America & Caribbean,Montevideo,-56.0675,-34.8941,High income,IBRD
Uruguay,UY,URY,2016,,2026-07-01,0.37391,739.46982,Latin America & Caribbean,Montevideo,-56.0675,-34.8941,High income,IBRD
Uruguay,UY,URY,2017,,2026-07-01,0.44052,756.67885,Latin America & Caribbean,Montevideo,-56.0675,-34.8941,High income,IBRD
Uruguay,UY,URY,2018,,2026-07-01,0.50484,787.06548,Latin America & Caribbean,Montevideo,-56.0675,-34.8941,High income,IBRD
Uruguay,UY,URY,2019,,2026-07-01,0.56805,803.42212,Latin America & Caribbean,Montevideo,-56.0675,-34.8941,High income,IBRD
Uruguay,UY,URY,2020,,2026-07-01,0.67606,820.55725,Latin America & Caribbean,Montevideo,-56.0675,-34.8941,High income,IBRD
Uruguay,UY,URY,2021,,2026-07-01,0.61467,845.8214,Latin America & Caribbean,Montevideo,-56.0675,-34.8941,High income,IBRD
Uruguay,UY,URY,2022,,2026-07-01,0.62206,880.30452,Latin America & Caribbean,Montevideo,-56.0675,-34.8941,High income,IBRD
Uruguay,UY,URY,2023,,2026-07-01,0.70196,902.41575,Latin America & Caribbean,Montevideo,-56.0675,-34.8941,High income,IBRD
Uruguay,UY,URY,2024,,2026-07-01,NA,937.57039,Latin America & Caribbean,Montevideo,-56.0675,-34.8941,High income,IBRD
Uruguay,UY,URY,2025,,2026-07-01,NA,NA,Latin America & Caribbean,Montevideo,-56.0675,-34.8941,High income,IBRD
Uzbekistan,UZ,UZB,2015,,2026-07-01,0.16497,504.73687,Europe & Central Asia,Tashkent,69.269,41.3052,Lower middle income,Blend
Uzbekistan,UZ,UZB,2016,,2026-07-01,0.17238,512.96908,Europe & Central Asia,Tashkent,69.269,41.3052,Lower middle income,Blend
Uzbekistan,UZ,UZB,2017,,2026-07-01,0.13212,501.98291,Europe & Central Asia,Tashkent,69.269,41.3052,Lower middle income,Blend
Uzbekistan,UZ,UZB,2018,,2026-07-01,0.11164,481.96007,Europe & Central Asia,Tashkent,69.269,41.3052,Lower middle income,Blend
Uzbekistan,UZ,UZB,2019,,2026-07-01,0.10128,422.11189,Europe & Central Asia,Tashkent,69.269,41.3052,Lower middle income,Blend
Uzbekistan,UZ,UZB,2020,,2026-07-01,0.12554,426.4918,Europe & Central Asia,Tashkent,69.269,41.3052,Lower middle income,Blend
Uzbekistan,UZ,UZB,2021,,2026-07-01,0.11843,523.87885000000006,Europe & Central Asia,Tashkent,69.269,41.3052,Lower middle income,Blend
Uzbekistan,UZ,UZB,2022,,2026-07-01,0.14297,543.83922,Europe & Central Asia,Tashkent,69.269,41.3052,Lower middle income,Blend
Uzbekistan,UZ,UZB,2023,,2026-07-01,0.11093,542.07268,Europe & Central Asia,Tashkent,69.269,41.3052,Lower middle income,Blend
Uzbekistan,UZ,UZB,2024,,2026-07-01,0.10416,639.53651,Europe & Central Asia,Tashkent,69.269,41.3052,Lower middle income,Blend
Uzbekistan,UZ,UZB,2025,,2026-07-01,NA,NA,Europe & Central Asia,Tashkent,69.269,41.3052,Lower middle income,Blend
Vanuatu,VU,VUT,2015,,2026-07-01,NA,NA,East Asia & Pacific,Port-Vila,168.321,-17.7404,Lower middle income,IDA
Vanuatu,VU,VUT,2016,,2026-07-01,NA,NA,East Asia & Pacific,Port-Vila,168.321,-17.7404,Lower middle income,IDA
Vanuatu,VU,VUT,2017,,2026-07-01,NA,NA,East Asia & Pacific,Port-Vila,168.321,-17.7404,Lower middle income,IDA
Vanuatu,VU,VUT,2018,,2026-07-01,NA,NA,East Asia & Pacific,Port-Vila,168.321,-17.7404,Lower middle income,IDA
Vanuatu,VU,VUT,2019,,2026-07-01,NA,NA,East Asia & Pacific,Port-Vila,168.321,-17.7404,Lower middle income,IDA
Vanuatu,VU,VUT,2020,,2026-07-01,NA,NA,East Asia & Pacific,Port-Vila,168.321,-17.7404,Lower middle income,IDA
Vanuatu,VU,VUT,2021,,2026-07-01,NA,NA,East Asia & Pacific,Port-Vila,168.321,-17.7404,Lower middle income,IDA
Vanuatu,VU,VUT,2022,,2026-07-01,NA,NA,East Asia & Pacific,Port-Vila,168.321,-17.7404,Lower middle income,IDA
Vanuatu,VU,VUT,2023,,2026-07-01,NA,NA,East Asia & Pacific,Port-Vila,168.321,-17.7404,Lower middle income,IDA
Vanuatu,VU,VUT,2024,,2026-07-01,NA,NA,East Asia & Pacific,Port-Vila,168.321,-17.7404,Lower middle income,IDA
Vanuatu,VU,VUT,2025,,2026-07-01,NA,NA,East Asia & Pacific,Port-Vila,168.321,-17.7404,Lower middle income,IDA
"Venezuela, RB",VE,VEN,2015,,2026-07-01,NA,246.15054,Latin America & Caribbean,Caracas,-69.8371,9.08165,Not classified,IBRD
"Venezuela, RB",VE,VEN,2016,,2026-07-01,NA,291.69278,Latin America & Caribbean,Caracas,-69.8371,9.08165,Not classified,IBRD
"Venezuela, RB",VE,VEN,2017,,2026-07-01,NA,NA,Latin America & Caribbean,Caracas,-69.8371,9.08165,Not classified,IBRD
"Venezuela, RB",VE,VEN,2018,,2026-07-01,NA,NA,Latin America & Caribbean,Caracas,-69.8371,9.08165,Not classified,IBRD
"Venezuela, RB",VE,VEN,2019,,2026-07-01,NA,230.87605,Latin America & Caribbean,Caracas,-69.8371,9.08165,Not classified,IBRD
"Venezuela, RB",VE,VEN,2020,,2026-07-01,NA,289.59954,Latin America & Caribbean,Caracas,-69.8371,9.08165,Not classified,IBRD
"Venezuela, RB",VE,VEN,2021,,2026-07-01,NA,276.3565,Latin America & Caribbean,Caracas,-69.8371,9.08165,Not classified,IBRD
"Venezuela, RB",VE,VEN,2022,,2026-07-01,NA,350.37843,Latin America & Caribbean,Caracas,-69.8371,9.08165,Not classified,IBRD
"Venezuela, RB",VE,VEN,2023,,2026-07-01,NA,179.95961,Latin America & Caribbean,Caracas,-69.8371,9.08165,Not classified,IBRD
"Venezuela, RB",VE,VEN,2024,,2026-07-01,NA,NA,Latin America & Caribbean,Caracas,-69.8371,9.08165,Not classified,IBRD
"Venezuela, RB",VE,VEN,2025,,2026-07-01,NA,NA,Latin America & Caribbean,Caracas,-69.8371,9.08165,Not classified,IBRD
Viet Nam,VN,VNM,2015,,2026-07-01,0.35629,681.68167,East Asia & Pacific,Hanoi,105.825,21.0069,Lower middle income,IBRD
Viet Nam,VN,VNM,2016,,2026-07-01,NA,NA,East Asia & Pacific,Hanoi,105.825,21.0069,Lower middle income,IBRD
Viet Nam,VN,VNM,2017,,2026-07-01,0.41895,707.70007,East Asia & Pacific,Hanoi,105.825,21.0069,Lower middle income,IBRD
Viet Nam,VN,VNM,2018,,2026-07-01,NA,NA,East Asia & Pacific,Hanoi,105.825,21.0069,Lower middle income,IBRD
Viet Nam,VN,VNM,2019,,2026-07-01,0.41652,754.61752,East Asia & Pacific,Hanoi,105.825,21.0069,Lower middle income,IBRD
Viet Nam,VN,VNM,2020,,2026-07-01,NA,NA,East Asia & Pacific,Hanoi,105.825,21.0069,Lower middle income,IBRD
Viet Nam,VN,VNM,2021,,2026-07-01,0.42494,767.88667,East Asia & Pacific,Hanoi,105.825,21.0069,Lower middle income,IBRD
Viet Nam,VN,VNM,2022,,2026-07-01,NA,NA,East Asia & Pacific,Hanoi,105.825,21.0069,Lower middle income,IBRD
Viet Nam,VN,VNM,2023,,2026-07-01,0.41456,836.10677,East Asia & Pacific,Hanoi,105.825,21.0069,Lower middle income,IBRD
Viet Nam,VN,VNM,2024,,2026-07-01,NA,NA,East Asia & Pacific,Hanoi,105.825,21.0069,Lower middle income,IBRD
Viet Nam,VN,VNM,2025,,2026-07-01,NA,NA,East Asia & Pacific,Hanoi,105.825,21.0069,Lower middle income,IBRD
Virgin Islands (U.S.),VI,VIR,2015,,2026-07-01,NA,NA,Latin America & Caribbean,Charlotte Amalie,-64.8963,18.3358,High income,Not classified
Virgin Islands (U.S.),VI,VIR,2016,,2026-07-01,NA,NA,Latin America & Caribbean,Charlotte Amalie,-64.8963,18.3358,High income,Not classified
Virgin Islands (U.S.),VI,VIR,2017,,2026-07-01,NA,NA,Latin America & Caribbean,Charlotte Amalie,-64.8963,18.3358,High income,Not classified
Virgin Islands (U.S.),VI,VIR,2018,,2026-07-01,NA,NA,Latin America & Caribbean,Charlotte Amalie,-64.8963,18.3358,High income,Not classified
Virgin Islands (U.S.),VI,VIR,2019,,2026-07-01,NA,NA,Latin America & Caribbean,Charlotte Amalie,-64.8963,18.3358,High income,Not classified
Virgin Islands (U.S.),VI,VIR,2020,,2026-07-01,NA,NA,Latin America & Caribbean,Charlotte Amalie,-64.8963,18.3358,High income,Not classified
Virgin Islands (U.S.),VI,VIR,2021,,2026-07-01,NA,NA,Latin America & Caribbean,Charlotte Amalie,-64.8963,18.3358,High income,Not classified
Virgin Islands (U.S.),VI,VIR,2022,,2026-07-01,NA,NA,Latin America & Caribbean,Charlotte Amalie,-64.8963,18.3358,High income,Not classified
Virgin Islands (U.S.),VI,VIR,2023,,2026-07-01,NA,NA,Latin America & Caribbean,Charlotte Amalie,-64.8963,18.3358,High income,Not classified
Virgin Islands (U.S.),VI,VIR,2024,,2026-07-01,NA,NA,Latin America & Caribbean,Charlotte Amalie,-64.8963,18.3358,High income,Not classified
Virgin Islands (U.S.),VI,VIR,2025,,2026-07-01,NA,NA,Latin America & Caribbean,Charlotte Amalie,-64.8963,18.3358,High income,Not classified
West Bank and Gaza,PS,PSE,2015,,2026-07-01,NA,NA,"Middle East, North Africa, Afghanistan & Pakistan",,,,Lower middle income,Not classified
West Bank and Gaza,PS,PSE,2016,,2026-07-01,NA,NA,"Middle East, North Africa, Afghanistan & Pakistan",,,,Lower middle income,Not classified
West Bank and Gaza,PS,PSE,2017,,2026-07-01,NA,NA,"Middle East, North Africa, Afghanistan & Pakistan",,,,Lower middle income,Not classified
West Bank and Gaza,PS,PSE,2018,,2026-07-01,NA,NA,"Middle East, North Africa, Afghanistan & Pakistan",,,,Lower middle income,Not classified
West Bank and Gaza,PS,PSE,2019,,2026-07-01,NA,NA,"Middle East, North Africa, Afghanistan & Pakistan",,,,Lower middle income,Not classified
West Bank and Gaza,PS,PSE,2020,,2026-07-01,NA,NA,"Middle East, North Africa, Afghanistan & Pakistan",,,,Lower middle income,Not classified
West Bank and Gaza,PS,PSE,2021,,2026-07-01,NA,NA,"Middle East, North Africa, Afghanistan & Pakistan",,,,Lower middle income,Not classified
West Bank and Gaza,PS,PSE,2022,,2026-07-01,NA,NA,"Middle East, North Africa, Afghanistan & Pakistan",,,,Lower middle income,Not classified
West Bank and Gaza,PS,PSE,2023,,2026-07-01,NA,NA,"Middle East, North Africa, Afghanistan & Pakistan",,,,Lower middle income,Not classified
West Bank and Gaza,PS,PSE,2024,,2026-07-01,NA,NA,"Middle East, North Africa, Afghanistan & Pakistan",,,,Lower middle income,Not classified
West Bank and Gaza,PS,PSE,2025,,2026-07-01,NA,NA,"Middle East, North Africa, Afghanistan & Pakistan",,,,Lower middle income,Not classified
World,1W,WLD,2015,,2026-07-01,2.10431830423067,1380.78739706283,Aggregates,,,,Aggregates,Aggregates
World,1W,WLD,2016,,2026-07-01,2.14865606825884,NA,Aggregates,,,,Aggregates,Aggregates
World,1W,WLD,2017,,2026-07-01,2.14199917077902,NA,Aggregates,,,,Aggregates,Aggregates
World,1W,WLD,2018,,2026-07-01,2.21817463707231,1523.81859406191,Aggregates,,,,Aggregates,Aggregates
World,1W,WLD,2019,,2026-07-01,2.26339308318271,NA,Aggregates,,,,Aggregates,Aggregates
World,1W,WLD,2020,,2026-07-01,2.45606936077903,1651.5851690472,Aggregates,,,,Aggregates,Aggregates
World,1W,WLD,2021,,2026-07-01,2.5227995854217,NA,Aggregates,,,,Aggregates,Aggregates
World,1W,WLD,2022,,2026-07-01,2.5711591602204,NA,Aggregates,,,,Aggregates,Aggregates
World,1W,WLD,2023,,2026-07-01,2.59737836465431,NA,Aggregates,,,,Aggregates,Aggregates
World,1W,WLD,2024,,2026-07-01,NA,NA,Aggregates,,,,Aggregates,Aggregates
World,1W,WLD,2025,,2026-07-01,NA,NA,Aggregates,,,,Aggregates,Aggregates
"Yemen, Rep.",YE,YEM,2015,,2026-07-01,NA,NA,"Middle East, North Africa, Afghanistan & Pakistan",Sana'a,44.2075,15.352,Low income,IDA
"Yemen, Rep.",YE,YEM,2016,,2026-07-01,NA,NA,"Middle East, North Africa, Afghanistan & Pakistan",Sana'a,44.2075,15.352,Low income,IDA
"Yemen, Rep.",YE,YEM,2017,,2026-07-01,NA,NA,"Middle East, North Africa, Afghanistan & Pakistan",Sana'a,44.2075,15.352,Low income,IDA
"Yemen, Rep.",YE,YEM,2018,,2026-07-01,NA,NA,"Middle East, North Africa, Afghanistan & Pakistan",Sana'a,44.2075,15.352,Low income,IDA
"Yemen, Rep.",YE,YEM,2019,,2026-07-01,NA,NA,"Middle East, North Africa, Afghanistan & Pakistan",Sana'a,44.2075,15.352,Low income,IDA
"Yemen, Rep.",YE,YEM,2020,,2026-07-01,NA,NA,"Middle East, North Africa, Afghanistan & Pakistan",Sana'a,44.2075,15.352,Low income,IDA
"Yemen, Rep.",YE,YEM,2021,,2026-07-01,NA,NA,"Middle East, North Africa, Afghanistan & Pakistan",Sana'a,44.2075,15.352,Low income,IDA
"Yemen, Rep.",YE,YEM,2022,,2026-07-01,NA,NA,"Middle East, North Africa, Afghanistan & Pakistan",Sana'a,44.2075,15.352,Low income,IDA
"Yemen, Rep.",YE,YEM,2023,,2026-07-01,NA,NA,"Middle East, North Africa, Afghanistan & Pakistan",Sana'a,44.2075,15.352,Low income,IDA
"Yemen, Rep.",YE,YEM,2024,,2026-07-01,NA,NA,"Middle East, North Africa, Afghanistan & Pakistan",Sana'a,44.2075,15.352,Low income,IDA
"Yemen, Rep.",YE,YEM,2025,,2026-07-01,NA,NA,"Middle East, North Africa, Afghanistan & Pakistan",Sana'a,44.2075,15.352,Low income,IDA
Zambia,ZM,ZMB,2015,,2026-07-01,NA,NA,Sub-Saharan Africa,Lusaka,28.2937,-15.3982,Lower middle income,IDA
Zambia,ZM,ZMB,2016,,2026-07-01,NA,NA,Sub-Saharan Africa,Lusaka,28.2937,-15.3982,Lower middle income,IDA
Zambia,ZM,ZMB,2017,,2026-07-01,NA,NA,Sub-Saharan Africa,Lusaka,28.2937,-15.3982,Lower middle income,IDA
Zambia,ZM,ZMB,2018,,2026-07-01,NA,NA,Sub-Saharan Africa,Lusaka,28.2937,-15.3982,Lower middle income,IDA
Zambia,ZM,ZMB,2019,,2026-07-01,NA,NA,Sub-Saharan Africa,Lusaka,28.2937,-15.3982,Lower middle income,IDA
Zambia,ZM,ZMB,2020,,2026-07-01,NA,NA,Sub-Saharan Africa,Lusaka,28.2937,-15.3982,Lower middle income,IDA
Zambia,ZM,ZMB,2021,,2026-07-01,NA,NA,Sub-Saharan Africa,Lusaka,28.2937,-15.3982,Lower middle income,IDA
Zambia,ZM,ZMB,2022,,2026-07-01,NA,NA,Sub-Saharan Africa,Lusaka,28.2937,-15.3982,Lower middle income,IDA
Zambia,ZM,ZMB,2023,,2026-07-01,NA,NA,Sub-Saharan Africa,Lusaka,28.2937,-15.3982,Lower middle income,IDA
Zambia,ZM,ZMB,2024,,2026-07-01,NA,NA,Sub-Saharan Africa,Lusaka,28.2937,-15.3982,Lower middle income,IDA
Zambia,ZM,ZMB,2025,,2026-07-01,NA,NA,Sub-Saharan Africa,Lusaka,28.2937,-15.3982,Lower middle income,IDA
Zimbabwe,ZW,ZWE,2015,,2026-07-01,NA,NA,Sub-Saharan Africa,Harare,31.0672,-17.8312,Lower middle income,Blend
Zimbabwe,ZW,ZWE,2016,,2026-07-01,NA,NA,Sub-Saharan Africa,Harare,31.0672,-17.8312,Lower middle income,Blend
Zimbabwe,ZW,ZWE,2017,,2026-07-01,NA,NA,Sub-Saharan Africa,Harare,31.0672,-17.8312,Lower middle income,Blend
Zimbabwe,ZW,ZWE,2018,,2026-07-01,NA,NA,Sub-Saharan Africa,Harare,31.0672,-17.8312,Lower middle income,Blend
Zimbabwe,ZW,ZWE,2019,,2026-07-01,NA,NA,Sub-Saharan Africa,Harare,31.0672,-17.8312,Lower middle income,Blend
Zimbabwe,ZW,ZWE,2020,,2026-07-01,NA,NA,Sub-Saharan Africa,Harare,31.0672,-17.8312,Lower middle income,Blend
Zimbabwe,ZW,ZWE,2021,,2026-07-01,NA,NA,Sub-Saharan Africa,Harare,31.0672,-17.8312,Lower middle income,Blend
Zimbabwe,ZW,ZWE,2022,,2026-07-01,NA,NA,Sub-Saharan Africa,Harare,31.0672,-17.8312,Lower middle income,Blend
Zimbabwe,ZW,ZWE,2023,,2026-07-01,NA,NA,Sub-Saharan Africa,Harare,31.0672,-17.8312,Lower middle income,Blend
Zimbabwe,ZW,ZWE,2024,,2026-07-01,NA,NA,Sub-Saharan Africa,Harare,31.0672,-17.8312,Lower middle income,Blend
Zimbabwe,ZW,ZWE,2025,,2026-07-01,NA,NA,Sub-Saharan Africa,Harare,31.0672,-17.8312,Lower middle income,Blend
