Id,Institution,Country,SIR Rank,Overall,Risk,Output,Multi-affiliation,Retracted Output,Self-Citation,Discontinued Journals Output,Hyperauthored Output,Leadership Impact Gap,Hyperprolific Authors,Institutional Journal Output,Redundant Output
13590.0,Harvard University,USA,4.0,-0.094,low,158939.0,0.441,-0.165,-0.255,-0.478,0.865,-0.664,0.509,-0.246,-0.334
26011.0,University of Chinese Academy of Sciences,CHN,5.0,-0.287,very low,179815.0,-0.015,-0.174,0.872,-0.416,-0.373,-1.593,-0.464,-0.268,-0.451
1671.0,Zhejiang University,CHN,6.0,-0.08,low,133608.0,-0.066,-0.165,-0.032,-0.202,-0.48,-0.962,1.179,0.049,-0.662
1599.0,Tsinghua University,CHN,8.0,0.09,medium,124529.0,0.224,-0.155,0.124,-0.417,-0.129,-1.055,1.683,0.937,-0.237
1520.0,Shanghai Jiao Tong University,CHN,10.0,-0.071,low,131177.0,-0.559,0.061,-0.069,-0.187,-0.356,-0.586,1.018,-0.268,-0.401
1489.0,Peking University,CHN,11.0,-0.102,low,126010.0,-0.468,-0.127,-0.045,-0.282,0.196,-0.602,1.207,-0.268,-0.635
58731.0,Harvard Medical School,USA,12.0,-0.165,low,104259.0,0.001,-0.174,-0.496,-0.469,0.729,-0.393,0.302,-0.268,-0.299
15199.0,Stanford University,USA,18.0,-0.28,very low,94283.0,-0.79,-0.324,-0.308,-0.5,1.154,-0.612,0.06,-0.268,0.113
1385.0,Huazhong University of Science and Technology,CHN,25.0,-0.086,low,85880.0,-0.998,-0.137,-0.381,-0.126,-0.524,-0.894,1.397,0.499,-0.399
8802.0,University of Oxford,GBR,26.0,0.064,medium,86844.0,1.284,0.108,-0.489,-0.507,1.164,-0.494,0.052,-0.268,0.344
8797.0,University College London,GBR,30.0,0.004,medium,90727.0,1.034,-0.118,-0.484,-0.487,0.933,0.366,0.344,-0.268,-0.299
1557.0,Sichuan University,CHN,32.0,-0.061,low,86563.0,-0.808,-0.043,0.246,0.012,-0.604,-1.048,1.401,-0.033,-0.719
13668.0,Johns Hopkins University,USA,33.0,-0.184,low,87119.0,-0.785,-0.268,-0.396,-0.439,0.925,0.429,0.636,-0.268,-0.431
1089.0,University of Toronto,CAN,39.0,-0.205,low,87962.0,-0.136,-0.184,-0.399,-0.472,0.372,0.182,-0.095,-0.268,-0.274
1575.0,Sun Yat-Sen University,CHN,40.0,-0.207,low,86746.0,-0.504,-0.052,-0.389,-0.213,-0.153,-0.651,0.186,-0.268,-0.617
13824.0,Massachusetts Institute of Technology,USA,41.0,-0.146,low,53994.0,0.509,-0.306,-0.541,-0.505,1.736,-1.2,0.109,-0.213,0.133
1255.0,Central South University,CHN,42.0,0.166,medium,80429.0,-0.516,-0.099,0.628,-0.154,-0.66,-0.877,1.498,2.116,-0.754
59258.0,"University of Michigan, Ann Arbor",USA,43.0,-0.192,low,84123.0,-0.913,-0.184,-0.36,-0.471,0.973,0.35,-0.016,-0.261,0.57
15488.0,University of Washington,USA,45.0,-0.32,very low,74360.0,-0.741,-0.315,-0.61,-0.468,1.091,-0.361,-0.269,-0.265,-0.202
1312.0,Fudan University,CHN,46.0,-0.148,low,83225.0,-0.289,-0.268,-0.403,-0.137,0.13,-0.621,0.916,-0.268,-0.617
15439.0,University of Pennsylvania,USA,52.0,-0.24,low,70450.0,-1.044,-0.259,-0.655,-0.453,1.126,-0.113,0.079,-0.122,0.374
1349.0,Harbin Institute of Technology,CHN,56.0,-0.09,low,70954.0,-0.056,-0.146,0.549,-0.331,-1.046,-1.324,1.671,-0.268,-0.473
1627.0,Xi'an Jiaotong University,CHN,58.0,0.166,medium,78134.0,-0.339,-0.165,0.21,-0.17,-0.785,-0.41,1.948,1.624,-0.498
7916.0,National University of Singapore,SGP,59.0,-0.067,low,64396.0,0.915,-0.259,-0.629,-0.472,-0.029,-0.777,1.259,-0.147,-0.515
13365.0,Cornell University,USA,61.0,-0.181,low,61785.0,-0.031,-0.071,-0.776,-0.473,0.621,-0.179,-0.073,-0.268,-0.232
8756.0,University of Cambridge,GBR,63.0,-0.078,low,66051.0,1.011,-0.165,-0.551,-0.503,1.02,0.025,-0.147,-0.259,-0.262
13338.0,Columbia University,USA,65.0,-0.167,low,66388.0,-0.863,-0.184,-0.778,-0.496,1.474,-0.017,0.371,-0.268,0.582
8782.0,Imperial College London,GBR,69.0,0.1,medium,64063.0,1.456,-0.127,-0.658,-0.461,1.205,-0.043,0.789,-0.268,0.145
59476.0,"University of California, Los Angeles",USA,70.0,-0.136,low,66087.0,-0.601,-0.043,-0.561,-0.442,0.885,0.261,0.264,-0.263,-0.078
281.0,University of Melbourne,AUS,72.0,-0.012,low,71870.0,1.23,-0.193,-0.268,-0.482,0.537,0.037,0.537,-0.231,-0.53
6054.0,University of Amsterdam,NLD,75.0,-0.119,low,61687.0,-0.621,-0.315,-0.414,-0.51,1.365,0.372,1.094,-0.188,-0.344
15433.0,Yale University,USA,76.0,-0.227,low,59853.0,-0.921,-0.221,-0.706,-0.467,0.97,0.168,0.418,-0.268,-0.235
1607.0,University of Science and Technology of China,CHN,77.0,-0.091,low,74787.0,0.359,-0.4,0.268,-0.403,0.111,-1.059,1.08,0.256,-0.525
1508.0,Shandong University,CHN,79.0,-0.166,low,65789.0,-0.296,-0.155,-0.037,-0.088,-0.336,-0.965,0.486,-0.268,-0.55
1617.0,Wuhan University,CHN,80.0,-0.074,low,60181.0,-0.215,0.136,-0.132,-0.213,-0.522,-0.966,0.858,-0.268,-0.575
1598.0,Tongji University,CHN,82.0,-0.089,low,69860.0,-0.024,0.023,0.143,-0.145,-0.907,-1.046,0.447,0.063,-0.508
1564.0,"Southeast University, Nanjing",CHN,82.0,0.091,medium,67313.0,0.238,-0.212,0.755,-0.239,-0.871,-1.054,1.872,0.692,-0.381
1590.0,Tianjin University,CHN,90.0,0.067,medium,63738.0,0.16,-0.08,0.123,-0.338,-0.959,-0.955,1.683,0.916,-0.553
287.0,University of Sydney,AUS,93.0,-0.011,low,64824.0,0.615,-0.108,-0.434,-0.462,0.338,0.455,0.673,-0.195,-0.257
268.0,"Monash University, Melbourne",AUS,94.0,0.031,medium,65296.0,1.504,-0.137,-0.482,-0.442,0.289,-0.441,0.923,-0.268,-0.486
59472.0,"University of California, Berkeley",USA,95.0,-0.145,low,50664.0,0.435,0.023,-0.593,-0.494,0.999,-1.087,-0.197,-0.268,-0.329
59480.0,"University of California, San Francisco",USA,98.0,-0.157,low,52978.0,-0.429,-0.268,-0.773,-0.469,1.26,0.397,0.558,-0.268,-0.269
773.0,Universidade de Sao Paulo,BRA,99.0,0.175,medium,83402.0,0.172,-0.08,0.476,-0.383,0.337,0.605,-0.367,2.13,0.217
16498.0,Zhengzhou University,CHN,101.0,0.05,medium,62553.0,-0.178,0.192,-0.399,0.023,-0.369,-0.169,1.141,-0.268,-0.694
283.0,University of New South Wales,AUS,107.0,-0.01,low,58856.0,1.033,-0.043,-0.454,-0.435,0.13,-0.048,0.516,-0.157,-0.625
70467.0,Vrije Universiteit Amsterdam,NLD,110.0,-0.099,low,54619.0,-0.69,-0.343,-0.466,-0.5,1.345,0.503,1.43,-0.259,-0.255
1562.0,South China University of Technology,CHN,111.0,-0.146,low,50295.0,0.111,-0.456,0.036,-0.286,-0.965,-1.028,0.942,0.728,-0.652
13434.0,Duke University,USA,115.0,-0.081,low,54793.0,-0.916,0.173,-0.771,-0.475,1.078,0.913,0.207,-0.268,-0.019
13962.0,New York University,USA,116.0,-0.233,low,58289.0,-0.779,-0.108,-0.786,-0.424,0.47,0.06,-0.065,-0.09,-0.197
1421.0,Jilin University,CHN,117.0,-0.127,low,57167.0,-0.533,0.145,-0.023,0.08,-0.598,-0.866,0.017,-0.268,-0.684
35802.0,Universitat de Barcelona,ESP,118.0,-0.013,low,51507.0,-0.662,-0.23,-0.31,-0.444,1.992,1.132,0.35,0.439,-0.175
59479.0,"University of California, San Diego",USA,120.0,-0.182,low,58046.0,-0.294,-0.268,-0.641,-0.49,0.993,0.215,0.318,-0.268,-0.15
15547.0,University of Chicago,USA,124.0,-0.156,low,36721.0,-0.904,-0.212,-0.749,-0.471,1.354,0.479,-0.282,0.87,-0.418
277.0,The University of Queensland,AUS,126.0,-0.046,low,56570.0,1.321,-0.099,-0.391,-0.446,0.097,-0.224,0.258,-0.256,-0.672
1600.0,University of Electronic Science and Technology of China,CHN,129.0,0.11,medium,52604.0,-0.065,0.042,0.272,-0.085,-0.714,-0.6,2.082,-0.268,-0.163
98857.0,Bukhara State Pedagogical Institute,UZB,131.0,0.549,medium,125.0,5.468,-1.207,15.349,-0.127,-1.401,-5.576,-1.413,-0.268,2.788
9104.0,Swiss Federal Institute of Technology,CHE,132.0,0.06,medium,46301.0,1.34,0.183,-0.052,-0.525,0.577,-1.159,0.516,-0.268,-0.336
4990.0,Seoul National University,KOR,135.0,-0.279,very low,52788.0,-0.943,-0.033,-0.54,-0.455,-0.03,0.263,-0.266,-0.175,-0.483
7915.0,Nanyang Technological University,SGP,137.0,-0.112,low,45145.0,0.679,-0.249,-0.686,-0.468,-0.494,-0.939,1.383,-0.268,-0.332
59316.0,"University of North Carolina, Chapel Hill",USA,138.0,-0.219,low,47030.0,-0.345,-0.174,-0.718,-0.385,0.753,0.312,-0.228,-0.244,-0.498
76873.0,Sorbonne Universite,FRA,138.0,-0.114,low,70711.0,-0.236,-0.306,0.064,-0.495,1.625,0.874,-0.195,-0.268,0.374
4660.0,University of Tokyo,JPN,141.0,-0.021,low,69403.0,0.448,-0.4,0.598,-0.43,0.856,0.448,0.585,-0.24,0.212
14002.0,"Northwestern University, Evanston",USA,143.0,-0.245,low,49770.0,-0.96,-0.371,-0.725,-0.453,0.908,0.634,0.424,-0.24,-0.133
1011.0,The University of British Columbia,CAN,144.0,-0.203,low,59440.0,0.056,-0.268,-0.537,-0.457,0.511,0.63,-0.3,-0.265,-0.21
8783.0,Kings College London,GBR,154.0,-0.027,low,51671.0,0.996,-0.277,-0.603,-0.47,1.044,0.169,0.637,-0.268,-0.344
59321.0,"Ohio State University, Columbus",USA,158.0,-0.206,low,55086.0,-0.985,-0.184,-0.32,-0.449,0.934,0.639,-0.066,-0.261,0.155
9162.0,BeiHang University,CHN,160.0,-0.105,low,49638.0,-0.31,0.023,0.344,-0.312,-0.489,-1.035,0.684,-0.268,-0.024
6053.0,Utrecht University,NLD,162.0,-0.19,low,46496.0,-0.099,-0.296,-0.605,-0.504,1.177,0.242,0.091,-0.268,-0.264
1683.0,The Chinese University of Hong Kong,HKG,163.0,0.069,medium,43314.0,0.956,-0.146,-0.635,-0.445,0.138,-0.3,1.76,-0.268,-0.053
59261.0,"University of Minnesota, Twin Cities",USA,165.0,-0.282,very low,49659.0,-0.758,-0.24,-0.605,-0.465,0.621,0.843,-0.549,-0.14,-0.304
15560.0,University of Florida,USA,166.0,-0.294,very low,55068.0,-0.811,-0.23,-0.286,-0.399,0.278,0.295,-0.34,-0.268,-0.351
1289.0,Chongqing University,CHN,167.0,-0.016,low,49106.0,-0.068,0.108,0.599,-0.259,-1.022,-1.353,1.562,-0.268,-0.61
1108.0,McGill University,CAN,168.0,-0.233,low,51499.0,-0.184,-0.277,-0.438,-0.49,0.687,0.157,-0.138,-0.264,-0.267
1232.0,Beijing Institute of Technology,CHN,170.0,-0.004,low,51162.0,-0.297,-0.296,0.333,-0.343,-0.982,-0.746,1.571,1.018,-0.118
59274.0,"University of Wisconsin, Madison",USA,174.0,-0.254,low,49972.0,-0.489,-0.296,-0.277,-0.493,0.962,0.506,-0.408,-0.24,-0.25
2192.0,University of Copenhagen,DNK,177.0,-0.071,low,52396.0,0.531,-0.221,-0.011,-0.512,0.953,0.272,0.379,-0.266,-0.538
1455.0,Nanjing University,CHN,178.0,-0.002,low,53861.0,0.773,-0.043,-0.18,-0.28,-0.042,-0.711,0.921,-0.268,-0.577
522.0,Catholic University of Leuven,BEL,180.0,-0.017,low,51118.0,1.269,-0.174,-0.266,-0.485,0.492,0.332,0.3,-0.266,-0.515
8732.0,The University of Edinburgh,GBR,182.0,-0.155,low,46933.0,0.385,-0.24,-0.683,-0.494,1.16,0.597,-0.362,-0.268,-0.269
3049.0,Technische Universitat Munchen,DEU,187.0,0.011,medium,46727.0,0.149,-0.174,0.126,-0.472,0.89,-0.493,1.112,-0.268,0.637
58813.0,Chinese Academy of Medical Sciences and Peking Union Medical College,CHN,188.0,-0.046,low,56180.0,-0.171,-0.24,-0.654,0.028,-0.207,0.013,1.422,-0.268,-0.702
15463.0,University of Southern California,USA,192.0,-0.231,low,43554.0,-1.005,-0.24,-0.636,-0.369,0.545,0.017,0.177,-0.076,0.17
59473.0,"University of California, Davis",USA,194.0,-0.354,very low,42934.0,-0.533,-0.324,-0.521,-0.474,0.618,0.449,-0.892,-0.268,-0.389
1687.0,The University of Hong Kong,HKG,195.0,-0.113,low,41741.0,1.056,-0.259,-0.706,-0.439,0.177,-0.757,0.638,-0.25,-0.55
8737.0,The University of Manchester,GBR,196.0,-0.139,low,46294.0,0.459,-0.315,-0.527,-0.47,1.213,0.432,-0.096,-0.257,-0.344
59325.0,Pennsylvania State University,USA,200.0,-0.181,low,52385.0,-0.678,0.051,-0.25,-0.453,0.189,-0.178,-0.504,-0.268,1.027
8118.0,Karolinska Institute,SWE,202.0,0.096,medium,42996.0,2.762,-0.353,-0.473,-0.459,1.096,0.207,0.306,-0.268,-0.565
1485.0,Northwestern Polytechnical University,CHN,203.0,-0.093,low,47934.0,-0.134,-0.287,0.777,-0.307,-1.02,-1.299,1.83,-0.268,-0.22
15345.0,Washington University in Saint Louis,USA,205.0,-0.243,low,39802.0,-1.154,-0.212,-0.828,-0.456,1.459,0.769,-0.195,-0.265,0.063
59471.0,University of Illinois at Urbana-Champaign,USA,206.0,-0.114,low,42817.0,0.643,-0.071,-0.075,-0.471,0.111,-0.211,-0.567,-0.199,0.453
35800.0,Universitat Autonoma de Barcelona,ESP,207.0,-0.03,low,41038.0,-0.694,-0.287,-0.217,-0.473,2.081,0.984,0.154,0.554,0.135
64136.0,Harvard-MIT Division of Health Sciences and Tecnology,USA,209.0,-0.192,low,1410.0,1.805,-0.165,-1.636,-0.545,1.371,0.542,-1.413,-0.268,-1.186
15441.0,University of Pittsburgh,USA,212.0,-0.2,low,42772.0,-0.601,-0.099,-0.626,-0.478,0.841,0.803,-0.451,-0.088,-0.222
13477.0,Emory University,USA,217.0,-0.209,low,42058.0,-0.77,-0.4,-0.864,-0.355,1.032,1.261,0.321,-0.268,-0.361
66467.0,Weill Cornell Medicine,USA,220.0,-0.054,low,26629.0,-0.03,0.117,-1.068,-0.465,0.971,-0.184,0.669,-0.268,-0.381
59249.0,"University of Texas, Austin",USA,221.0,-0.22,low,42894.0,-0.528,-0.071,-0.222,-0.489,0.248,-0.561,-0.285,-0.238,0.612
2721.0,Universite de Paris Cite,FRA,228.0,-0.145,low,48416.0,-0.647,-0.315,-0.498,-0.503,2.206,1.295,-0.209,-0.264,0.235
1549.0,Shenzhen University,CHN,229.0,-0.067,low,40698.0,0.502,-0.137,-0.546,-0.24,-0.606,-0.795,1.271,-0.268,-0.615
6046.0,University of Groningen,NLD,232.0,-0.125,low,39685.0,-0.251,-0.353,-0.482,-0.499,1.305,0.602,0.837,-0.268,-0.448
2713.0,Universite Paris-Saclay,FRA,235.0,0.028,medium,55848.0,1.53,-0.371,0.016,-0.486,1.828,0.708,-0.288,-0.268,0.237
4198.0,Universita degli Studi di Roma La Sapienza,ITA,237.0,0.011,medium,55170.0,-0.784,-0.033,0.656,-0.204,1.211,0.229,0.434,-0.225,0.292
5027.0,Yonsei University,KOR,238.0,-0.104,low,41105.0,-0.29,-0.08,-0.669,-0.414,0.118,0.565,0.815,-0.268,-0.471
9158.0,Peking University Health Science Center,CHN,240.0,-0.209,low,48578.0,-1.218,-0.315,-0.71,-0.005,-0.031,-0.023,1.148,-0.268,-0.828
6019.0,Erasmus University Rotterdam,NLD,248.0,-0.12,low,34611.0,-1.016,-0.259,-0.643,-0.497,1.362,0.646,1.425,-0.24,-0.562
1302.0,Dalian University of Technology,CHN,250.0,-0.183,low,46053.0,-0.166,-0.277,0.443,-0.334,-1.093,-1.113,1.269,-0.268,-0.567
4186.0,Universita degli Studi di Milano,ITA,251.0,0.037,medium,45865.0,-0.413,-0.306,-0.232,-0.36,1.532,0.966,1.4,0.008,-0.237
14098.0,Purdue University,USA,255.0,-0.257,low,38104.0,-0.41,-0.108,0.162,-0.477,-0.155,-0.734,-0.496,-0.243,0.433
1684.0,Hong Kong Polytechnic University,HKG,256.0,-0.019,low,40929.0,0.427,-0.09,-0.23,-0.429,-0.859,-0.855,1.988,-0.268,-0.483
6050.0,Leiden University,NLD,259.0,-0.149,low,37335.0,-0.412,-0.324,-0.282,-0.504,1.143,0.471,0.749,-0.268,-0.49
1001.0,University of Alberta,CAN,262.0,-0.124,low,45475.0,0.048,-0.165,-0.235,-0.448,0.251,0.357,0.084,-0.17,0.006
83459.0,King Saud University,SAU,264.0,0.804,medium,53869.0,-0.662,1.376,0.262,0.305,-0.795,0.532,4.44,-0.268,-0.418
13221.0,Carnegie Mellon University,USA,266.0,-0.236,low,22285.0,-0.514,-0.118,-0.259,-0.498,0.614,-1.358,-0.184,-0.268,0.92
1558.0,"Soochow University, Suzhou",CHN,267.0,0.007,medium,41640.0,-0.206,0.202,-0.361,0.214,-0.441,-0.664,0.507,-0.268,-0.53
1636.0,Xidian University,CHN,269.0,0.163,medium,29253.0,-0.24,0.295,0.544,-0.206,-1.028,-0.878,2.304,-0.268,0.083
35908.0,Georgia Institute of Technology,USA,270.0,-0.113,low,32094.0,0.439,-0.165,-0.196,-0.49,0.01,-0.953,0.409,-0.268,0.674
13169.0,Boston University,USA,272.0,-0.148,low,34961.0,-0.876,-0.033,-0.545,-0.475,1.066,0.455,0.026,-0.029,-0.086
4941.0,Korea University,KOR,274.0,-0.25,low,33354.0,-0.681,-0.118,-0.504,-0.367,0.057,-0.371,0.205,-0.268,-0.51
1633.0,Xiamen University,CHN,275.0,-0.263,very low,39555.0,-0.213,-0.381,-0.463,-0.194,-0.505,-0.578,0.504,-0.268,-0.702
4192.0,Universita degli Studi di Padova,ITA,282.0,-0.11,low,44584.0,-0.434,-0.465,0.22,-0.41,1.572,0.341,0.522,-0.162,0.252
1250.0,Capital Medical University,CHN,288.0,-0.052,low,50993.0,-1.442,-0.071,-0.718,0.385,-0.266,0.722,1.063,-0.268,-0.602
2178.0,Aarhus University,DNK,293.0,-0.164,low,41232.0,0.378,-0.268,-0.177,-0.503,0.482,0.316,-0.204,-0.162,-0.309
1397.0,Hunan University,CHN,294.0,0.003,medium,32454.0,0.198,0.192,-0.047,-0.349,-0.517,-1.506,1.626,-0.268,-0.746
59617.0,Icahn School of Medicine at Mount Sinai,USA,295.0,-0.027,low,30587.0,-0.267,-0.08,-1.09,-0.376,1.34,0.341,1.101,-0.268,-0.274
4189.0,Universita degli Studi di Napoli Federico II,ITA,298.0,-0.061,low,41421.0,-0.62,-0.381,0.805,-0.286,1.413,-0.087,0.7,-0.232,0.384
15045.0,"Rutgers, The State University of New Jersey",USA,302.0,-0.319,very low,39976.0,-0.466,-0.221,-0.71,-0.413,0.078,0.402,-0.673,-0.249,-0.394
4173.0,L'Alma Mater Studiorum - Universita di Bologna,ITA,303.0,-0.045,low,43499.0,-0.414,-0.09,0.449,-0.406,1.155,0.374,0.155,-0.177,0.155
8153.0,Universitat Zurich,CHE,313.0,-0.019,low,35360.0,1.549,-0.296,-0.325,-0.477,1.033,0.006,0.244,-0.268,-0.451
59422.0,"Texas A&M University, College Station",USA,314.0,-0.091,low,42890.0,0.447,-0.259,0.057,-0.449,-0.058,-0.188,0.048,-0.268,1.265
8801.0,University of Nottingham,GBR,316.0,-0.141,low,36227.0,0.283,0.126,-0.819,-0.411,-0.041,0.058,-0.347,-0.268,-0.468
15483.0,University of Utah,USA,320.0,-0.218,low,37266.0,-0.973,-0.165,-0.702,-0.461,1.132,1.261,-0.292,-0.268,-0.143
1456.0,Nanjing University of Aeronautics and Astronautics,CHN,323.0,-0.13,low,35457.0,-0.09,-0.249,0.493,-0.211,-1.185,-1.005,1.101,-0.268,-0.051
59475.0,"University of California, Irvine",USA,329.0,-0.224,low,32508.0,-0.647,-0.296,-0.67,-0.373,0.969,0.576,-0.262,-0.268,0.274
528.0,Ghent University,BEL,330.0,-0.06,low,37993.0,1.297,-0.343,-0.012,-0.484,0.516,-0.237,0.155,0.028,-0.436
5778.0,Universidad Nacional Autonoma de Mexico,MEX,337.0,0.098,medium,40840.0,-0.431,-0.428,0.621,-0.295,-0.088,1.405,-1.0,3.384,-0.133
1680.0,City University of Hong Kong,HKG,342.0,-0.07,low,30789.0,0.768,-0.277,-0.42,-0.445,-0.559,-1.342,1.799,-0.268,-0.222
59351.0,"University of Maryland, College Park",USA,343.0,-0.127,low,31268.0,-0.206,0.042,-0.41,-0.505,1.199,-0.228,-0.381,-0.268,0.386
1464.0,Nankai University,CHN,347.0,-0.211,low,33138.0,0.574,-0.371,-0.411,-0.405,-0.502,-1.154,0.855,-0.268,-0.625
67043.0,Jiangnan University,CHN,348.0,0.136,medium,27576.0,-0.24,0.211,0.853,-0.146,-1.179,-1.268,2.726,-0.268,-0.793
8130.0,Uppsala University,SWE,349.0,-0.072,low,35247.0,1.471,-0.465,-0.297,-0.499,1.246,0.174,0.091,-0.268,-0.369
8733.0,University of Glasgow,GBR,351.0,-0.076,low,31958.0,0.143,-0.268,-0.696,-0.452,1.072,0.483,0.671,-0.268,-0.053
1243.0,Beijing University of Posts and Telecommunications,CHN,355.0,0.117,medium,25107.0,-0.874,-0.061,0.41,0.264,-0.977,-0.817,2.426,0.062,-0.197
13058.0,Arizona State University,USA,357.0,-0.242,low,32737.0,-0.484,0.108,-0.177,-0.472,0.029,-0.157,-0.836,-0.173,-0.309
6048.0,Delft University of Technology,NLD,359.0,-0.284,very low,30904.0,0.316,-0.268,0.117,-0.478,-0.631,-1.129,-0.485,-0.203,0.225
3002.0,Ludwig-Maximilians Universitat Munchen,DEU,363.0,-0.131,low,36176.0,0.22,-0.296,-0.326,-0.466,1.467,0.338,-0.043,-0.268,-0.274
15030.0,The Rockefeller University,USA,365.0,0.288,medium,3502.0,1.143,-0.343,-1.005,-0.53,3.071,-0.876,0.97,2.71,-0.888
4933.0,Korea Advanced Institute of Science and Technology,KOR,366.0,-0.376,very low,21938.0,-0.984,-0.005,-0.199,-0.478,-0.513,-1.211,-0.471,-0.268,-0.215
2447.0,University of Helsinki,FIN,368.0,-0.037,low,33674.0,1.572,-0.315,-0.222,-0.523,1.086,0.449,-0.342,-0.074,-0.381
8729.0,University of Birmingham,GBR,369.0,-0.017,low,33892.0,0.524,0.004,-0.679,-0.39,1.091,0.618,-0.036,-0.268,-0.274
4438.0,Kyoto University,JPN,375.0,0.016,medium,44497.0,0.328,-0.033,0.236,-0.448,0.717,0.065,0.471,-0.22,0.14
8772.0,University of Leeds,GBR,377.0,-0.211,low,29921.0,0.374,-0.108,-0.611,-0.453,0.311,-0.097,-0.635,-0.268,-0.294
1423.0,Jinan University,CHN,378.0,-0.269,very low,29851.0,-0.312,-0.287,-0.721,0.13,-0.455,-0.949,-0.04,-0.268,-0.813
35749.0,Universidad Complutense de Madrid,ESP,379.0,-0.248,low,36486.0,-0.649,-0.306,-0.091,-0.294,0.4,0.541,-0.495,-0.106,-0.307
14094.0,Princeton University,USA,386.0,-0.142,low,25162.0,0.173,-0.193,-0.316,-0.518,0.966,-0.449,0.16,-0.268,0.056
1408.0,Jiangsu University,CHN,388.0,0.048,medium,34548.0,0.608,-0.09,0.911,-0.077,-1.094,-1.284,1.586,-0.268,-0.57
9153.0,Southern Medical University,CHN,392.0,-0.072,low,29830.0,-1.062,0.483,-0.973,0.18,-0.056,-0.168,-0.123,-0.268,-0.962
8133.0,Ecole Polytechnique Federale de Lausanne,CHE,393.0,-0.109,low,25429.0,0.929,-0.324,-0.351,-0.498,1.046,-0.722,0.005,-0.268,0.463
1272.0,China Agricultural University,CHN,394.0,-0.372,very low,28438.0,-0.109,-0.409,0.365,-0.411,-0.851,-1.485,0.061,-0.268,-0.744
6861.0,Universidade de Lisboa,PRT,395.0,0.174,medium,43385.0,1.646,-0.014,0.228,-0.267,0.425,0.531,-0.143,0.056,0.339
1002.0,University of Calgary,CAN,399.0,-0.117,low,36412.0,-0.073,-0.268,-0.29,-0.481,0.341,0.46,0.4,-0.233,0.483
73245.0,China University of Geosciences,CHN,402.0,0.142,medium,42909.0,0.274,-0.155,1.817,-0.337,-0.9,-1.724,0.401,2.534,-0.498
2182.0,Technical University of Denmark,DNK,404.0,-0.18,low,24919.0,0.361,-0.23,-0.141,-0.422,0.173,-0.307,-0.319,-0.268,0.198
1620.0,Wuhan University of Technology,CHN,405.0,0.261,medium,33585.0,-0.183,0.286,0.261,-0.163,-1.104,-0.728,0.694,2.661,-0.62
8122.0,Lunds University,SWE,407.0,-0.02,low,32347.0,1.169,0.032,-0.2,-0.497,0.943,0.315,-0.473,-0.268,-0.513
15537.0,University of Arizona,USA,408.0,0.011,medium,36051.0,-0.752,0.004,0.037,-0.477,1.616,0.933,-0.1,-0.188,1.606
8775.0,University of Liverpool,GBR,413.0,0.041,medium,28450.0,1.095,-0.221,-0.465,-0.428,1.533,0.374,0.291,-0.163,-0.026
8788.0,"Queen Mary, University of London",GBR,416.0,-0.102,low,26732.0,0.95,-0.277,-0.864,-0.432,0.87,-0.235,0.317,-0.268,-0.416
3067.0,Universitat Hamburg,DEU,419.0,0.121,medium,33384.0,-0.731,-0.137,-0.028,-0.48,2.1,0.696,1.864,-0.268,0.667
6865.0,Universidade do Porto,PRT,421.0,0.086,medium,39727.0,1.221,-0.23,-0.041,-0.274,0.01,0.516,0.574,0.121,-0.108
6220.0,University of Oslo,NOR,425.0,-0.13,low,33145.0,0.596,-0.202,-0.087,-0.501,0.962,0.286,-0.431,-0.268,-0.329
1282.0,China University of Mining and Technology,CHN,426.0,0.193,medium,37556.0,0.609,-0.137,2.55,-0.004,-1.188,-1.428,0.293,1.759,-0.553
6057.0,Wageningen University and Research Centre,NLD,428.0,-0.338,very low,22159.0,0.736,-0.324,-0.176,-0.522,0.247,-1.196,-0.852,-0.205,-0.967
84966.0,Universite PSL,FRA,430.0,-0.105,low,39441.0,0.685,-0.324,-0.143,-0.487,1.535,0.501,-0.455,-0.268,-0.016
13859.0,Michigan State University,USA,436.0,-0.274,very low,35558.0,-0.29,-0.24,-0.295,-0.368,0.538,0.002,-0.702,-0.226,-0.381
8854.0,Fergana Polytechnic Institute,UZB,438.0,0.475,medium,482.0,-1.491,-0.005,11.418,0.972,-1.3,-4.166,-1.413,-0.268,6.029
13200.0,California Institute of Technology,USA,449.0,-0.046,low,24917.0,-0.066,-0.221,0.78,-0.522,2.536,-0.788,0.187,-0.268,0.26
15486.0,University of Virginia,USA,451.0,-0.204,low,29666.0,-1.037,-0.108,-0.564,-0.454,1.059,0.938,-0.488,-0.08,0.163
1673.0,Zhejiang University of Technology,CHN,455.0,-0.281,very low,21933.0,-0.18,-0.334,0.115,-0.269,-1.098,-0.939,0.541,-0.268,-0.798
3029.0,Universitat Heidelberg,DEU,459.0,0.065,medium,28149.0,0.607,-0.334,-0.52,-0.488,2.299,1.461,0.632,-0.128,-0.21
1070.0,McMaster University,CAN,465.0,-0.067,low,32360.0,0.031,-0.165,-0.845,-0.45,0.49,0.888,0.621,-0.268,0.153
88348.0,Norwegian University of Science and Technology,NOR,470.0,-0.218,low,32274.0,0.459,-0.277,-0.013,-0.41,-0.418,-0.52,-0.568,-0.235,0.58
289.0,"University of Technology, Sydney",AUS,475.0,0.2,medium,27303.0,1.111,0.192,-0.738,-0.305,-0.612,-0.164,2.238,-0.268,-0.582
8754.0,University of Bristol,GBR,478.0,-0.132,low,30975.0,0.369,-0.296,-0.797,-0.488,0.947,0.732,-0.042,-0.268,0.093
1685.0,The Hong Kong University of Science and Technology,HKG,483.0,-0.112,low,22928.0,0.554,-0.221,-0.341,-0.452,-0.053,-1.109,0.963,-0.268,-0.093
13974.0,North Carolina State University,USA,484.0,-0.323,very low,27394.0,-0.095,-0.296,0.056,-0.454,-0.413,-0.846,-0.928,0.167,0.056
1606.0,University of Science and Technology Beijing,CHN,485.0,0.062,medium,34215.0,-0.141,0.089,0.722,-0.321,-1.023,-1.246,1.259,0.917,-0.543
2705.0,Universite Montpellier,FRA,485.0,-0.31,very low,31910.0,-0.17,-0.428,-0.151,-0.472,0.879,0.171,-0.866,-0.268,-0.038
9220.0,National University of Defense Technology,CHN,488.0,-0.16,low,27808.0,-0.488,-0.193,1.267,-0.097,-1.096,-0.819,0.16,-0.268,0.183
1490.0,Qingdao University,CHN,489.0,-0.171,low,28487.0,-0.604,-0.052,-0.005,0.401,-0.72,-1.375,-0.107,-0.268,-0.644
1091.0,University of Waterloo,CAN,491.0,-0.11,low,27381.0,-0.009,0.089,-0.393,-0.467,-0.478,0.3,0.122,-0.257,-0.014
8119.0,Royal Institute of Technology,SWE,497.0,-0.089,low,25852.0,0.656,-0.08,-0.203,-0.483,0.678,-0.431,0.007,-0.268,-0.202
35772.0,Universidad de Sevilla,ESP,499.0,-0.316,very low,23841.0,-0.875,-0.353,0.246,-0.307,-0.213,0.212,-0.955,0.345,-0.262
35804.0,Universitat de Valencia,ESP,500.0,-0.019,low,29488.0,-0.364,-0.071,-0.075,-0.363,1.106,1.242,-0.296,0.413,-0.282
1453.0,Nanjing Medical University,CHN,502.0,-0.226,low,33157.0,-1.158,-0.08,-0.944,0.529,-0.218,-0.185,-0.496,-0.268,-0.97
59309.0,"University of Colorado, Denver",USA,503.0,-0.212,low,33413.0,-0.212,-0.334,-1.087,-0.447,0.825,1.85,-0.431,-0.268,-0.215
4140.0,Tel Aviv University,ISR,507.0,-0.24,low,34680.0,-0.41,-0.296,-0.416,-0.47,0.484,0.672,-0.396,-0.268,0.272
1569.0,Southwest Jiaotong University,CHN,509.0,-0.001,low,31335.0,-0.371,0.079,1.545,-0.277,-1.08,-1.297,1.518,-0.268,-0.317
4204.0,Universita degli Studi di Torino,ITA,511.0,0.037,medium,32631.0,-0.562,-0.099,-0.009,-0.422,2.319,0.798,0.541,-0.015,-0.009
1763.0,National Taiwan University,TWN,513.0,-0.24,low,32170.0,0.143,-0.174,-0.366,-0.431,-0.132,-0.35,-0.461,-0.115,-0.314
4903.0,Hanyang University,KOR,514.0,-0.25,low,23168.0,-1.005,-0.061,-0.321,-0.324,0.013,-0.674,0.135,-0.166,-0.282
15452.0,University of Rochester,USA,524.0,0.087,medium,22015.0,-1.049,0.634,-0.576,-0.434,1.525,1.434,-0.219,-0.268,0.371
8741.0,The University of Sheffield,GBR,526.0,-0.181,low,27819.0,-0.14,-0.108,-0.677,-0.422,0.659,0.422,-0.441,-0.268,0.004
5007.0,Sungkyunkwan University,KOR,527.0,-0.114,low,25531.0,-0.399,-0.118,-0.375,-0.338,0.672,-0.068,0.764,-0.268,-0.652
15318.0,Virginia Polytechnic Institute and State University,USA,534.0,-0.208,low,26966.0,-0.596,0.314,-0.077,-0.464,-0.229,-0.574,-0.929,-0.268,0.284
35742.0,Universidad Autonoma de Madrid,ESP,536.0,-0.181,low,27576.0,-0.617,-0.437,-0.167,-0.443,1.562,0.826,-0.042,0.184,-0.488
59521.0,"Newcastle University, Newcastle upon Tyne",GBR,538.0,-0.187,low,24444.0,-0.077,-0.09,-0.867,-0.485,0.813,1.039,-0.627,-0.268,-0.307
1460.0,Nanjing University of Science and Technology,CHN,541.0,-0.023,low,31225.0,-0.354,0.136,0.283,-0.281,-1.133,-0.295,1.142,-0.268,-0.043
1237.0,Beijing Normal University,CHN,542.0,-0.247,low,39107.0,0.205,-0.268,0.264,-0.356,-0.521,-1.054,0.049,-0.268,-0.567
15503.0,University of Miami,USA,545.0,-0.286,very low,26991.0,-1.292,-0.306,-0.628,-0.384,0.591,0.774,0.089,-0.268,-0.135
10909.0,Osaka University,JPN,546.0,0.154,medium,36307.0,0.357,-0.099,0.404,-0.414,0.845,0.586,1.04,-0.236,1.184
59311.0,"University of Colorado, Boulder",USA,551.0,-0.078,low,27218.0,0.307,-0.071,0.133,-0.528,1.273,0.247,-0.561,-0.229,0.284
13185.0,Brown University,USA,553.0,-0.237,low,28179.0,-0.319,-0.315,-0.833,-0.462,0.597,0.533,0.134,-0.264,-0.404
8806.0,University of Southampton,GBR,556.0,-0.097,low,27537.0,0.309,-0.259,-0.568,-0.422,0.919,0.574,0.105,-0.268,0.076
13120.0,Baylor College of Medicine,USA,560.0,-0.159,low,27885.0,-0.227,-0.418,-1.051,-0.384,1.325,1.343,0.305,-0.268,-0.371
84845.0,Southern University of Science and Technology,CHN,561.0,-0.121,low,28555.0,1.969,-0.531,-0.619,-0.428,-0.223,-0.845,0.534,-0.268,-0.304
51270.0,University of Texas Southwestern Medical Center,USA,562.0,-0.17,low,25147.0,-0.356,-0.343,-0.951,-0.396,0.776,1.223,0.183,-0.268,0.076
1479.0,"Northeastern University, USA",USA,568.0,-0.203,low,17348.0,-0.092,0.032,-0.555,-0.464,0.413,-0.692,-0.35,-0.268,-0.145
1324.0,Guangdong University of Technology,CHN,569.0,-0.053,low,24237.0,-0.046,0.089,0.095,-0.25,-1.075,-0.978,1.282,-0.268,-0.577
8113.0,University of Gothenburg,SWE,573.0,-0.029,low,26941.0,1.595,-0.193,-0.276,-0.495,0.452,0.428,-0.055,-0.268,-0.595
4180.0,Universita degli Studi di Firenze,ITA,574.0,0.002,medium,29006.0,-0.61,-0.418,0.463,-0.347,1.566,0.355,0.707,0.577,0.21
8127.0,Stockholm University,SWE,578.0,-0.044,low,25574.0,1.563,-0.061,-0.296,-0.498,1.35,0.012,-0.777,-0.268,-0.61
2926.0,Friedrich-Alexander-Universitat Erlangen-Nurnberg,DEU,579.0,0.05,medium,28180.0,-0.363,-0.409,0.212,-0.428,1.05,0.26,2.231,-0.268,0.453
59308.0,"University of Colorado, Anschutz Medical Campus",USA,583.0,-0.319,very low,26141.0,-0.783,-0.409,-0.977,-0.461,0.809,1.688,-0.528,-0.268,-0.431
59481.0,"University of California, Santa Barbara",USA,584.0,0.065,medium,18123.0,-0.196,0.662,-0.299,-0.508,0.839,-0.388,0.004,-0.268,0.135
1525.0,Shanghai University,CHN,590.0,-0.117,low,32294.0,-0.096,-0.043,-0.087,-0.162,-1.004,-0.65,0.65,-0.268,-0.274
59469.0,"University of Illinois, Chicago",USA,593.0,-0.214,low,28676.0,0.264,-0.277,-0.639,-0.376,0.174,0.424,-0.438,-0.268,-0.178
15561.0,University of Georgia,USA,597.0,-0.437,very low,23244.0,-0.539,-0.353,-0.233,-0.478,-0.352,-0.324,-1.012,-0.079,-0.535
8132.0,Universitat Bern,CHE,600.0,-0.045,low,28097.0,0.966,-0.362,-0.245,-0.499,1.512,0.748,0.085,-0.268,-0.322
59506.0,Australian National University,AUS,604.0,-0.171,low,27122.0,0.981,-0.23,-0.279,-0.497,0.222,0.354,-0.578,-0.264,-0.63
59358.0,"University of Alabama, Birmingham",USA,605.0,-0.242,low,25820.0,-0.969,-0.381,-0.935,-0.347,0.893,1.686,0.09,-0.268,-0.525
260.0,Deakin University,AUS,607.0,-0.135,low,25821.0,0.648,-0.155,-0.385,-0.432,-0.338,-0.63,0.396,-0.222,-0.332
1086.0,University of Ottawa,CAN,610.0,-0.168,low,30794.0,-0.128,-0.24,-0.661,-0.462,0.193,0.912,0.069,-0.268,0.133
3024.0,Rheinisch-Westfalische Technische Hochschule Aachen,DEU,612.0,0.138,medium,28987.0,0.021,-0.09,0.392,-0.354,0.728,-0.039,1.892,-0.268,0.337
15306.0,Vanderbilt University,USA,613.0,-0.196,low,22878.0,-0.811,-0.428,-0.71,-0.449,1.798,0.279,-0.112,-0.268,1.452
1480.0,Northwest A and F University,CHN,614.0,-0.214,low,25248.0,0.299,-0.24,0.954,-0.434,-0.996,-1.825,0.789,-0.268,-0.888
15570.0,University of Iowa,USA,615.0,-0.104,low,25426.0,-0.791,-0.381,-0.277,-0.4,1.355,0.898,-0.036,0.637,0.207
1383.0,Huazhong Agricultural University,CHN,616.0,-0.027,low,18315.0,0.21,0.709,-0.019,-0.397,-0.737,-1.243,-0.167,-0.268,-0.746
9986.0,University of Athens,GRC,617.0,0.198,medium,27551.0,-0.367,-0.005,-0.151,-0.297,1.667,1.723,1.492,-0.268,0.222
11511.0,University of Auckland,NZL,618.0,-0.209,low,27942.0,-0.082,-0.202,-0.295,-0.459,0.064,0.472,-0.419,-0.234,0.098
35759.0,Universidad de Granada,ESP,620.0,-0.098,low,26392.0,-0.149,-0.249,0.369,-0.284,0.318,-0.036,-0.343,0.579,-0.148
35808.0,Universitat Politecnica de Catalunya,ESP,624.0,-0.092,low,25587.0,-0.68,-0.052,0.349,-0.415,1.182,0.015,-0.037,-0.125,0.274
59354.0,"University of Maryland, Baltimore",USA,626.0,-0.162,low,26621.0,-0.052,-0.014,-1.086,-0.298,0.543,0.947,-0.815,-0.268,-0.091
13227.0,Case Western Reserve University,USA,627.0,-0.219,low,24019.0,-0.699,-0.09,-1.073,-0.295,0.673,1.171,-0.857,-0.072,-0.175
3045.0,Technische Universitat Dresden,DEU,629.0,0.0,low,27393.0,-0.034,-0.287,-0.005,-0.458,1.057,0.181,1.288,-0.268,0.344
1470.0,North China Electric Power University,CHN,632.0,0.102,medium,25811.0,-1.077,0.859,0.99,-0.28,-0.88,-1.082,1.039,-0.268,-0.411
73025.0,Toyota Technological Institute at Chicago,USA,634.0,-0.392,very low,491.0,-0.581,0.032,-1.584,-0.545,-0.709,-0.922,-1.413,-0.268,1.886
1365.0,Hefei University of Technology,CHN,638.0,-0.272,very low,24240.0,-0.389,-0.09,-0.117,-0.308,-1.063,-0.965,0.166,-0.268,-0.545
81049.0,University of Pittsburgh Health Sciences,USA,643.0,-0.407,very low,18022.0,-0.729,-0.334,-1.01,-0.505,0.673,0.35,-0.805,-0.268,-0.533
278.0,The University of Western Australia,AUS,646.0,0.024,medium,29398.0,1.629,-0.23,-0.404,-0.476,0.248,0.778,0.52,-0.268,-0.612
10174.0,University College Dublin,IRL,647.0,-0.153,low,22547.0,0.292,-0.193,-0.23,-0.453,0.692,-0.312,0.051,-0.268,-0.394
275.0,The University of Adelaide,AUS,652.0,0.092,medium,28308.0,0.933,0.051,-0.628,-0.475,0.637,0.421,0.999,-0.15,-0.562
66647.0,"Northeastern University, China",CHN,655.0,-0.024,low,35980.0,-0.476,0.051,1.306,-0.198,-1.2,-1.574,1.725,-0.268,-0.483
4647.0,Tohoku University,JPN,656.0,-0.016,low,34204.0,0.285,-0.418,1.084,-0.414,0.474,-0.241,0.485,-0.203,1.395
8816.0,University of Warwick,GBR,657.0,0.032,medium,24610.0,0.707,0.136,-0.431,-0.437,0.906,0.117,-0.01,-0.268,0.123
15548.0,University of Cincinnati,USA,659.0,-0.237,low,25262.0,-1.256,-0.043,-0.583,-0.431,0.752,0.756,-0.341,-0.268,0.041
1560.0,South China Agricultural University,CHN,662.0,-0.373,very low,19730.0,-0.343,-0.428,0.219,-0.405,-0.805,-1.491,0.489,-0.268,-0.957
9834.0,Cardiff University,GBR,664.0,-0.201,low,23020.0,0.16,-0.193,-0.836,-0.429,0.632,0.869,-0.616,-0.268,-0.361
1317.0,Fuzhou University,CHN,666.0,-0.063,low,25903.0,0.142,0.014,0.043,-0.06,-0.928,-0.713,0.569,-0.268,-0.391
2675.0,Aix-Marseille Universite,FRA,667.0,0.259,medium,31140.0,0.488,0.549,0.013,-0.478,1.791,1.029,0.011,-0.265,0.505
322.0,Medizinische Universitat Wien,AUT,668.0,0.148,medium,20853.0,0.871,-0.447,-0.644,-0.488,1.708,1.065,1.947,-0.268,0.356
3026.0,Rheinische Friedrich-Wilhelms-Universitat Bonn,DEU,676.0,0.007,medium,24300.0,-0.246,-0.343,-0.061,-0.5,2.074,0.797,1.008,-0.268,0.399
8768.0,University of Exeter,GBR,679.0,-0.002,low,23604.0,0.556,0.399,-0.666,-0.523,0.478,0.117,-0.528,-0.268,0.207
78478.0,King Abdullah University of Science and Technology,SAU,680.0,0.107,medium,14566.0,0.615,-0.371,-0.052,-0.513,-0.011,-1.321,3.509,-0.268,0.098
7880.0,King Abdulaziz University,SAU,680.0,1.377,significant,32616.0,1.69,3.057,-0.483,0.856,-0.659,0.396,1.665,-0.133,0.081
14035.0,Oregon Health & Science University,USA,689.0,0.007,medium,20087.0,-0.472,-0.268,-1.317,-0.457,2.202,1.677,0.129,-0.268,2.239
1110.0,Universite de Montreal,CAN,692.0,-0.226,low,22997.0,-0.02,-0.259,-0.628,-0.475,0.79,0.593,-0.841,0.124,-0.341
1447.0,Nanchang University,CHN,693.0,0.004,medium,25263.0,-0.458,0.446,-0.305,0.238,-0.763,-1.068,0.314,-0.268,-0.587
59520.0,Karlsruher Institut fur Technologie,DEU,700.0,0.022,medium,26553.0,0.393,-0.221,0.73,-0.455,0.898,-0.546,1.1,-0.268,0.063
10407.0,Tehran University of Medical Sciences,IRN,701.0,0.879,medium,33108.0,0.237,0.267,-0.12,0.203,-0.747,0.536,1.236,6.62,-0.697
1451.0,Nanjing Forestry University,CHN,702.0,-0.279,very low,21700.0,0.013,-0.54,1.158,-0.37,-1.102,-0.999,0.69,-0.268,-0.793
1092.0,University of Western Ontario,CAN,707.0,-0.199,low,27452.0,0.017,-0.137,-0.49,-0.468,0.01,0.669,-0.178,-0.268,-0.617
4151.0,Politecnico di Milano,ITA,709.0,-0.074,low,30063.0,-0.284,-0.024,1.239,-0.373,-0.219,-1.187,0.224,-0.268,0.975
2825.0,Albert-Ludwigs-Universitat Freiburg im Breisgau,DEU,717.0,-0.13,low,19306.0,0.121,-0.277,-0.296,-0.51,1.312,0.377,0.048,-0.258,-0.108
1430.0,Kunming University of Science and Technology,CHN,718.0,-0.088,low,22625.0,-0.568,-0.146,0.736,-0.109,-1.025,-0.749,1.487,-0.268,-0.719
35809.0,Universitat Pompeu Fabra,ESP,720.0,-0.173,low,16408.0,-0.264,-0.456,-0.816,-0.45,1.945,0.751,0.035,0.053,-0.446
4197.0,Universita degli Studi di Pisa,ITA,723.0,-0.076,low,28184.0,-0.631,-0.437,0.477,-0.403,1.832,0.692,0.445,-0.059,0.198
1244.0,Beijing University of Technology,CHN,726.0,0.078,medium,29239.0,-0.485,0.427,0.773,-0.235,-1.114,-0.709,1.404,-0.268,-0.304
1379.0,Hohai University,CHN,727.0,-0.154,low,27999.0,-0.063,-0.014,0.863,-0.143,-1.22,-1.198,0.223,-0.268,-0.649
2838.0,Eberhard-Karls-Universitat Tubingen,DEU,729.0,-0.148,low,20164.0,0.554,-0.334,-0.35,-0.512,1.561,-0.001,-0.384,-0.268,0.081
15550.0,"University of Connecticut, Storrs",USA,730.0,-0.208,low,22892.0,-0.86,0.371,-0.525,-0.436,-0.225,-0.204,-0.695,-0.268,-0.046
2925.0,Freie Universitat Berlin,DEU,733.0,0.05,medium,24964.0,3.488,-0.371,-0.582,-0.474,0.639,-0.114,-0.445,-0.268,-0.359
271.0,Royal Melbourne Institute of Technology,AUS,733.0,0.047,medium,21781.0,0.392,0.681,-0.452,-0.36,-0.749,-0.861,0.114,-0.268,-0.118
81331.0,Universite Grenoble-Alpes,FRA,738.0,0.201,medium,32843.0,1.232,0.164,0.374,-0.442,1.632,0.808,-0.352,-0.268,0.764
830.0,Universidade Federal de Minas Gerais,BRA,739.0,-0.091,low,24666.0,-0.146,-0.184,0.294,-0.401,-0.282,0.702,-0.443,0.721,-0.083
10193.0,Weizmann Institute of Science,ISR,739.0,-0.152,low,8898.0,0.356,-0.587,-0.572,-0.534,2.026,0.062,0.228,-0.268,0.478
96616.0,Nanjing Tech University,CHN,742.0,-0.099,low,20808.0,1.009,-0.306,0.091,-0.448,-0.885,-1.048,1.42,-0.268,-0.826
2177.0,Aalborg University,DNK,745.0,0.034,medium,23441.0,0.021,-0.296,0.047,-0.412,-0.514,0.048,2.021,0.204,0.031
1234.0,Beijing Jiaotong University,CHN,753.0,-0.159,low,26412.0,-0.82,-0.277,0.717,-0.023,-1.178,-1.239,0.467,0.79,-0.6
90189.0,University of South Florida System,USA,757.0,-0.242,low,20302.0,-0.651,-0.259,-0.792,0.013,-0.108,0.29,-0.344,-0.268,-0.212
84843.0,ShanghaiTech University,CHN,758.0,-0.139,low,11419.0,2.42,-0.559,-0.642,-0.486,0.377,-0.904,-0.064,-0.268,-0.478
1435.0,Lanzhou University,CHN,758.0,-0.005,low,30828.0,0.095,0.352,0.042,-0.202,-0.222,-0.809,0.245,-0.268,-0.555
8702.0,Queen's University Belfast,GBR,760.0,-0.128,low,18165.0,0.545,-0.23,-0.682,-0.413,0.571,0.054,0.021,-0.268,-0.071
1334.0,Guangzhou Medical University,CHN,761.0,-0.427,very low,18398.0,-1.269,-0.475,-1.323,0.099,0.118,-0.731,-0.152,-0.268,-0.771
8025.0,Universidad del Pais Vasco,ESP,763.0,-0.018,low,24719.0,-0.647,0.549,0.044,-0.271,0.143,-0.026,-0.32,-0.256,-0.292
1309.0,East China Normal University,CHN,769.0,-0.22,low,26779.0,1.074,-0.259,-0.318,-0.37,-0.668,-0.72,-0.434,-0.268,-0.406
1241.0,Beijing University of Chemical Technology,CHN,781.0,-0.157,low,18641.0,-0.098,-0.606,-0.031,-0.442,-0.868,-1.006,0.843,1.612,-0.54
6051.0,Maastricht University,NLD,783.0,-0.059,low,21403.0,1.351,-0.324,-0.584,-0.47,0.752,0.289,0.262,-0.268,-0.498
99124.0,Indiana University-Indianapolis,USA,786.0,-0.223,low,18776.0,-0.495,-0.437,-0.827,-0.359,0.972,1.523,-0.326,-0.268,0.118
59355.0,"University of Massachusetts, Amherst",USA,788.0,-0.185,low,17632.0,-0.246,-0.118,-0.462,-0.489,0.55,0.155,0.183,-0.268,-0.617
270.0,Queensland University of Technology,AUS,789.0,-0.136,low,20782.0,1.239,-0.193,-0.567,-0.495,-0.285,-0.487,0.127,-0.16,-0.644
4951.0,Kyung Hee University,KOR,792.0,-0.176,low,21264.0,0.145,-0.55,-0.152,-0.204,-0.042,-0.254,0.869,-0.208,-0.567
2166.0,Charles University,CZE,797.0,0.015,medium,29616.0,-0.124,-0.221,0.069,-0.417,1.392,2.128,-0.501,0.468,0.019
59456.0,Indiana University-Bloomington,USA,798.0,-0.195,low,17328.0,-0.023,-0.315,-0.792,-0.488,1.26,0.994,-0.559,0.128,-0.617
1278.0,China Pharmaceutical University,CHN,800.0,0.292,medium,9995.0,-0.101,0.455,-0.77,-0.253,-0.993,-1.57,-0.523,4.863,-1.034
13330.0,"Colorado State University, Fort Collins",USA,801.0,-0.351,very low,20044.0,-0.599,-0.193,-0.257,-0.504,0.433,0.204,-1.009,-0.268,-0.486
58818.0,London School of Hygiene and Tropical Medicine,GBR,802.0,0.206,medium,18623.0,1.886,-0.155,-0.456,-0.495,1.504,0.511,1.162,-0.268,-0.093
7950.0,University of Ljubljana,SVN,804.0,-0.061,low,22215.0,-0.852,-0.221,0.048,-0.388,0.816,1.107,-0.873,1.61,-0.078
9514.0,Universitat Duisburg Essen,DEU,805.0,-0.02,low,19915.0,-0.777,0.014,-0.402,-0.477,1.037,0.973,0.681,-0.268,0.543
15466.0,University of South Florida,USA,806.0,-0.229,low,19061.0,-0.639,-0.259,-0.802,0.038,-0.161,0.322,-0.292,-0.268,-0.148
35788.0,Universitat Politecnica de Valencia,ESP,808.0,-0.139,low,18897.0,-0.492,-0.024,0.405,-0.194,-0.401,-0.705,-0.441,0.318,0.081
2985.0,Johannes Gutenberg-Universitat Mainz,DEU,810.0,0.283,medium,20542.0,-0.579,0.314,-0.071,-0.502,2.486,0.964,1.464,-0.268,1.169
8810.0,University of Surrey,GBR,812.0,-0.199,low,14480.0,0.851,-0.315,-0.746,-0.473,0.172,-0.76,0.097,-0.231,-0.297
67233.0,University of Minnesota Health and Medicine,USA,815.0,-0.452,very low,11965.0,-1.132,-0.259,-1.157,-0.432,0.176,0.655,-1.113,-0.268,-0.416
2978.0,Humboldt-Universitat zu Berlin,DEU,816.0,0.162,medium,23637.0,3.603,-0.249,-0.513,-0.495,1.334,-0.073,-0.249,-0.268,-0.205
15223.0,Temple University,USA,817.0,-0.22,low,17367.0,-0.897,0.07,-1.329,-0.365,0.433,1.112,-0.793,-0.114,0.029
15017.0,Rice University,USA,818.0,-0.143,low,12358.0,0.596,-0.212,-0.635,-0.529,1.147,-0.237,-0.139,-0.268,-0.118
1567.0,Southwest University,CHN,823.0,-0.221,low,22565.0,-0.037,-0.155,0.381,-0.3,-0.996,-1.079,0.405,-0.268,-0.798
8155.0,Universite de Geneve,CHE,830.0,0.014,medium,22554.0,1.156,-0.343,0.09,-0.499,1.984,0.478,0.168,-0.249,-0.359
13542.0,George Washington University,USA,832.0,-0.302,very low,20314.0,-0.951,-0.221,-0.927,-0.342,0.215,0.477,-0.639,0.028,0.019
1291.0,Chongqing University of Post and Telecommunications,CHN,838.0,0.309,medium,11310.0,-0.218,1.169,-0.066,-0.019,-1.195,-0.234,0.936,-0.268,-0.168
3502.0,VIT University,IND,843.0,0.058,medium,34677.0,-1.337,-0.052,0.76,1.508,-1.303,-0.667,-0.415,-0.268,0.684
59305.0,"State University of New York, Buffalo",USA,849.0,-0.281,very low,19542.0,-0.72,-0.287,-0.429,-0.43,0.285,0.894,-0.448,-0.268,-0.051
11779.0,China University of Petroleum,CHN,852.0,0.056,medium,22857.0,0.333,-0.061,1.167,-0.221,-1.066,-1.584,1.876,-0.268,-0.016
1449.0,Nanjing Agricultural University,CHN,853.0,-0.372,very low,19995.0,0.408,-0.428,0.134,-0.464,-0.84,-1.312,-0.122,-0.268,-1.034
2446.0,Aalto University,FIN,854.0,-0.091,low,16506.0,1.516,-0.202,-0.148,-0.492,-0.41,-0.567,0.151,-0.268,-0.309
68021.0,Eurecom,FRA,860.0,-0.334,very low,992.0,-1.161,-0.005,-0.162,-0.545,-0.251,-1.332,-1.413,-0.268,2.962
8156.0,Universite de Lausanne,CHE,862.0,-0.132,low,18212.0,1.011,-0.043,-0.539,-0.494,0.507,0.237,-0.81,-0.268,-0.476
263.0,Griffith University,AUS,869.0,-0.059,low,22717.0,0.682,0.342,-0.426,-0.387,-0.392,0.062,-0.573,-0.268,-0.62
4455.0,Kyushu University,JPN,873.0,0.185,medium,26474.0,-0.011,0.014,0.388,-0.198,0.667,0.068,0.882,0.374,0.789
15572.0,University of Kansas,USA,875.0,-0.149,low,22133.0,-0.888,-0.052,-0.47,-0.366,1.241,1.1,-0.366,-0.263,-0.031
3090.0,Westfalische Wilhelms-Universitat Munster,DEU,881.0,-0.037,low,21343.0,-0.421,-0.465,-0.328,-0.492,1.859,0.998,1.015,-0.268,0.846
2196.0,University of Southern Denmark,DNK,884.0,-0.05,low,22326.0,0.824,-0.024,-0.714,-0.463,0.057,1.021,-0.104,-0.268,-0.277
59361.0,"University of Tennessee, Knoxville",USA,889.0,-0.037,low,21748.0,-0.655,-0.362,-0.145,-0.445,1.845,-0.278,0.901,-0.268,1.837
6049.0,Eindhoven University of Technology,NLD,890.0,-0.14,low,17797.0,0.638,-0.052,0.196,-0.446,-0.526,-0.987,-0.466,-0.268,0.808
801.0,Universidade Estadual de Campinas,BRA,890.0,-0.133,low,29313.0,0.338,-0.381,0.348,-0.381,0.23,-0.252,-0.182,0.252,0.001
8820.0,University of York,GBR,890.0,-0.19,low,18009.0,0.062,0.07,-1.004,-0.487,0.566,0.619,-0.886,-0.268,-0.262
15566.0,University of Houston,USA,893.0,-0.172,low,15365.0,-0.087,-0.193,-0.275,-0.41,-0.004,-0.197,0.245,-0.268,0.046
13652.0,Iowa State University,USA,897.0,-0.347,very low,18502.0,-0.717,-0.24,0.166,-0.481,0.258,-0.42,-0.702,-0.268,-0.205
1458.0,Nanjing University of Information Science and Technology,CHN,898.0,-0.176,low,21908.0,0.647,-0.437,0.581,-0.107,-0.923,-0.729,0.258,-0.268,-0.682
343.0,Universitat Wien,AUT,905.0,-0.251,low,22316.0,0.853,-0.193,-0.226,-0.484,0.012,-0.218,-1.123,-0.259,-0.441
8149.0,Universitat Basel,CHE,905.0,-0.243,low,17243.0,0.793,-0.559,-0.511,-0.497,0.904,0.432,-0.366,-0.268,-0.662
3040.0,Technische Universitat Berlin,DEU,908.0,-0.226,low,18694.0,0.086,-0.353,-0.125,-0.45,-0.219,-0.073,-0.422,-0.268,1.03
13277.0,City University of New York,USA,912.0,-0.205,low,22782.0,-0.364,-0.052,-0.632,-0.408,-0.065,0.45,-0.573,-0.193,0.347
15574.0,University of Kentucky,USA,913.0,-0.386,very low,20688.0,-1.161,-0.221,-0.626,-0.306,0.124,0.304,-0.979,-0.268,-0.153
8112.0,Chalmers University of Technology,SWE,919.0,-0.183,low,15877.0,1.104,-0.381,0.126,-0.473,0.2,-0.619,-0.697,-0.268,0.54
8120.0,Linkoping University,SWE,921.0,-0.002,low,15879.0,1.04,0.22,-0.491,-0.496,-0.141,0.333,-0.311,-0.194,-0.14
77063.0,Universite Claude Bernard Lyon,FRA,921.0,0.038,medium,27255.0,2.283,-0.447,-0.212,-0.49,1.525,0.703,-0.543,-0.268,0.448
10175.0,Trinity College Dublin,IRL,926.0,-0.226,low,19530.0,0.599,-0.334,-0.727,-0.457,0.388,0.615,-0.7,-0.268,-0.232
819.0,Universidade Estadual Paulista Julio de Mesquita Filho,BRA,930.0,-0.031,low,31048.0,0.37,-0.127,1.472,-0.352,-0.429,-0.775,-0.794,1.29,-0.446
1652.0,Yangzhou University,CHN,937.0,-0.164,low,22857.0,0.253,-0.137,0.627,-0.264,-1.084,-1.107,0.322,-0.268,-0.461
15315.0,Virginia Commonwealth University,USA,938.0,0.179,medium,17449.0,-1.171,1.422,-0.753,-0.339,0.091,1.354,-0.433,-0.268,-0.538
1486.0,Ocean University of China,CHN,941.0,-0.186,low,22555.0,-0.299,-0.08,0.823,-0.323,-1.062,-1.441,0.702,-0.268,-0.543
1692.0,University of Macau,MAC,942.0,-0.103,low,15612.0,0.379,-0.23,-0.848,-0.381,-0.653,-0.954,1.936,-0.268,-0.796
4160.0,Universita Cattolica del Sacro Cuore,ITA,948.0,0.145,medium,21031.0,-0.525,-0.381,-0.285,0.021,1.145,0.543,2.51,-0.074,-0.118
59478.0,"University of California, Riverside",USA,949.0,-0.257,low,15456.0,-0.217,-0.249,-0.27,-0.41,0.823,-0.192,-0.619,-0.268,-0.155
8231.0,Mahidol University,THA,950.0,-0.138,low,21533.0,-0.039,-0.409,-0.259,-0.131,-0.13,0.708,-0.374,-0.099,0.925
13544.0,Georgetown University,USA,955.0,-0.373,very low,15887.0,-1.137,-0.024,-1.346,-0.414,-0.081,1.199,-1.175,-0.268,-0.274
3006.0,Medizinische Hochschule Hannover,DEU,964.0,0.155,medium,13045.0,-0.514,-0.09,-0.743,-0.401,1.921,1.522,1.618,-0.268,0.881
4388.0,Keio University,JPN,965.0,0.156,medium,19458.0,0.154,0.004,-0.087,-0.347,0.457,0.775,1.571,-0.268,0.428
1119.0,Laval University,CAN,966.0,-0.271,very low,17485.0,-0.574,-0.24,-0.431,-0.474,0.156,0.477,-0.559,-0.268,0.508
7917.0,Singapore Management University,SGP,968.0,-0.258,low,4426.0,-0.691,0.183,-0.745,-0.486,-1.044,-0.282,0.078,-0.268,-0.471
2933.0,Heinrich Heine Universitat Dusseldorf,DEU,972.0,-0.06,low,15776.0,-0.759,-0.249,-0.633,-0.436,1.4,0.928,0.846,-0.268,0.714
15269.0,Tufts University,USA,974.0,-0.265,very low,16531.0,-0.139,-0.437,-0.701,-0.425,0.652,0.694,-0.377,-0.268,-0.051
4331.0,Hokkaido University,JPN,975.0,0.033,medium,25101.0,-0.067,0.23,0.137,-0.441,0.342,0.495,0.223,-0.135,0.034
1739.0,National Yang Ming Chiao Tung University,TWN,976.0,-0.012,low,25898.0,0.823,0.108,0.088,-0.344,-0.455,-0.307,0.086,-0.268,-0.11
78674.0,Singapore University of Technology and Design,SGP,977.0,-0.006,low,5246.0,0.127,-0.277,-0.487,-0.486,-0.855,-0.522,2.491,-0.268,0.657
11038.0,Institute of Science Tokyo,JPN,983.0,-0.047,low,28568.0,0.256,-0.409,0.417,-0.377,0.675,0.22,0.364,-0.246,0.962
15543.0,University of Central Florida,USA,985.0,-0.257,low,17549.0,-0.804,-0.259,-0.426,-0.272,-0.456,0.495,-0.319,-0.268,0.659
6759.0,Jagiellonian University,POL,988.0,-0.152,low,22404.0,-0.714,-0.362,0.598,-0.469,0.747,1.149,-0.324,0.404,-0.212
6876.0,Qatar University,QAT,988.0,0.131,medium,14416.0,-0.67,0.371,-0.537,0.093,-0.757,-0.631,1.77,-0.268,0.294
59279.0,"State University of New York, Stony Brook",USA,993.0,-0.106,low,18902.0,-0.641,0.061,-0.443,-0.44,1.37,0.708,-0.181,-0.268,-0.178
1311.0,East China University of Science and Technology,CHN,994.0,0.091,medium,20473.0,0.301,-0.493,0.078,-0.285,-1.068,-0.8,1.732,2.174,-0.709
2305.0,Cairo University,EGY,997.0,0.809,medium,32169.0,1.334,1.798,0.583,0.863,-0.63,0.211,-0.311,-0.268,0.265
852.0,Universidade Federal do Rio de Janeiro,BRA,1001.0,0.008,medium,27156.0,0.24,-0.306,0.511,-0.38,0.304,0.33,-0.233,1.271,-0.195
3075.0,Universitat Leipzig,DEU,1003.0,-0.047,low,19787.0,-0.259,-0.184,-0.445,-0.469,1.172,0.664,0.597,-0.268,0.503
6052.0,University of Twente,NLD,1005.0,-0.152,low,15878.0,0.625,0.136,-0.382,-0.44,-0.482,-0.509,-0.75,-0.268,0.068
1010.0,Simon Fraser University,CAN,1008.0,-0.199,low,14407.0,0.073,-0.155,-0.261,-0.476,0.721,-0.029,-0.553,-0.268,-0.071
2984.0,Johann Wolfgang Goethe-Universitat Frankfurt am Main,DEU,1013.0,-0.108,low,20987.0,-0.459,-0.475,-0.358,-0.5,1.902,0.792,0.759,-0.268,0.284
1612.0,Wenzhou Medical University,CHN,1013.0,-0.12,low,17989.0,-0.922,0.22,-0.884,0.52,-0.351,-0.506,-0.323,-0.268,-1.029
2700.0,Universite de Strasbourg,FRA,1016.0,-0.165,low,17859.0,-0.703,-0.202,-0.121,-0.469,1.696,1.097,-0.413,-0.268,-0.12
1348.0,Harbin Engineering University,CHN,1020.0,-0.049,low,21022.0,-0.187,0.211,0.932,-0.021,-1.155,-1.529,0.32,-0.268,-0.14
3108.0,Aristotle University of Thessaloniki,GRC,1021.0,-0.034,low,23136.0,-0.531,-0.277,0.288,-0.2,0.576,0.586,0.661,-0.268,0.61
8773.0,University of Leicester,GBR,1023.0,0.047,medium,15362.0,0.368,-0.296,-0.989,-0.372,1.126,1.573,1.171,-0.268,-0.046
14037.0,Oregon State University,USA,1028.0,-0.35,very low,15969.0,-0.533,-0.052,-0.469,-0.496,0.091,0.388,-1.413,-0.268,-0.289
259.0,Curtin University,AUS,1031.0,-0.028,low,23024.0,1.646,-0.174,-0.275,-0.373,-0.211,0.025,0.144,-0.268,-0.6
15528.0,University of Notre Dame,USA,1036.0,-0.268,very low,13821.0,-0.602,-0.296,0.016,-0.504,0.848,-0.192,-0.379,-0.206,0.135
1330.0,Guangxi University,CHN,1037.0,-0.222,low,21375.0,0.884,-0.616,0.302,-0.369,-0.54,-1.072,0.82,-0.268,-0.836
3086.0,Universitat Ulm,DEU,1039.0,0.002,medium,14313.0,-0.523,-0.353,-0.354,-0.436,1.201,1.199,1.424,-0.268,0.592
35787.0,Universidad Politecnica de Madrid,ESP,1041.0,-0.311,very low,19078.0,-0.416,-0.371,0.039,-0.255,0.173,-0.212,-0.963,-0.268,0.322
15529.0,University of Oklahoma,USA,1042.0,-0.241,low,17873.0,-0.771,-0.24,-0.479,-0.388,0.582,0.457,-0.429,-0.124,0.262
2986.0,Julius-Maximilians-Universitat Wurzburg,DEU,1043.0,0.109,medium,17592.0,-0.556,-0.54,-0.313,-0.51,3.372,0.383,1.549,-0.268,2.567
1459.0,Nanjing University of Posts and Telecommunications,CHN,1044.0,-0.046,low,17248.0,0.296,-0.418,0.149,-0.028,-1.017,0.033,1.489,-0.268,-0.505
4973.0,Pohang University of Science and Technology,KOR,1045.0,-0.119,low,11694.0,0.266,0.164,-0.087,-0.492,-0.39,-0.994,0.173,-0.268,-0.277
266.0,Macquarie University,AUS,1047.0,0.014,medium,21739.0,1.211,0.126,-0.515,-0.483,0.067,0.391,0.031,-0.268,-0.438
77646.0,Chongqing Medical University,CHN,1049.0,-0.246,low,19943.0,-1.461,0.042,-0.871,0.45,-0.349,-0.611,-0.449,-0.268,-0.789
7972.0,University of Cape Town,ZAF,1052.0,0.194,medium,21627.0,1.619,-0.118,-0.138,-0.483,1.402,2.115,0.149,-0.268,0.14
9240.0,Shanghai Medical College of Fudan University,CHN,1057.0,-0.554,very low,5241.0,-1.249,-0.691,-1.509,0.053,-0.15,-1.447,-0.104,-0.268,-0.798
2716.0,"Universite Paul Sabatier, Toulouse III",FRA,1059.0,-0.046,low,21973.0,-0.731,0.53,-0.088,-0.467,0.909,0.65,-0.88,-0.268,0.051
8750.0,University of Bath,GBR,1061.0,-0.167,low,13089.0,0.284,0.23,-0.697,-0.477,-0.271,-0.53,-0.856,-0.268,0.369
6873.0,Universidade Nova de Lisboa,PRT,1068.0,-0.139,low,21434.0,1.185,-0.493,-0.15,-0.297,-0.184,-0.047,-0.364,-0.073,0.255
59365.0,"University of Nebraska, Lincoln",USA,1072.0,-0.136,low,13726.0,-0.36,0.324,-0.324,-0.462,0.308,-0.079,-0.685,-0.23,-0.175
59256.0,University of Texas at San Antonio,USA,1082.0,-0.067,low,17139.0,-0.65,0.23,-1.307,-0.32,0.215,1.835,-0.176,-0.268,0.004
1708.0,"China Medical University, Taichung",TWN,1084.0,0.939,medium,18663.0,4.04,0.568,-0.043,0.3,-0.774,-1.046,4.186,-0.268,0.123
5201.0,"University of Science, Malaysia",MYS,1089.0,0.515,medium,26457.0,0.437,0.202,0.084,1.255,-1.039,-0.088,-0.004,2.125,0.004
7905.0,University of Belgrade,SRB,1090.0,-0.027,low,24867.0,-0.805,-0.324,0.377,0.024,0.648,1.763,-0.306,0.502,-0.259
5187.0,Universiti Kebangsaan Malaysia,MYS,1091.0,0.719,medium,23373.0,0.312,0.042,0.369,1.122,-0.704,0.028,0.391,4.356,-0.165
1345.0,Hainan University,CHN,1094.0,-0.269,very low,16890.0,1.131,-0.616,0.057,-0.078,-0.961,-1.252,-0.269,-0.268,-0.396
10183.0,Hebrew University of Jerusalem,ISR,1097.0,-0.399,very low,20290.0,-0.317,-0.306,-0.252,-0.478,-0.305,-0.065,-1.112,-0.268,-0.215
79366.0,Universite de Bordeaux,FRA,1102.0,-0.344,very low,19165.0,-0.268,-0.512,-0.688,-0.436,1.08,0.783,-1.181,-0.263,0.188
8808.0,University of Strathclyde,GBR,1102.0,-0.214,low,14302.0,0.119,-0.174,-0.23,-0.384,-0.182,0.034,-0.609,-0.268,0.2
2927.0,Friedrich-Schiller-Universitat Jena,DEU,1106.0,-0.037,low,18267.0,-0.402,-0.428,-0.344,-0.348,1.054,1.165,0.952,-0.268,0.771
4182.0,Universita degli Studi di Genova,ITA,1112.0,0.124,medium,22440.0,-0.934,-0.137,0.341,-0.289,2.431,1.177,1.21,-0.268,0.498
1172.0,Universidad de Chile,CHL,1113.0,0.033,medium,18929.0,0.922,-0.08,0.081,-0.421,0.022,0.564,-1.229,1.152,0.461
4495.0,Nagoya University,JPN,1118.0,0.179,medium,27594.0,-0.045,-0.324,0.495,-0.418,1.373,0.919,1.185,0.792,0.548
2131.0,University of Zagreb,HRV,1126.0,0.001,medium,23662.0,-1.094,0.023,0.554,-0.309,0.19,0.715,-0.85,1.773,-0.001
84025.0,Qilu University of Technology,CHN,1139.0,-0.24,low,13840.0,0.636,-0.447,-0.648,-0.123,-1.05,-0.697,0.279,-0.268,-0.535
13391.0,Dartmouth College,USA,1144.0,-0.374,very low,14710.0,-0.641,-0.306,-0.736,-0.485,0.425,0.309,-0.847,-0.268,-0.2
1475.0,Northeast Agricultural University,CHN,1146.0,0.152,medium,10434.0,-0.34,0.756,1.698,-0.045,-1.101,-2.353,1.256,-0.268,-0.848
4956.0,Kyungpook National University,KOR,1150.0,-0.226,low,18015.0,-0.882,-0.024,0.042,-0.27,0.074,-0.619,-0.214,-0.268,-0.066
2928.0,Georg-August-Universitat Gottingen,DEU,1153.0,-0.107,low,16279.0,0.781,-0.381,-0.324,-0.491,1.24,0.446,0.042,-0.268,-0.364
2454.0,University of Oulu,FIN,1155.0,-0.03,low,14042.0,1.328,-0.212,-0.18,-0.445,0.33,-0.117,0.23,-0.268,-0.153
1073.0,Queen's University,CAN,1160.0,-0.188,low,18459.0,-0.223,-0.137,-0.566,-0.401,0.505,1.134,-0.623,-0.268,-0.173
3978.0,University of Tehran,IRN,1161.0,0.165,medium,28594.0,-0.575,0.587,0.282,-0.184,-1.19,-0.551,-0.444,2.198,-0.386
4152.0,Politecnico di Torino,ITA,1164.0,-0.206,low,19434.0,-0.41,-0.306,1.684,-0.392,-0.277,-1.451,-0.279,-0.252,1.213
4187.0,Universita degli Studi di Milano-Bicocca,ITA,1168.0,-0.013,low,19743.0,-0.634,-0.23,-0.322,-0.463,2.393,1.487,0.711,-0.268,-0.195
1150.0,Pontificia Universidad Catolica de Chile,CHL,1171.0,0.14,medium,17681.0,0.878,-0.174,-0.068,-0.472,0.601,1.343,-0.779,1.976,-0.289
71665.0,Universite du Quebec en Quebec,CAN,1172.0,-0.089,low,25993.0,0.096,0.079,0.02,-0.393,-0.542,-0.392,0.121,-0.268,0.332
59253.0,"University of Texas, Health Science Center at Houston",USA,1172.0,-0.153,low,17095.0,-0.15,-0.08,-1.13,-0.42,0.816,0.986,-0.11,-0.268,-0.508
6045.0,Radboud University Nijmegen,NLD,1176.0,-0.075,low,18463.0,1.207,-0.315,-0.198,-0.529,1.34,0.234,-0.194,-0.268,-0.356
10173.0,University College Cork,IRL,1176.0,-0.22,low,12434.0,0.164,-0.221,-0.666,-0.436,-0.015,0.64,-0.438,-0.268,-0.207
59347.0,UMass Chan Medical School,USA,1179.0,-0.404,very low,10096.0,-0.283,-0.475,-1.328,-0.411,0.691,0.707,-1.071,-0.268,-0.416
35769.0,Universidad de Navarra,ESP,1182.0,-0.053,low,9238.0,-0.566,-0.418,-0.973,-0.433,1.293,0.926,-0.064,1.629,-0.061
6219.0,University of Bergen,NOR,1182.0,-0.09,low,17868.0,0.431,-0.362,-0.225,-0.469,1.446,0.98,-0.472,-0.268,0.664
527.0,University of Antwerp,BEL,1188.0,0.007,medium,18423.0,1.84,-0.465,-0.384,-0.424,0.992,0.649,0.389,-0.233,-0.627
66784.0,"Washington State University, Pullman",USA,1188.0,-0.333,very low,14324.0,-0.188,-0.005,-0.512,-0.487,-0.338,-0.333,-1.093,-0.268,-0.396
6859.0,Universidade de Coimbra,PRT,1193.0,0.245,medium,20204.0,1.717,0.22,0.217,-0.3,0.314,-0.021,-0.482,0.935,-0.066
4133.0,Technion - Israel Institute of Technology,ISR,1195.0,-0.183,low,19218.0,-0.822,-0.249,-0.023,-0.45,0.047,-0.041,-0.365,-0.268,2.574
2458.0,Tampere University,FIN,1196.0,-0.228,low,14675.0,0.342,-0.324,-0.204,-0.42,0.062,0.028,-0.309,-0.268,-0.349
8211.0,Chulalongkorn University,THA,1201.0,0.076,medium,19834.0,-0.226,-0.212,0.21,-0.034,-0.124,-0.049,0.065,1.954,-0.702
59380.0,University of South Carolina,USA,1207.0,-0.374,very low,15862.0,-0.579,-0.24,-0.655,-0.411,-0.3,0.257,-0.736,-0.268,-0.54
1029.0,University of Manitoba,CAN,1210.0,-0.208,low,18981.0,-0.218,-0.409,-0.39,-0.331,0.454,0.913,-0.217,-0.268,0.041
59251.0,"University of Texas, Dallas",USA,1211.0,-0.215,low,10879.0,-0.296,-0.306,0.053,-0.478,0.346,-0.432,-0.095,-0.268,0.806
1466.0,Ningbo University,CHN,1212.0,-0.225,low,22722.0,0.114,-0.428,0.283,-0.021,-1.049,-0.867,0.438,-0.268,-0.789
80635.0,Ulsan National Institute of Science and Technology,KOR,1215.0,-0.524,very low,8209.0,-0.757,-0.691,-0.87,-0.501,0.347,-0.175,-0.291,-0.268,-1.002
84802.0,Universite de Lille,FRA,1218.0,-0.098,low,20280.0,-0.326,0.38,-0.838,-0.44,0.518,0.755,-1.163,-0.268,0.597
1465.0,Nantong University,CHN,1221.0,-0.125,low,14140.0,-0.065,-0.155,-0.479,0.5,-0.894,-0.232,-0.43,-0.268,-0.436
78564.0,Florida State University,USA,1224.0,-0.365,very low,16703.0,-0.589,-0.249,-0.21,-0.464,0.412,-0.614,-0.779,-0.249,-0.297
3088.0,Universitat zu Koln,DEU,1225.0,-0.338,very low,14445.0,-0.124,-0.353,-0.642,-0.517,1.228,0.237,-1.127,-0.268,-0.359
1214.0,Anhui University,CHN,1226.0,-0.233,low,16235.0,0.082,-0.4,-0.212,-0.33,-0.791,-0.633,0.776,-0.268,-0.493
1335.0,Guangzhou University,CHN,1234.0,-0.223,low,16383.0,0.323,-0.277,0.205,0.016,-0.964,-1.453,-0.01,-0.268,-0.741
91409.0,Peking University Shenzhen Graduate School,CHN,1239.0,-0.352,very low,6301.0,0.248,-0.447,-1.091,-0.454,-0.226,-1.273,0.278,-0.268,-0.468
4195.0,Universita degli Studi di Pavia,ITA,1242.0,-0.051,low,18458.0,-0.4,-0.522,0.195,-0.33,2.282,0.429,1.144,-0.268,-0.433
1346.0,Hangzhou Dianzi University,CHN,1244.0,0.023,medium,13414.0,0.068,0.314,-0.121,-0.031,-0.979,-0.291,0.242,-0.268,0.011
8731.0,University of Dundee,GBR,1248.0,-0.243,low,7903.0,0.172,-0.287,-0.968,-0.446,0.946,0.525,-0.681,-0.268,-0.297
70162.0,"Weill Cornell Medicine, Qatar",QAT,1249.0,0.079,medium,2659.0,1.724,-0.663,-0.732,0.005,0.745,-0.288,1.133,-0.268,0.627
8765.0,University of East Anglia,GBR,1254.0,-0.027,low,10804.0,0.163,0.709,-1.153,-0.483,0.565,0.212,-1.141,-0.268,0.001
5189.0,University of Malaya,MYS,1258.0,0.443,medium,23689.0,0.351,0.746,-0.52,0.484,-0.059,1.063,0.203,0.598,-0.339
854.0,Universidade Federal do Rio Grande do Sul,BRA,1267.0,-0.088,low,23881.0,-0.043,-0.306,0.134,-0.39,0.089,0.842,-0.627,1.02,-0.125
59399.0,"University of Missouri, Columbia",USA,1270.0,-0.334,very low,15874.0,-0.703,0.089,-0.669,-0.358,-0.378,-0.392,-0.898,-0.268,-0.605
35775.0,Universidad de Zaragoza,ESP,1277.0,-0.316,very low,16046.0,-0.598,-0.118,0.047,-0.35,-0.36,-0.561,-1.064,0.12,-0.262
1511.0,Shandong University of Science and Technology,CHN,1280.0,-0.134,low,19374.0,0.413,-0.465,0.902,0.263,-1.212,-1.273,0.434,-0.268,-0.515
15519.0,University of New Mexico,USA,1282.0,-0.084,low,16060.0,-0.734,-0.071,-0.373,-0.354,1.178,0.659,-0.305,0.562,-0.346
292.0,University of Wollongong,AUS,1289.0,-0.065,low,16618.0,0.933,-0.362,-0.757,-0.413,-0.34,-0.083,1.137,-0.067,-0.294
4199.0,Universita degli Studi di Roma Tor Vergata,ITA,1290.0,0.155,medium,20761.0,-0.237,-0.071,0.297,-0.168,2.065,0.577,0.902,-0.268,0.466
15348.0,Wayne State University,USA,1290.0,-0.08,low,16399.0,-0.566,0.061,-0.508,-0.332,1.223,0.827,-0.205,-0.256,-0.133
4984.0,Sejong University,KOR,1293.0,0.076,medium,11464.0,-0.597,-0.099,-0.402,0.038,0.647,-0.742,2.287,-0.24,-0.441
1049.0,Dalhousie University,CAN,1299.0,-0.242,low,19163.0,-0.018,-0.24,-0.605,-0.461,0.464,0.788,-0.754,-0.251,-0.168
1097.0,York University,CAN,1302.0,-0.212,low,15373.0,-0.409,-0.09,-0.298,-0.447,0.161,0.04,-0.322,-0.268,0.183
1561.0,South China Normal University,CHN,1305.0,-0.219,low,15493.0,0.263,-0.475,-0.289,-0.242,0.083,-0.725,0.389,-0.268,-0.406
5198.0,University Putra Malaysia,MYS,1307.0,0.524,medium,21920.0,0.294,0.004,0.147,0.947,-1.066,-0.246,-0.01,3.632,0.001
6075.0,University of Otago,NZL,1311.0,-0.274,very low,17193.0,-0.012,-0.221,-0.293,-0.485,-0.051,0.754,-0.661,-0.268,-0.739
1736.0,National Cheng Kung University,TWN,1316.0,-0.104,low,17422.0,0.304,0.136,-0.112,-0.285,-0.648,-0.379,-0.293,-0.145,-0.359
4171.0,Universita degli Studi di Bari,ITA,1317.0,0.086,medium,19827.0,0.059,-0.503,0.839,-0.203,2.284,0.382,1.074,-0.268,0.312
35768.0,Universidad de Murcia,ESP,1318.0,-0.074,low,11434.0,-0.862,-0.212,0.339,-0.335,-0.386,0.345,-0.424,2.074,-0.736
265.0,La Trobe University,AUS,1321.0,-0.165,low,16858.0,1.566,-0.362,-0.587,-0.428,-0.168,0.596,-0.563,-0.236,-0.786
2157.0,Masaryk University,CZE,1323.0,0.112,medium,13847.0,0.178,-0.174,-0.11,-0.345,0.188,1.358,-1.1,2.807,-0.533
4851.0,Chung-Ang University,KOR,1326.0,-0.425,very low,14413.0,-1.333,-0.24,-0.435,-0.241,-0.309,-0.625,-0.666,-0.238,-0.259
7981.0,"University of the Witwatersrand, Johannesburg",ZAF,1332.0,0.024,medium,21553.0,1.295,-0.324,0.204,-0.373,0.908,1.228,-0.173,-0.268,-0.123
3232.0,All India Institute of Medical Sciences,IND,1342.0,-0.045,low,30396.0,-1.426,-0.09,-0.79,-0.006,-0.618,1.83,1.528,-0.268,-0.433
59482.0,"University of California, Santa Cruz",USA,1349.0,0.067,medium,12068.0,-0.196,0.173,0.124,-0.515,2.683,0.947,0.014,-0.268,-0.503
4878.0,Gachon University,KOR,1349.0,-0.445,very low,10842.0,-1.312,-0.512,-0.398,0.023,-0.615,-0.509,-0.302,-0.268,-0.625
1491.0,Qingdao University of Science and Technology,CHN,1353.0,-0.25,low,12009.0,0.291,-0.493,-0.016,-0.28,-1.177,-1.193,1.034,-0.268,-0.644
1570.0,Southwest Petroleum University,CHN,1354.0,-0.111,low,13664.0,0.085,-0.465,1.951,-0.167,-1.074,-1.459,0.649,-0.268,0.895
15326.0,Wake Forest University,USA,1354.0,-0.238,low,15017.0,-1.597,-0.184,-0.908,-0.18,0.792,1.392,-0.068,-0.268,-0.356
3028.0,Ruhr-Universitat Bochum,DEU,1358.0,0.065,medium,20985.0,-0.129,-0.174,0.493,-0.423,1.051,0.095,0.86,-0.268,1.467
574.0,Catholic University of Louvain,BEL,1363.0,-0.005,low,16668.0,0.253,0.183,-0.526,-0.467,1.121,1.117,-0.672,-0.126,0.058
1374.0,Henan University,CHN,1369.0,-0.235,low,13333.0,0.136,0.042,-0.532,-0.044,-0.58,-0.826,-1.049,-0.268,-0.471
8763.0,University of Durham,GBR,1369.0,-0.266,very low,17260.0,0.306,-0.23,-0.259,-0.497,0.453,-0.332,-0.688,-0.268,-0.513
12010.0,Lomonosov Moscow State University,RUS,1375.0,0.169,medium,42588.0,0.41,-0.137,2.538,-0.234,-0.061,0.812,-0.628,-0.031,2.341
4178.0,Universita degli Studi di Catania,ITA,1376.0,0.161,medium,17283.0,-1.074,0.305,0.611,-0.213,2.063,0.335,0.771,-0.206,0.247
8690.0,Loughborough University,GBR,1381.0,-0.353,very low,11463.0,0.093,-0.249,-0.847,-0.381,-0.63,-0.339,-1.003,-0.268,0.138
88420.0,Albert Einstein College of Medicine,USA,1387.0,-0.094,low,13051.0,-0.234,-0.052,-1.203,-0.341,0.675,0.852,0.39,-0.268,-0.314
67780.0,Korea University of Science and Technology,KOR,1387.0,-0.596,very low,9709.0,-0.518,-0.54,-0.413,-0.416,-0.166,-1.18,-1.377,-0.268,-0.928
2462.0,University of Turku,FIN,1389.0,0.088,medium,16382.0,1.745,0.014,-0.272,-0.408,0.882,0.24,0.097,-0.268,-0.684
1277.0,"China Medical University, Shenyang",CHN,1389.0,-0.183,low,16884.0,-1.301,0.465,-1.293,0.417,-0.271,-0.744,-0.836,-0.268,-1.005
273.0,Swinburne University of Technology,AUS,1396.0,0.155,medium,13998.0,0.938,0.333,-0.469,-0.34,-0.199,-0.647,1.397,-0.268,-0.349
70345.0,Universite de Lorraine,FRA,1399.0,-0.261,low,20342.0,-0.29,-0.475,-0.196,-0.358,-0.049,0.679,-0.425,-0.268,0.592
13541.0,George Mason University,USA,1399.0,-0.347,very low,13196.0,-0.731,-0.09,-0.561,-0.47,-0.201,0.524,-1.297,-0.268,0.299
59368.0,"University of Hawaii, Manoa",USA,1401.0,-0.174,low,15302.0,-0.408,-0.362,-0.18,-0.426,1.714,0.875,-0.078,-0.268,-0.495
58817.0,London School of Economics and Political Science,GBR,1403.0,-0.299,very low,9881.0,0.726,-0.061,-1.021,-0.476,-0.755,-0.763,-1.043,-0.268,-0.001
4698.0,University of Tsukuba,JPN,1406.0,0.03,medium,20416.0,-0.055,-0.268,0.117,-0.364,1.14,1.762,0.279,-0.243,0.674
8683.0,Lancaster University,GBR,1408.0,-0.135,low,14813.0,0.381,-0.118,-0.748,-0.485,1.105,0.774,-0.501,-0.268,-0.416
6772.0,University of Warsaw,POL,1408.0,-0.023,low,17564.0,-0.322,-0.306,0.455,-0.441,0.903,1.4,-0.603,0.95,0.339
1545.0,Shenyang Pharmaceutical University,CHN,1408.0,-0.286,very low,5189.0,0.093,-0.569,0.069,-0.274,-1.139,-1.659,0.577,0.581,-0.992
8129.0,Umea University,SWE,1412.0,-0.063,low,13352.0,1.084,0.258,-0.85,-0.483,0.608,1.034,-1.308,-0.268,-0.689
13432.0,Drexel University,USA,1417.0,-0.265,very low,12436.0,-0.536,-0.193,-0.677,-0.289,0.366,-0.162,-0.39,-0.268,-0.128
1552.0,Sichuan Agricultural University,CHN,1423.0,0.052,medium,11901.0,-0.591,0.286,0.299,0.012,0.264,-1.396,1.334,-0.268,-0.848
78568.0,"New York University, Abu Dhabi",ARE,1431.0,-0.058,low,5050.0,0.423,0.286,-0.133,-0.442,0.671,-0.082,-0.706,-0.268,-0.458
276.0,The University of Newcastle,AUS,1436.0,-0.06,low,16962.0,0.77,-0.118,-0.799,-0.416,-0.017,0.723,0.501,-0.262,-0.764
1258.0,Chang'an University,CHN,1440.0,-0.111,low,19820.0,-0.281,-0.137,1.153,-0.153,-1.255,-0.955,-0.382,1.11,-0.632
2987.0,Justus-Liebig-Universitat Giessen,DEU,1452.0,0.165,medium,14041.0,-0.165,0.267,-0.205,-0.493,2.453,1.201,0.27,-0.268,0.538
8739.0,The University of Reading,GBR,1453.0,-0.269,very low,10797.0,0.567,-0.014,-0.641,-0.449,-0.112,-0.541,-1.226,-0.268,-0.341
3650.0,University of Indonesia,IDN,1455.0,0.322,medium,20467.0,-0.803,-0.277,-0.288,1.989,-0.73,0.389,-0.415,1.765,-0.314
1343.0,Guizhou University,CHN,1456.0,-0.145,low,19652.0,0.146,-0.127,0.854,0.048,-1.158,-0.762,-0.169,-0.268,-0.689
3044.0,Technische Universitat Darmstadt,DEU,1457.0,-0.23,low,13677.0,-0.246,-0.306,0.84,-0.488,0.106,-1.006,-0.012,-0.268,0.299
1587.0,Tianjin Medical University,CHN,1457.0,-0.171,low,17989.0,-1.338,0.145,-1.126,0.201,-0.082,0.181,-0.05,-0.268,-0.761
4205.0,Universita degli Studi di Trento,ITA,1460.0,-0.091,low,14348.0,0.139,-0.296,0.432,-0.48,1.124,0.054,0.223,-0.268,0.083
5020.0,University of Ulsan,KOR,1463.0,0.0,medium,15197.0,-1.373,0.521,-0.693,-0.305,0.09,0.925,0.514,-0.268,0.036
51269.0,University of Texas Medical Branch,USA,1470.0,-0.105,low,7771.0,-0.06,-0.437,-0.814,-0.048,0.355,1.097,0.594,-0.268,-0.458
8695.0,Northumbria University,GBR,1471.0,-0.241,low,11870.0,-0.088,-0.165,-0.555,-0.44,-0.374,-0.428,0.187,-0.268,-0.379
531.0,Vrije Universiteit Brussel,BEL,1489.0,0.164,medium,14938.0,2.09,-0.071,0.057,-0.43,1.473,-0.007,0.062,-0.218,0.031
3381.0,"Manipal Academy of Higher Education, India",IND,1491.0,0.066,medium,23421.0,-0.805,0.173,-0.388,0.842,-0.893,0.725,-0.374,-0.268,0.354
4830.0,Ajou University,KOR,1502.0,-0.379,very low,8205.0,-1.326,-0.033,-0.64,-0.31,-0.238,0.131,-0.754,-0.268,-0.694
8811.0,University of Sussex,GBR,1505.0,0.089,medium,13431.0,1.853,0.004,-0.588,-0.456,1.135,0.216,-0.095,-0.268,-0.173
4930.0,Konkuk University,KOR,1510.0,-0.526,very low,9823.0,-1.297,-0.39,-0.582,-0.29,-0.61,-0.857,-0.457,-0.268,-0.93
2668.0,Universite de Nantes,FRA,1510.0,-0.172,low,14862.0,-0.288,-0.23,-0.413,-0.433,0.974,0.94,-0.643,-0.268,0.58
3084.0,Universitat Stuttgart,DEU,1513.0,-0.162,low,14737.0,-0.641,-0.155,0.97,-0.411,-0.48,-1.057,0.204,-0.268,1.313
2669.0,Universite Cote d’Azur,FRA,1516.0,-0.108,low,13686.0,-0.114,-0.127,-0.227,-0.476,1.138,1.011,-0.655,-0.268,0.657
15553.0,University of Delaware,USA,1522.0,-0.297,very low,14162.0,-0.281,-0.334,0.054,-0.472,0.367,-0.657,-0.355,-0.268,-0.014
4705.0,Waseda University,JPN,1523.0,0.213,medium,14394.0,0.148,0.53,0.651,-0.378,0.232,0.496,-0.071,-0.268,1.596
8128.0,Swedish University of Agricultural Sciences,SWE,1525.0,-0.292,very low,11069.0,1.426,-0.4,0.071,-0.531,0.466,-0.655,-1.259,-0.268,-1.002
9926.0,Swansea University,GBR,1529.0,-0.298,very low,10725.0,0.461,-0.418,-0.935,-0.468,0.071,-0.328,-0.3,-0.268,-0.173
4975.0,Pusan National University,KOR,1533.0,-0.447,very low,15581.0,-0.925,-0.39,-0.347,-0.321,-0.237,-0.227,-0.686,-0.268,-0.749
2834.0,Christian-Albrechts-Universitat zu Kiel,DEU,1538.0,-0.081,low,12628.0,-0.01,-0.174,-0.19,-0.492,0.743,0.765,0.243,-0.268,0.14
13839.0,Medical College of Wisconsin,USA,1541.0,-0.285,very low,13630.0,-0.724,-0.409,-0.83,-0.4,1.025,1.41,-0.441,-0.268,-0.389
1131.0,University of Saskatchewan,CAN,1541.0,-0.098,low,16076.0,-0.208,0.258,-0.521,-0.389,-0.085,0.335,-0.426,-0.268,0.118
97964.0,Mohamed bin Zayed University of Artificial Intelligence,ARE,1544.0,0.364,medium,2108.0,3.132,-0.071,-1.288,-0.521,-0.756,-0.054,3.672,-0.268,-1.186
77079.0,Universite de Rennes,FRA,1549.0,-0.235,low,16237.0,-0.312,-0.343,-0.264,-0.433,0.506,0.986,-0.594,-0.268,0.207
35771.0,Universidad de Salamanca,ESP,1554.0,0.104,medium,12829.0,-0.441,-0.033,0.088,0.379,-0.016,0.309,-0.279,0.754,0.312
13510.0,Florida International University,USA,1554.0,-0.167,low,13622.0,-0.424,0.108,-0.445,-0.196,-0.11,0.015,-0.607,-0.268,-0.051
1305.0,Donghua University,CHN,1560.0,0.059,medium,15399.0,0.283,0.474,-0.006,-0.257,-1.068,-0.79,0.799,-0.268,-0.406
4193.0,Universita degli Studi di Palermo,ITA,1563.0,-0.222,low,16939.0,-0.911,-0.418,0.789,-0.28,0.839,-0.303,-0.061,-0.028,-0.13
3216.0,Semmelweis University,HUN,1565.0,-0.036,low,8921.0,0.861,-0.616,-0.788,-0.376,1.25,2.435,0.087,-0.268,0.222
1084.0,University of Guelph,CAN,1566.0,-0.259,low,13707.0,-0.138,0.117,-0.14,-0.465,-0.544,-0.444,-0.648,-0.268,-0.791
1211.0,Anhui Agricultural University,CHN,1567.0,-0.241,low,7134.0,-0.031,0.305,0.347,-0.274,-1.03,-1.544,-0.88,-0.268,-0.975
15270.0,Tulane University,USA,1570.0,-0.102,low,12361.0,0.149,-0.184,-1.048,-0.368,0.072,0.655,0.674,-0.268,-0.247
96444.0,Westlake University,CHN,1575.0,0.557,medium,5463.0,2.855,1.404,-0.938,-0.45,0.217,-0.412,0.597,-0.268,-0.721
6864.0,Universidade do Minho,PRT,1578.0,0.149,medium,17120.0,1.183,-0.409,0.351,-0.011,-0.037,-0.752,1.025,0.806,-0.108
9257.0,Taiyuan University of Technology,CHN,1580.0,-0.084,low,18910.0,0.152,-0.155,0.438,-0.183,-1.135,-0.8,1.135,-0.268,-0.553
336.0,Universitat fur Bodenkultur Wien,AUT,1582.0,-0.228,low,7060.0,0.249,0.117,-0.177,-0.545,0.322,-0.693,-0.802,-0.268,-0.898
1681.0,Hong Kong Baptist University,HKG,1584.0,-0.187,low,8307.0,0.647,-0.324,-0.895,-0.357,-0.623,-1.073,1.021,-0.268,-0.565
332.0,Technische Universitat Graz,AUT,1588.0,-0.298,very low,10051.0,-0.339,-0.315,0.51,-0.337,-0.36,-0.915,-0.879,-0.268,1.012
1766.0,National Tsing Hua University,TWN,1590.0,-0.027,low,12782.0,0.432,0.07,0.064,-0.378,0.483,0.193,-0.439,-0.268,0.361
35745.0,Universidad Carlos III de Madrid,ESP,1592.0,-0.092,low,12267.0,-0.534,0.07,-0.027,-0.32,0.008,-0.146,-0.67,0.722,0.143
13289.0,Clemson University,USA,1592.0,-0.234,low,13504.0,-0.56,0.333,-0.07,-0.484,-0.545,-0.318,-1.004,-0.268,-0.143
96853.0,Tsinghua Shenzhen International Graduate School,CHN,1596.0,0.47,medium,5535.0,7.401,-0.559,-0.946,-0.536,-0.62,-0.834,1.524,-0.268,-0.009
91960.0,Hamad Bin Khalifa University,QAT,1601.0,0.531,medium,6062.0,-0.085,1.413,-0.444,-0.287,-0.464,0.346,1.985,-0.268,0.592
35811.0,Universitat Rovira i Virgili,ESP,1602.0,-0.357,very low,10067.0,-0.637,-0.447,-0.116,-0.317,0.432,-0.26,-0.326,-0.268,-0.781
3081.0,Universitat Regensburg,DEU,1604.0,-0.061,low,10985.0,-0.556,0.117,-0.355,-0.464,0.809,0.924,-0.305,-0.268,0.813
13840.0,Medical University of South Carolina,USA,1607.0,-0.189,low,13476.0,-0.631,-0.23,-0.978,-0.289,0.767,1.317,-0.163,-0.268,-0.23
4227.0,Universita Vita-Salute San Raffaele,ITA,1611.0,0.147,medium,9591.0,-0.695,-0.54,-0.412,-0.453,2.034,0.182,4.048,-0.268,0.021
4847.0,Chonnam National University,KOR,1613.0,-0.309,very low,12657.0,-0.876,-0.174,-0.181,-0.356,0.358,-0.268,-0.394,-0.268,-0.548
35801.0,Universitat d'Alacant,ESP,1613.0,-0.201,low,11348.0,-0.722,-0.371,0.164,-0.131,-0.096,-0.414,-0.821,1.134,-0.101
35797.0,Universidade de Santiago de Compostela,ESP,1623.0,-0.193,low,14378.0,-0.64,-0.503,-0.305,-0.317,1.098,0.755,-0.155,0.577,-0.684
577.0,Universite Libre de Bruxelles,BEL,1623.0,0.016,medium,16223.0,1.037,-0.4,-0.449,-0.471,1.987,1.303,0.019,-0.268,0.19
35911.0,Georgia State University,USA,1626.0,-0.248,low,10509.0,-0.151,0.023,-0.457,-0.381,-0.421,-1.269,-0.253,-0.268,-0.073
5150.0,Universite du Luxembourg,LUX,1629.0,-0.192,low,8860.0,0.37,-0.268,-0.031,-0.457,-0.261,-0.519,0.049,-0.268,0.111
7977.0,University of Pretoria,ZAF,1629.0,-0.118,low,18559.0,1.193,-0.287,-0.006,-0.371,-0.441,0.416,-0.281,-0.268,-0.406
7974.0,University of Johannesburg,ZAF,1635.0,0.693,medium,23620.0,2.66,1.169,0.174,-0.063,-0.447,-0.342,1.605,-0.268,-0.284
575.0,Universite de Liege,BEL,1635.0,-0.028,low,13366.0,0.78,-0.127,-0.37,-0.487,1.001,1.238,-0.354,-0.268,-0.024
320.0,Medizinische Universitat Graz,AUT,1635.0,-0.073,low,9238.0,0.306,-0.606,-0.984,-0.41,2.011,1.351,0.097,-0.268,1.169
4209.0,Universita degli Studi di Verona,ITA,1638.0,-0.142,low,13095.0,-0.672,-0.456,-0.519,-0.37,1.393,0.439,0.994,-0.268,-0.046
1350.0,Harbin Medical University,CHN,1640.0,0.117,medium,12687.0,-1.143,0.934,-1.332,0.657,0.507,0.517,-0.95,-0.268,-0.863
62865.0,Medizinische Universitat Innsbruck,AUT,1642.0,0.115,medium,7488.0,-0.595,0.117,-0.909,-0.371,2.607,1.693,0.353,-0.268,0.704
1102.0,Concordia University,CAN,1646.0,-0.147,low,13166.0,-0.485,0.202,-0.047,-0.423,-0.925,-0.81,0.181,-0.268,0.476
59449.0,"Louisiana State University, Baton Rouge",USA,1650.0,-0.308,very low,13155.0,-0.432,-0.259,-0.343,-0.474,0.229,0.892,-1.058,-0.268,0.034
51267.0,UT Health San Antonio,USA,1657.0,0.116,medium,9455.0,-0.458,0.596,-1.643,-0.291,0.8,3.063,-0.358,-0.268,-0.148
333.0,Technische Universitat Wien,AUT,1661.0,-0.126,low,15611.0,0.08,-0.306,0.991,-0.418,0.21,-0.434,-0.273,-0.268,1.144
8736.0,The University of Kent,GBR,1661.0,-0.252,low,8616.0,-0.12,-0.014,-0.555,-0.43,-0.277,-0.63,-0.521,-0.268,0.041
35777.0,Universidad Europea de Madrid,ESP,1661.0,-0.209,low,5893.0,-0.069,-0.597,-0.967,-0.386,0.989,0.58,0.693,-0.268,-0.364
12173.0,King Fahd University of Petroleum and Minerals,SAU,1665.0,0.169,medium,13881.0,-0.782,0.098,0.758,-0.255,-1.116,-0.446,2.725,-0.268,1.27
4869.0,Dongguk University,KOR,1675.0,-0.375,very low,8285.0,-1.067,-0.296,-0.407,-0.129,-0.548,-0.164,-0.286,-0.268,-0.851
1454.0,Nanjing Normal University,CHN,1679.0,0.123,medium,16956.0,1.051,0.286,-0.114,-0.188,-0.036,-0.499,0.147,-0.268,0.277
4157.0,Universita degli Studi della Campania Luigi Vanvitelli,ITA,1680.0,0.246,medium,16421.0,-0.981,0.399,0.627,0.142,1.181,-0.398,1.547,-0.268,-0.053
1239.0,Beijing Technology and Business University,CHN,1680.0,-0.267,very low,9150.0,-0.093,-0.4,-0.192,0.02,-1.136,-1.518,0.754,-0.268,-0.967
69965.0,Telecom SudParis,FRA,1689.0,-0.078,low,1304.0,2.157,-0.174,-0.224,-0.104,-0.954,-1.372,-0.86,-0.268,0.389
35770.0,Universidad de Oviedo,ESP,1690.0,-0.191,low,11403.0,-0.851,-0.268,0.073,-0.275,0.777,0.454,-0.696,0.448,-0.215
9702.0,Ecole Nationale Superieure de Chimie de Montpellier,FRA,1692.0,-0.638,very low,3273.0,-1.29,-0.916,-0.41,-0.497,-0.414,-0.492,0.018,-0.268,-0.875
1265.0,Changsha University of Science and Technology,CHN,1693.0,-0.297,very low,11531.0,0.303,-0.54,0.169,-0.106,-1.104,-0.964,0.068,-0.268,-0.58
3004.0,Martin-Luther-Universitat Halle-Wittenberg,DEU,1693.0,0.015,medium,12142.0,-0.131,0.258,-0.38,-0.485,1.123,0.74,-0.296,-0.268,0.597
1297.0,Dalian Maritime University,CHN,1696.0,-0.199,low,12863.0,-0.253,-0.371,1.19,-0.147,-1.229,-1.087,0.666,-0.268,-0.329
1363.0,Hebei University of Technology,CHN,1701.0,-0.124,low,16078.0,-0.354,0.089,0.202,-0.273,-1.174,-0.607,0.763,-0.268,-0.625
92201.0,Humanitas University,ITA,1706.0,0.155,medium,9195.0,-0.887,-0.381,-0.89,-0.369,2.988,0.677,3.289,-0.268,-0.178
1501.0,Shaanxi University of Science and Technology,CHN,1714.0,0.575,medium,9061.0,0.343,2.202,0.132,-0.067,-1.146,-1.417,0.579,-0.268,-0.332
6236.0,COMSATS University Islamabad,PAK,1715.0,0.424,medium,17674.0,0.111,0.455,0.693,0.962,-0.243,-0.57,1.291,-0.268,-0.25
82435.0,Daegu Gyeongbuk Institute of Science and Technology,KOR,1719.0,-0.645,very low,3351.0,-0.527,-0.681,-0.72,-0.53,-0.488,-0.916,-1.049,-0.268,-0.885
4188.0,Universita degli Studi di Modena e Reggio Emilia,ITA,1719.0,-0.165,low,13328.0,-0.777,-0.343,0.255,-0.263,1.12,-0.012,0.346,-0.244,-0.207
4138.0,Ben-Gurion University of the Negev,ISR,1721.0,-0.268,very low,17611.0,-0.316,-0.362,0.013,-0.465,-0.102,0.292,-0.78,-0.268,1.206
2538.0,Ecole Nationale Superieure de Chimie de Paris,FRA,1729.0,-0.009,low,1591.0,0.999,0.756,0.012,-0.545,-0.562,-1.211,-0.679,-0.268,-0.865
59464.0,City University of New York Graduate Center,USA,1732.0,-0.344,very low,8295.0,-0.352,-0.108,-0.792,-0.495,-0.684,-0.243,-0.758,-0.268,0.22
15043.0,Rush University,USA,1733.0,-0.159,low,11133.0,-1.607,-0.174,-0.881,-0.367,0.582,0.965,1.306,-0.268,-0.19
141.0,Universidad de Buenos Aires,ARG,1733.0,-0.076,low,19195.0,-0.284,0.145,0.532,-0.431,0.365,1.403,-1.047,-0.117,-0.071
1953.0,Universidad Nacional de Colombia,COL,1740.0,0.878,medium,13727.0,0.288,0.333,0.073,-0.134,0.497,2.188,-0.649,7.22,-0.384
62606.0,Second Military Medical University,CHN,1740.0,0.499,medium,13876.0,-1.089,0.032,-0.994,0.335,-0.166,-0.171,0.034,6.319,-0.744
3061.0,Universitat des Saarlandes,DEU,1753.0,-0.048,low,11435.0,-0.522,-0.268,-0.22,-0.431,0.164,0.798,0.583,-0.268,2.038
11140.0,Catholic University of Korea,KOR,1756.0,-0.445,very low,13224.0,-1.599,-0.353,-0.768,-0.217,-0.277,0.426,-0.607,-0.268,-0.336
4194.0,Universita degli Studi di Parma,ITA,1757.0,-0.232,low,13240.0,-0.437,-0.362,-0.212,-0.23,0.559,0.222,-0.332,-0.22,-0.145
71248.0,Khalifa University,ARE,1763.0,0.133,medium,10802.0,1.177,-0.071,0.043,-0.342,-0.727,-0.551,1.834,-0.268,0.205
318.0,Universitat Innsbruck,AUT,1771.0,-0.166,low,10560.0,0.129,-0.428,0.331,-0.521,1.374,0.661,-0.049,-0.268,-0.652
15206.0,Stevens Institute of Technology,USA,1775.0,-0.295,very low,4091.0,-0.982,-0.071,-0.619,-0.443,-0.855,-0.195,-0.223,-0.268,0.923
59364.0,University of Nebraska Medical Center,USA,1778.0,-0.378,very low,9600.0,-0.666,-0.381,-0.942,-0.333,0.364,0.936,-0.916,-0.268,-0.597
59466.0,"City University of New York, City College",USA,1782.0,-0.237,low,3790.0,-0.266,-0.428,-0.984,-0.27,0.591,0.706,-0.506,-0.268,0.662
15012.0,Rensselaer Polytechnic Institute,USA,1782.0,-0.335,very low,5605.0,-0.825,-0.381,-0.383,-0.424,-0.158,0.004,-0.671,-0.268,1.355
72850.0,The Florida A&M University and The Florida State University College of Engineering,USA,1785.0,-0.562,very low,1091.0,-1.027,-0.343,-0.441,-0.114,-1.089,-1.959,-1.413,-0.268,0.19
3080.0,Universitat Potsdam,DEU,1786.0,-0.131,low,12676.0,0.539,-0.137,-0.131,-0.517,0.568,0.169,-0.414,-0.268,-0.058
15366.0,West Virginia University,USA,1792.0,-0.2,low,13252.0,-1.001,0.004,-0.824,0.03,-0.036,0.966,-0.845,-0.268,-0.026
15244.0,Thomas Jefferson University,USA,1799.0,-0.124,low,15327.0,-0.847,0.145,-1.242,-0.259,0.453,0.728,0.111,-0.268,-0.25
288.0,University of Tasmania,AUS,1804.0,0.04,medium,14150.0,1.345,0.352,-0.397,-0.453,0.344,0.489,-0.637,-0.268,-0.823
35767.0,Universidad de Malaga,ESP,1809.0,-0.32,very low,12887.0,-0.879,-0.437,0.092,-0.152,-0.205,-0.43,-0.97,0.608,-0.15
59477.0,"University of California, Merced",USA,1812.0,-0.277,very low,5028.0,-0.017,-0.381,-0.756,-0.473,-0.348,0.243,0.09,-0.268,-0.118
8748.0,University of Aberdeen,GBR,1812.0,-0.169,low,11468.0,0.685,-0.277,-0.907,-0.372,0.424,0.911,-0.701,-0.268,-0.078
1315.0,Fujian Medical University,CHN,1817.0,-0.288,very low,16259.0,-1.138,-0.268,-1.054,0.37,-0.126,0.114,-0.428,-0.268,-0.903
2432.0,University of Tartu,EST,1820.0,0.427,medium,10544.0,1.143,0.709,-0.451,-0.387,1.247,1.743,-0.905,1.567,-0.309
2574.0,Centrale Supelec,FRA,1820.0,-0.212,low,7836.0,-0.178,-0.118,-0.06,-0.412,-0.868,0.015,-0.608,-0.268,1.129
80351.0,USF Health,USA,1826.0,-0.245,low,6905.0,-0.759,-0.268,-0.872,0.09,-0.04,0.29,-0.119,-0.268,-0.736
6858.0,Universidade de Aveiro,PRT,1829.0,0.165,medium,17070.0,1.156,-0.099,0.407,-0.022,-0.408,-0.561,0.808,0.488,-0.364
2450.0,University of Eastern Finland,FIN,1834.0,-0.167,low,11200.0,1.239,-0.353,-0.228,-0.424,0.346,-0.008,-0.383,-0.268,-0.821
4200.0,Universita degli Studi di Salerno,ITA,1835.0,-0.094,low,14709.0,-0.695,-0.296,0.804,-0.016,0.024,-0.178,0.063,-0.268,1.107
7975.0,University of KwaZulu-Natal,ZAF,1835.0,0.036,medium,18153.0,1.245,-0.146,0.091,-0.065,-0.343,0.895,-0.157,-0.268,-0.426
8668.0,Cranfield University,GBR,1842.0,-0.191,low,6552.0,-0.011,-0.09,-0.74,-0.402,-0.63,-0.709,-0.051,-0.268,1.057
4196.0,Universita degli Studi di Perugia,ITA,1848.0,-0.061,low,14545.0,-0.851,-0.353,0.179,-0.352,2.766,0.771,0.337,-0.268,0.158
8807.0,University of St. Andrews,GBR,1863.0,-0.254,low,10304.0,0.566,-0.343,-0.669,-0.48,0.411,0.923,-0.848,-0.268,-0.667
4882.0,Gwangju Institute of Science and Technology,KOR,1868.0,-0.583,very low,4968.0,-0.878,-0.644,-0.767,-0.356,-0.116,-0.964,-0.784,-0.268,-0.674
81332.0,"China University of Petroleum, Beijing",CHN,1868.0,-0.01,low,18009.0,0.685,-0.447,2.058,-0.287,-1.037,-1.332,1.087,-0.268,0.923
4185.0,Universita degli Studi di Messina,ITA,1876.0,0.32,medium,13610.0,-0.799,0.812,0.756,-0.066,0.872,-0.248,0.937,0.111,-0.078
8805.0,University of Portsmouth,GBR,1878.0,0.392,medium,7773.0,-0.131,1.31,-0.518,-0.209,0.686,1.236,0.094,-0.268,0.019
7970.0,Stellenbosch University,ZAF,1887.0,-0.095,low,18292.0,1.227,-0.268,-0.399,-0.5,0.091,1.29,-0.595,-0.051,-0.438
4029.0,Shahid Beheshti University of Medical Sciences and Health Services,IRN,1891.0,0.294,medium,23450.0,-0.363,0.22,-0.458,0.353,-0.856,0.934,1.128,1.259,-0.51
1502.0,Shandong Agricultural University,CHN,1893.0,-0.417,very low,8569.0,-0.178,-0.268,-0.195,-0.405,-0.99,-1.569,-0.347,-0.268,-0.776
1017.0,University of Victoria,CAN,1895.0,-0.018,low,12192.0,0.414,-0.249,-0.119,-0.331,0.899,0.569,0.299,-0.268,0.232
8767.0,University of Essex,GBR,1897.0,-0.32,very low,7795.0,0.037,0.014,-0.874,-0.405,-0.731,-0.28,-1.206,-0.268,-0.108
3321.0,"Indian Institute of Technology, Delhi",IND,1897.0,-0.146,low,19209.0,-0.548,0.042,0.714,-0.385,-1.117,-0.933,0.497,-0.268,0.347
5596.0,Instituto Tecnologico y de Estudios Superiores de Monterrey,MEX,1901.0,-0.143,low,11476.0,-0.104,-0.165,-0.082,-0.145,-0.485,-0.796,0.24,-0.268,0.337
2967.0,Hochschule Mannheim,DEU,1904.0,-0.317,very low,468.0,1.108,-0.493,-0.971,-0.322,0.104,1.113,-1.413,-0.268,-1.186
4854.0,Chungnam National University,KOR,1904.0,-0.366,very low,12698.0,-1.103,0.061,-0.23,-0.315,-0.582,-0.393,-1.001,-0.268,-0.473
5024.0,Yeungnam University,KOR,1908.0,-0.17,low,11747.0,-0.976,-0.616,-0.039,-0.136,-1.035,-1.609,3.204,-0.268,-0.391
1691.0,Macau University of Science and Technology,MAC,1911.0,-0.046,low,10111.0,1.876,-0.465,-0.504,0.043,-0.692,-1.269,0.673,-0.268,-0.389
8724.0,The Manchester Metropolitan University,GBR,1913.0,-0.236,low,8725.0,0.328,-0.202,-0.819,-0.407,-0.405,-0.366,0.077,-0.268,-0.56
3018.0,Philipps-Universitat Marburg,DEU,1921.0,-0.003,low,11832.0,0.082,-0.108,-0.466,-0.501,1.15,1.381,-0.598,-0.268,2.107
59418.0,Texas A&M Health,USA,1924.0,-0.077,low,3730.0,0.948,-0.221,-0.887,-0.434,0.057,1.895,0.068,-0.268,-1.049
10075.0,Gadjah Mada University,IDN,1927.0,0.167,medium,16463.0,-0.342,-0.287,1.637,1.248,-1.023,-0.477,-0.854,1.508,-0.684
420.0,"Mawlana Bhashani University of Science and Technology, Tangail",BGD,1930.0,0.679,medium,1373.0,2.348,-0.052,-0.424,2.499,-0.87,-1.633,1.196,-0.268,0.272
9155.0,Army Medical University,CHN,1933.0,-0.382,very low,9717.0,-1.44,-0.174,-1.289,0.175,0.286,-0.043,-1.036,-0.268,-0.766
1111.0,Sherbrooke University,CAN,1934.0,-0.326,very low,9325.0,-0.045,-0.456,-0.554,-0.495,0.161,1.096,-1.14,-0.268,0.394
4320.0,Hiroshima University,JPN,1938.0,0.006,medium,18123.0,-0.229,-0.381,0.356,-0.367,1.017,1.114,0.811,-0.144,0.513
1632.0,Xi'an University of Technology,CHN,1938.0,-0.274,very low,14368.0,-0.353,-0.437,0.166,0.015,-1.191,-0.919,0.402,-0.268,-0.525
73543.0,Virginia-Maryland Regional College of Veterinary Medicine,USA,1938.0,1.194,significant,1072.0,1.831,4.719,-0.771,-0.497,-0.427,-0.363,-1.413,-0.268,-1.186
1212.0,Anhui Medical University,CHN,1942.0,-0.127,low,17574.0,-0.945,-0.08,-0.801,0.352,-0.153,-0.093,0.42,-0.268,-0.838
836.0,Universidade Federal de Santa Catarina,BRA,1945.0,-0.086,low,17359.0,-0.105,-0.268,0.08,-0.26,-0.763,0.437,-1.136,1.931,-0.195
1060.0,Carleton University,CAN,1952.0,0.065,medium,13189.0,-0.219,-0.155,0.164,-0.387,0.263,0.487,0.721,0.057,1.752
1780.0,Taipei Medical University,TWN,1954.0,0.218,medium,10957.0,1.64,1.094,-0.659,-0.231,-0.674,-0.221,-1.02,-0.268,-0.423
8725.0,The Nottingham Trent University,GBR,1956.0,-0.145,low,7561.0,-0.108,-0.174,-0.48,-0.255,-0.73,-0.88,1.237,-0.268,-0.466
1462.0,Nanjing University of Chinese Medicine,CHN,1957.0,-0.036,low,13039.0,-0.654,0.23,-1.004,1.137,-0.665,-0.629,-0.78,-0.268,-0.95
71661.0,Sri Ramaswamy Memorial University,IND,1959.0,0.305,medium,24943.0,-1.164,0.239,0.604,2.315,-1.282,-0.143,-0.577,-0.268,0.235
4876.0,Ewha Womans University,KOR,1959.0,-0.31,very low,10065.0,-0.789,-0.043,-0.968,-0.333,0.174,0.596,-0.996,-0.268,-0.304
71632.0,Changzhou University,CHN,1962.0,0.09,medium,9660.0,0.956,0.333,0.913,-0.329,-1.145,-0.73,0.56,-0.268,-0.411
3041.0,Technische Universitat Braunschweig,DEU,1962.0,-0.2,low,8850.0,-0.201,-0.371,0.594,-0.51,-0.314,-0.705,-0.021,-0.268,1.678
1593.0,Tianjin University of Science and Technology,CHN,1970.0,-0.303,very low,7619.0,0.267,-0.437,0.259,-0.291,-1.146,-1.347,0.373,-0.268,-0.791
1528.0,Shanghai University of Traditional Chinese Medicine,CHN,1978.0,-0.219,low,11220.0,-0.829,-0.418,-0.878,1.135,-0.706,-0.614,-0.549,-0.268,-0.913
1431.0,Qingdao Agricultural University,CHN,1979.0,-0.457,very low,6607.0,-0.017,-0.306,-0.478,-0.095,-0.997,-1.769,-1.157,-0.268,-0.806
291.0,University of Western Sydney,AUS,1979.0,0.016,medium,14564.0,1.508,-0.033,-0.739,-0.424,-0.05,0.703,0.241,-0.268,-0.659
4174.0,Universita degli Studi di Brescia,ITA,1981.0,0.272,medium,10859.0,-0.953,0.831,-0.38,-0.363,2.378,0.539,0.756,-0.268,0.299
84805.0,Graduate School of Public Health and Health Policy,USA,1987.0,-0.135,low,1246.0,1.23,-0.587,-1.143,-0.545,0.353,0.255,0.798,-0.268,0.024
26095.0,Shandong First Medical University,CHN,1990.0,-0.019,low,17512.0,-0.924,0.483,-1.318,0.555,-0.403,0.773,-0.76,-0.268,-0.649
59375.0,"University of Arkansas, Fayetteville",USA,1994.0,-0.312,very low,9036.0,-0.1,-0.277,-0.132,-0.522,-0.627,-0.7,-0.236,-0.268,0.183
77625.0,Zhejiang Sci-Tech University,CHN,1996.0,-0.142,low,12216.0,-0.037,0.202,0.669,-0.212,-1.192,-1.178,-0.079,-0.268,-0.734
8664.0,Brunel University,GBR,2000.0,-0.172,low,8622.0,0.518,-0.4,-0.551,-0.261,0.418,-0.387,0.285,-0.268,-0.555
10197.0,Amity University,IND,2001.0,0.073,medium,22656.0,-1.07,-0.014,-0.02,1.242,-1.188,0.415,-0.553,-0.268,1.151
437.0,"Southeast University, Dhaka",BGD,2004.0,5.914,significant,516.0,-0.012,18.863,-0.58,0.67,-0.554,-0.621,2.96,-0.268,-1.186
35773.0,Universidad de Valladolid,ESP,2004.0,-0.241,low,8630.0,-0.617,-0.447,0.204,-0.055,-0.683,-0.664,-1.168,1.451,-0.108
4913.0,Inha University,KOR,2009.0,-0.172,low,9724.0,-0.943,0.418,-0.486,-0.325,-0.287,-0.626,-0.181,-0.268,-0.458
92020.0,Princess Nourah bint Abdul Rahman University,SAU,2010.0,1.066,medium,15507.0,-0.949,2.202,0.601,1.692,-0.825,0.229,1.84,-0.268,0.098
2552.0,Ecole Nationale Superieure des Mines de Paris,FRA,2010.0,-0.115,low,3091.0,0.678,-0.099,-0.444,-0.427,-0.27,-0.414,0.123,-0.268,0.058
13635.0,Illinois Institute of Technology,USA,2016.0,0.039,medium,4361.0,-0.622,0.474,-0.64,-0.426,0.136,0.089,-0.113,-0.194,1.916
8148.0,Universita della Svizzera Italiana,CHE,2019.0,-0.17,low,4603.0,1.106,-0.324,-0.87,-0.443,0.197,0.026,-0.501,-0.268,0.282
15235.0,Texas Tech University,USA,2022.0,-0.222,low,12900.0,-0.282,-0.277,-0.242,-0.452,0.131,0.535,-0.358,-0.268,0.419
2839.0,Ernst-Moritz-Arndt-Universitat Greifswald,DEU,2022.0,-0.186,low,6902.0,-0.921,-0.362,-0.671,-0.477,1.614,0.619,0.533,-0.268,0.121
4924.0,Kangwon National University,KOR,2029.0,-0.214,low,9418.0,-1.07,0.267,-0.093,0.015,-0.666,-0.578,-0.963,-0.268,-0.011
285.0,University of South Australia,AUS,2033.0,-0.192,low,11891.0,1.121,-0.005,-0.696,-0.458,-0.505,-0.195,-0.85,-0.268,-0.582
5203.0,"University of Technology, Malaysia",MYS,2040.0,0.885,medium,20983.0,0.242,1.648,0.317,1.935,-1.073,-0.635,0.618,-0.268,0.287
6204.0,University of Tromso - The Arctic University of Norway,NOR,2040.0,-0.201,low,10998.0,1.425,-0.23,-0.171,-0.507,0.109,0.027,-1.265,-0.268,-0.346
1370.0,Henan Agricultural University,CHN,2040.0,0.383,medium,8028.0,0.223,1.977,-0.378,-0.285,-0.811,-1.074,-0.011,-0.268,-0.687
3319.0,Indian Institute of Science,IND,2043.0,-0.237,low,16135.0,-0.466,-0.324,0.497,-0.4,-0.462,-0.314,-0.387,0.232,0.327
3281.0,University of Delhi,IND,2052.0,-0.132,low,18674.0,-0.738,0.023,0.308,0.199,-0.467,0.242,-0.651,-0.268,-0.341
4844.0,Chonbuk National University,KOR,2054.0,-0.509,very low,11879.0,-0.757,-0.663,-0.001,-0.207,-0.23,-1.249,-0.664,-0.268,-0.525
4179.0,Universita degli Studi di Ferrara,ITA,2059.0,0.207,medium,11308.0,-0.685,0.258,0.361,-0.213,2.591,0.638,0.592,-0.268,0.585
59248.0,"University of Texas, Arlington",USA,2063.0,-0.037,low,9515.0,-0.9,0.061,0.663,-0.469,1.161,-0.815,0.226,-0.268,1.64
8815.0,University of Ulster,GBR,2066.0,-0.332,very low,6771.0,-0.112,-0.418,-0.65,-0.36,-0.182,-0.186,-0.245,-0.268,-0.423
9720.0,Telecom ParisTech,FRA,2069.0,-0.198,low,3124.0,0.659,-0.118,-0.026,-0.295,-0.888,-1.437,-1.043,-0.268,1.581
13084.0,Auburn University,USA,2069.0,-0.115,low,13823.0,-0.67,-0.061,-0.048,-0.428,-0.609,-0.501,-0.629,-0.253,4.05
8215.0,Chiang Mai University,THA,2077.0,0.152,medium,13651.0,-0.481,-0.052,1.062,-0.014,-0.634,-0.518,0.477,2.158,-0.818
66742.0,University of New Mexico Health Sciences Center,USA,2077.0,-0.205,low,3910.0,-1.007,0.389,-1.243,-0.171,0.803,0.546,-1.188,-0.268,-0.92
13684.0,Kansas State University,USA,2082.0,-0.202,low,10899.0,-0.614,-0.165,0.272,-0.502,0.715,-0.218,-0.191,-0.268,0.334
4221.0,Universita Politecnica delle Marche,ITA,2082.0,-0.255,low,11081.0,-0.931,-0.55,0.165,-0.201,0.827,-0.262,0.362,-0.268,-0.061
4202.0,Universita degli Studi di Siena,ITA,2089.0,0.03,medium,10914.0,-0.274,-0.437,-0.052,-0.335,2.728,1.06,1.09,-0.268,-0.262
1702.0,Chang Gung University,TWN,2096.0,-0.301,very low,12320.0,1.173,-0.493,-0.387,-0.249,-0.743,-0.391,-0.827,-0.268,-0.692
8658.0,Aston University,GBR,2097.0,-0.164,low,6988.0,1.113,-0.371,-0.468,-0.388,-0.518,-0.338,0.021,-0.268,0.101
15495.0,University of Louisville,USA,2097.0,-0.193,low,11428.0,-0.925,0.004,-0.689,-0.239,0.549,0.886,-0.549,-0.268,-0.19
4206.0,Universita degli Studi di Trieste,ITA,2103.0,0.132,medium,11459.0,-0.41,-0.08,-0.072,-0.459,2.595,1.44,0.859,-0.147,0.379
13953.0,New Jersey Institute of Technology,USA,2104.0,-0.159,low,5778.0,-0.306,-0.259,0.016,-0.373,-0.871,-0.659,1.264,-0.268,-0.001
1391.0,Hubei University,CHN,2106.0,-0.355,very low,7362.0,0.722,-0.569,-0.562,-0.24,-0.883,-0.998,-0.415,-0.268,-0.371
9516.0,Gottfried Wilhelm Leibniz Universitat Hannover,DEU,2108.0,-0.092,low,12723.0,0.192,-0.184,0.505,-0.472,-0.418,0.027,0.395,-0.268,0.401
15531.0,University of Oregon,USA,2111.0,-0.167,low,8854.0,-0.591,-0.071,-0.365,-0.469,1.086,1.137,-0.485,-0.208,-0.339
13182.0,Brigham Young University,USA,2113.0,-0.409,very low,8428.0,-1.336,-0.268,0.077,-0.452,-0.436,-0.373,-1.349,0.637,0.063
1608.0,University of Shanghai for Science and Technology,CHN,2115.0,-0.037,low,18457.0,-0.236,-0.296,0.289,-0.276,-1.072,-0.797,0.671,1.73,-0.615
4397.0,Kobe University,JPN,2118.0,-0.007,low,13985.0,-0.303,-0.362,0.095,-0.336,1.162,1.212,0.869,-0.268,0.312
4125.0,Bar-Ilan University,ISR,2119.0,-0.347,very low,11685.0,-0.398,-0.277,-0.247,-0.478,-0.568,0.105,-0.84,-0.268,0.359
850.0,Universidade Federal do Parana,BRA,2122.0,0.01,medium,15633.0,-0.239,-0.202,0.067,-0.332,-0.346,0.468,-1.069,2.759,-0.356
15506.0,University of Mississippi,USA,2125.0,0.163,medium,10635.0,-0.803,0.502,-0.686,-0.147,1.277,1.481,0.627,-0.268,-0.339
6276.0,"National University of Science and Technology, Islamabad",PAK,2126.0,0.171,medium,11749.0,-0.052,1.009,-0.408,0.357,-1.091,-0.81,-0.538,-0.268,-0.048
3199.0,Budapest University of Technology and Economics,HUN,2128.0,0.215,medium,8800.0,-0.201,-0.4,1.389,-0.254,-0.935,-1.034,-1.371,4.84,1.762
314.0,Karl Franzens Universitat Graz,AUT,2134.0,-0.384,very low,7411.0,0.255,-0.4,-0.137,-0.475,-0.012,-0.65,-1.071,-0.268,-0.421
4366.0,Juntendo University,JPN,2134.0,0.235,medium,8994.0,-0.254,-0.005,-0.986,-0.15,1.628,2.375,1.758,-0.268,-0.163
70161.0,Texas A&M University at Qatar,QAT,2134.0,0.343,medium,2795.0,-0.183,-0.447,-0.042,-0.415,1.874,-0.017,4.07,-0.268,2.157
1227.0,Beijing Forestry University,CHN,2145.0,-0.407,very low,14158.0,-0.307,-0.447,0.543,-0.213,-1.015,-1.194,-0.428,-0.268,-0.938
3324.0,"Indian Institute of Technology, Kharagpur",IND,2152.0,-0.378,very low,17894.0,-0.874,-0.315,0.678,-0.183,-1.221,-1.276,-0.546,-0.268,0.255
1337.0,Guilin University of Electronic Technology,CHN,2155.0,-0.016,low,10615.0,0.894,-0.522,-0.317,0.513,-1.019,0.153,0.513,-0.268,-0.339
262.0,Flinders University,AUS,2159.0,0.007,medium,14261.0,1.092,0.079,-0.184,-0.454,-0.005,0.385,0.12,-0.268,-0.61
69258.0,Universite de Toulouse,FRA,2163.0,-0.022,low,12860.0,1.19,0.155,-0.333,-0.46,0.999,0.555,-1.199,-0.268,-0.182
43876.0,Air Force Medical University,CHN,2167.0,-0.174,low,12128.0,-1.045,0.202,-1.023,0.385,0.273,-0.46,-0.773,-0.268,-0.848
4119.0,University of Galway,IRL,2168.0,-0.1,low,11258.0,0.28,-0.184,-0.444,-0.425,0.374,0.142,0.3,-0.268,0.101
2569.0,Ecole Pratique des Hautes Etudes,FRA,2170.0,-0.379,very low,10589.0,-1.08,-0.306,-0.219,-0.432,1.073,0.223,-0.87,-0.268,-0.654
7882.0,King Khalid University,SAU,2170.0,1.021,medium,22322.0,0.46,1.066,0.814,1.151,-0.903,1.352,3.762,-0.268,0.255
9038.0,United Arab Emirates University,ARE,2170.0,-0.026,low,11473.0,0.575,-0.512,-0.494,-0.049,0.102,0.271,1.105,-0.268,0.056
1313.0,Fujian Agriculture and Forestry University,CHN,2175.0,-0.282,very low,11651.0,0.673,-0.531,0.389,-0.344,-0.926,-1.31,0.409,-0.268,-0.863
15300.0,Utah State University,USA,2176.0,-0.376,very low,8474.0,-0.855,0.023,-0.087,-0.508,-0.421,-0.339,-1.227,-0.268,-0.073
8388.0,Hacettepe University,TUR,2179.0,-0.139,low,16091.0,-0.783,-0.259,-0.638,-0.143,0.306,1.006,-0.099,0.493,-0.555
1474.0,North University of China,CHN,2186.0,-0.247,low,9748.0,-0.053,-0.578,1.003,-0.159,-1.127,-1.526,0.71,-0.268,0.044
2593.0,Ecole Superieure de Physique et de Chimie Industrielles de la Ville de Paris,FRA,2186.0,-0.289,very low,2394.0,1.245,-0.691,-0.737,-0.545,0.475,1.712,-1.26,-0.268,-0.332
71634.0,Wenzhou University,CHN,2188.0,-0.168,low,8568.0,0.357,-0.569,0.548,-0.039,-1.109,-0.608,0.869,-0.268,-0.543
4093.0,Dublin City University,IRL,2207.0,-0.264,very low,7149.0,-0.084,-0.221,-0.059,-0.45,-0.409,-0.247,-0.345,-0.268,-0.051
35750.0,Universidad de Alcala,ESP,2210.0,-0.184,low,9732.0,-0.044,-0.24,-0.16,-0.272,0.198,-0.067,-0.353,0.008,-0.341
4264.0,Chiba University,JPN,2218.0,0.081,medium,12773.0,-0.256,-0.353,0.185,-0.304,1.504,0.727,1.714,-0.268,0.165
8667.0,Coventry University,GBR,2218.0,-0.159,low,7442.0,0.366,0.061,-1.23,-0.272,-0.68,0.301,-0.209,-0.268,-0.627
61935.0,University of Dhaka,BGD,2223.0,-0.146,low,6279.0,0.545,0.032,-0.566,0.02,-0.763,0.403,-1.106,-0.268,-0.62
2714.0,Universite Paris-Est Creteil,FRA,2228.0,-0.233,low,9550.0,0.147,-0.371,-0.826,-0.474,1.02,1.166,-0.917,-0.268,0.183
6763.0,Nicolaus Copernicus University,POL,2236.0,0.155,medium,9213.0,-0.402,0.22,0.246,-0.33,0.133,0.127,-0.751,2.323,0.252
3122.0,University of Patras,GRC,2244.0,-0.172,low,10555.0,-0.467,0.108,0.279,-0.253,-0.414,-0.676,-0.69,-0.268,0.592
3576.0,Airlangga university,IDN,2247.0,1.633,significant,14659.0,0.279,0.643,0.983,7.099,-0.899,0.559,-0.105,-0.268,-0.038
1765.0,National Taiwan University of Science and Technology,TWN,2249.0,-0.276,very low,8438.0,0.393,-0.409,-0.022,-0.267,-1.053,-1.244,-0.165,-0.192,0.242
7881.0,King Faisal University,SAU,2254.0,0.806,medium,9099.0,2.438,0.54,0.792,1.269,-0.958,-1.004,1.386,0.511,0.304
412.0,"Islamic University, Bangladesh",BGD,2257.0,0.045,medium,801.0,1.182,0.389,-0.156,0.694,-0.764,-1.733,-1.413,-0.268,-0.56
35756.0,Universidad de Cordoba,ESP,2257.0,0.004,medium,9191.0,-0.534,0.737,-0.112,-0.244,-0.199,-0.373,-0.607,0.141,-0.687
80413.0,Universiti Teknologi MARA,MYS,2260.0,0.434,medium,20042.0,-0.415,0.662,0.244,1.798,-1.041,-0.418,-0.937,0.547,0.349
6668.0,AGH University of Science and Technology,POL,2262.0,0.553,medium,13341.0,-0.797,1.422,1.739,-0.22,1.733,0.656,0.374,-0.019,0.158
9640.0,Abo Academy University,FIN,2264.0,-0.112,low,4570.0,2.767,-0.456,-0.421,-0.408,-0.391,-0.923,-0.678,-0.128,-0.056
8770.0,University of Greenwich,GBR,2269.0,-0.201,low,4394.0,-0.088,0.342,-0.914,-0.248,-0.401,-0.563,-1.067,-0.268,-0.366
1483.0,"Northwest University, Xi'an",CHN,2269.0,-0.278,very low,15867.0,0.388,-0.447,-0.056,-0.015,-0.914,-1.215,-0.146,-0.268,-0.585
12186.0,Taif University,SAU,2269.0,1.175,significant,15080.0,-0.304,1.629,-0.286,1.977,-0.828,1.822,3.087,-0.268,0.086
3218.0,University of Szeged,HUN,2278.0,-0.191,low,8377.0,0.231,-0.54,-0.04,-0.308,0.26,0.978,-0.603,0.091,0.029
15514.0,University of Nevada-Reno,USA,2284.0,-0.456,very low,8939.0,-0.604,-0.39,-0.268,-0.388,-0.578,-0.101,-1.083,-0.268,-0.381
35774.0,Universidade de Vigo,ESP,2285.0,-0.161,low,10329.0,0.103,-0.24,-0.241,-0.171,-0.522,-0.352,0.436,-0.258,-0.543
2281.0,Ain Shams University,EGY,2285.0,0.477,medium,18928.0,0.947,0.389,0.695,0.727,-0.244,0.732,-0.477,1.09,-0.011
3336.0,"International Institute of Information Technology, Hyderabad",IND,2301.0,-0.289,very low,2406.0,-1.013,-0.221,-0.277,-0.263,-1.038,0.162,0.125,-0.268,0.073
59441.0,"Oklahoma State University, Stillwater",USA,2303.0,-0.278,very low,9928.0,-0.779,-0.334,-0.025,-0.456,0.243,0.413,-0.039,-0.268,-0.187
35914.0,Augusta University,USA,2306.0,-0.349,very low,7485.0,-0.473,-0.447,-1.224,-0.14,-0.142,0.793,-0.558,-0.268,-0.56
2568.0,Ecole Polytechnique,FRA,2307.0,-0.042,low,10008.0,-0.173,-0.212,0.126,-0.514,2.163,0.584,-0.14,-0.204,0.64
62455.0,Sylhet Agricultural University,BGD,2310.0,-0.046,low,953.0,2.498,0.023,-0.348,-0.161,-1.019,-0.538,-1.413,-0.268,-0.133
2369.0,Mansoura University,EGY,2314.0,0.699,medium,17552.0,3.201,0.981,0.576,0.58,-0.809,0.267,0.047,-0.268,-0.21
6671.0,Poznan University of Medical Sciences,POL,2315.0,-0.209,low,7275.0,-0.727,-0.663,-0.33,0.087,0.451,1.009,0.311,-0.268,-0.309
15484.0,University of Vermont,USA,2315.0,-0.314,very low,9046.0,-0.694,-0.259,-0.837,-0.464,0.531,0.808,-0.784,-0.268,0.121
1498.0,Renmin University of China,CHN,2319.0,-0.36,very low,13089.0,-0.804,0.126,-0.694,-0.366,-0.681,-1.184,-0.643,-0.268,-0.508
3011.0,Otto-von-Guericke-Universitat Magdeburg,DEU,2319.0,-0.176,low,9819.0,-0.256,-0.4,-0.246,-0.248,0.278,0.499,-0.234,-0.268,0.858
269.0,Murdoch University,AUS,2328.0,0.476,medium,7034.0,2.056,1.479,-0.88,-0.471,0.18,1.058,-0.397,-0.268,-0.602
78663.0,Hochschule fur Wirtschaft und Recht Berlin,DEU,2334.0,-0.493,very low,630.0,-0.519,-0.043,0.001,-0.545,-1.17,-4.13,-0.101,-0.268,-0.336
6742.0,Warsaw University of Technology,POL,2337.0,-0.112,low,11685.0,-0.528,-0.569,1.309,0.125,0.363,0.079,-0.743,0.303,0.846
1659.0,Yunnan University,CHN,2338.0,-0.192,low,15282.0,0.141,-0.221,0.38,-0.186,-0.255,-0.693,-0.145,-0.268,-0.659
35763.0,Universidad de La Rioja,ESP,2357.0,-0.41,very low,2605.0,-0.893,-0.456,0.258,-0.325,-0.665,-0.337,-0.592,0.268,-0.99
6676.0,Medical University of Warsaw,POL,2361.0,-0.108,low,9849.0,-0.835,-0.09,-0.736,-0.413,0.63,1.642,0.289,-0.268,0.116
90162.0,Duy Tan University,VNM,2361.0,1.567,significant,7802.0,0.665,4.869,-1.061,0.03,-0.471,0.086,1.301,-0.268,0.046
4164.0,Universita degli Studi del Piemonte Orientale Amedeo Avogadro,ITA,2365.0,0.194,medium,6559.0,-0.487,-0.503,0.083,-0.307,4.748,1.494,1.898,-0.268,-0.481
2711.0,Universite Sorbonne-Paris-Nord,FRA,2365.0,-0.086,low,8762.0,0.052,-0.381,-1.571,-0.414,1.079,2.763,-0.272,-0.268,0.92
1336.0,Guangzhou University of Traditional Chinese Medicine,CHN,2367.0,-0.274,very low,10383.0,-0.909,-0.418,-1.029,1.291,-0.578,-0.902,-1.139,-0.268,-0.99
8004.0,Universidad de Castilla-La Mancha,ESP,2368.0,-0.275,very low,10935.0,-0.354,-0.428,0.28,-0.168,-0.684,-0.974,0.09,-0.219,0.073
13860.0,Michigan Technological University,USA,2373.0,-0.287,very low,4923.0,-0.425,-0.4,-0.3,-0.492,0.552,-0.203,-0.126,-0.268,0.207
3058.0,Universitat Bremen,DEU,2378.0,-0.192,low,11091.0,-0.108,-0.024,0.221,-0.484,0.175,-0.391,-0.812,-0.268,0.602
7884.0,Umm Al-Qura University,SAU,2390.0,0.487,medium,12375.0,1.026,-0.08,-0.062,1.506,-0.807,1.74,0.863,-0.268,0.078
3325.0,"Indian Institute of Technology, Madras",IND,2392.0,-0.245,low,17124.0,-0.591,-0.475,0.674,-0.35,0.101,0.054,0.095,-0.268,0.056
3069.0,Universitat Hohenheim,DEU,2395.0,-0.308,very low,5184.0,-0.235,-0.437,-0.429,-0.495,-0.047,0.394,-0.525,-0.268,0.587
11959.0,HSE University,RUS,2397.0,0.361,medium,17896.0,1.345,-0.09,0.748,-0.221,-0.639,1.045,-1.184,3.133,0.9
3202.0,Eotvos Lorand University,HUN,2397.0,0.103,medium,11844.0,1.077,-0.221,0.403,-0.294,1.5,1.604,-0.13,-0.268,-0.299
8692.0,Edinburgh Napier University,GBR,2402.0,0.208,medium,4264.0,-0.349,1.037,-0.945,-0.166,-0.376,-0.148,0.695,-0.268,-0.093
35792.0,Universidad Rey Juan Carlos,ESP,2404.0,-0.203,low,10111.0,-0.302,-0.287,0.128,0.266,-0.716,-0.87,-0.515,-0.268,0.227
8679.0,"Heriot-Watt University, United Kingdom",GBR,2404.0,-0.363,very low,8589.0,-0.251,-0.296,-0.208,-0.302,-0.612,-0.639,-1.332,-0.268,0.885
4175.0,Universita degli Studi di Cagliari,ITA,2406.0,-0.132,low,11364.0,-0.637,-0.409,0.365,-0.214,1.451,0.122,0.09,-0.268,0.351
1477.0,Northeast Forestry University,CHN,2408.0,-0.258,low,11752.0,-0.261,0.032,0.311,-0.061,-1.114,-0.906,-0.885,-0.268,-0.567
4949.0,Kwangwoon University,KOR,2412.0,0.017,medium,3250.0,-1.271,0.812,0.7,-0.256,-1.102,-1.358,1.029,-0.268,-0.721
6200.0,Oslo Metropolitan University,NOR,2414.0,-0.293,very low,6583.0,0.402,-0.287,-0.733,-0.403,-0.545,0.807,-0.895,-0.137,-0.796
4890.0,Hallym University,KOR,2420.0,-0.532,very low,8119.0,-1.388,-0.625,-0.53,-0.275,0.064,-0.166,-0.841,-0.268,-0.153
3200.0,University of Debrecen,HUN,2426.0,-0.06,low,8433.0,0.04,-0.512,0.234,-0.217,1.262,1.835,-0.553,-0.064,0.563
1268.0,Chengdu University of Technology,CHN,2426.0,-0.037,low,14274.0,0.681,0.164,0.553,0.113,-1.028,-1.186,-0.591,-0.268,-0.15
13885.0,Mississippi State University,USA,2431.0,-0.375,very low,8867.0,-0.818,-0.343,-0.187,-0.422,-0.224,0.004,-0.919,-0.268,0.654
8726.0,The Open University,GBR,2443.0,-0.336,very low,6741.0,-0.292,-0.137,-0.229,-0.475,0.087,-0.077,-1.413,-0.268,0.165
59212.0,University of North Texas,USA,2445.0,-0.355,very low,9771.0,-0.922,-0.137,-0.148,-0.465,-0.934,-0.674,-0.117,-0.268,-0.051
15079.0,"Saint Louis University, Saint Louis",USA,2448.0,-0.009,low,8264.0,-0.926,0.821,-1.272,-0.4,-0.073,1.886,-0.729,-0.268,-0.205
4156.0,Scuola Superiore S. Anna di Studi Universitari e di Perfezionamento,ITA,2448.0,-0.145,low,6060.0,0.512,-0.4,0.287,-0.476,0.234,0.05,-0.062,-0.268,0.463
59463.0,"City University of New York, Hunter College",USA,2456.0,-0.47,very low,3296.0,-0.414,-0.306,-0.862,-0.482,-0.539,-0.058,-1.413,-0.268,0.006
78687.0,Donald and Barbara Zucker School of Medicine at Hofstra/Northwell,USA,2457.0,-0.357,very low,6625.0,-0.933,-0.306,-1.242,-0.341,0.263,0.191,-0.076,-0.268,-0.597
85256.0,Communication University of Zhejiang,CHN,2468.0,2.155,significant,515.0,-0.446,6.889,-0.865,1.99,-0.788,-1.069,-1.413,-0.268,0.774
1507.0,Shandong Normal University,CHN,2468.0,0.096,medium,11052.0,0.748,0.117,0.187,-0.248,-0.16,-0.601,1.207,-0.268,-0.597
35890.0,San Diego State University,USA,2473.0,-0.123,low,8713.0,1.678,0.089,-0.493,-0.473,-0.375,-0.412,-1.15,-0.257,-0.361
4856.0,Cha University,KOR,2473.0,-0.478,very low,4038.0,-1.256,-0.343,-0.822,-0.222,0.066,-0.193,-1.03,-0.268,-0.555
1742.0,National Chung Hsing University,TWN,2476.0,-0.326,very low,9303.0,1.599,-0.634,-0.375,-0.298,-0.968,-0.883,-0.807,-0.268,-0.346
264.0,James Cook University,AUS,2479.0,-0.021,low,9910.0,1.457,-0.23,-0.323,-0.435,0.135,1.277,-0.692,0.469,-0.851
6730.0,Gdansk University of Technology,POL,2479.0,-0.076,low,7630.0,-0.112,0.202,1.064,-0.306,-1.013,-0.916,0.043,-0.268,0.036
1077.0,Toronto Metropolitan University,CAN,2485.0,-0.421,very low,9884.0,-0.372,-0.24,-0.252,-0.418,-0.927,-0.791,-0.913,-0.268,-0.225
2656.0,Universite de Bourgogne,FRA,2485.0,-0.398,very low,8765.0,-0.823,-0.503,-0.844,-0.42,0.416,0.824,-1.057,-0.109,0.329
261.0,Edith Cowan University,AUS,2489.0,0.006,medium,8329.0,2.451,-0.277,-0.167,-0.382,-0.442,-0.933,0.468,-0.268,-0.451
1216.0,Anhui University of Science and Technology,CHN,2490.0,-0.178,low,11086.0,0.52,-0.071,0.205,0.119,-1.031,-1.158,-0.882,-0.268,-0.374
8687.0,Liverpool John Moores University,GBR,2490.0,-0.052,low,8832.0,1.114,-0.287,-0.178,-0.202,0.067,0.123,-0.021,-0.268,-0.17
59356.0,"University of Alabama, Tuscaloosa",USA,2494.0,-0.238,low,10356.0,-0.547,-0.23,-0.16,-0.46,1.201,-0.189,-0.337,-0.268,-0.076
98304.0,Lloyd Institute of Engineering and Technology,IND,2499.0,2.064,significant,788.0,-1.654,5.996,4.742,0.317,-1.37,-5.349,3.932,-0.268,1.993
8407.0,Koc University,TUR,2501.0,-0.254,low,7634.0,0.122,-0.277,-0.335,-0.388,0.587,-0.472,-0.217,-0.268,-0.918
1603.0,University of Jinan,CHN,2503.0,-0.175,low,10662.0,0.143,-0.606,0.041,-0.055,-0.267,-1.083,1.193,-0.268,-0.461
3320.0,"Indian Institute of Technology, Bombay",IND,2511.0,-0.175,low,17041.0,-0.642,-0.061,0.74,-0.395,-0.429,-0.363,-0.15,-0.268,0.612
4041.0,Tabriz University of Medical Sciences,IRN,2518.0,0.959,medium,12631.0,0.14,0.605,-0.153,0.079,-0.818,0.678,2.349,5.726,-0.905
6674.0,Medical University of Bialystok,POL,2518.0,-0.509,very low,3647.0,-1.023,-0.803,-0.094,-0.488,0.497,-0.325,-0.139,-0.268,-0.63
15530.0,University of Oklahoma Health Sciences Center,USA,2524.0,-0.32,very low,5880.0,-0.762,-0.221,-1.113,-0.261,0.317,1.06,-0.936,-0.268,-0.356
2294.0,Alexandria University,EGY,2524.0,0.399,medium,15586.0,1.522,0.84,0.488,0.199,-0.614,0.327,-0.329,-0.268,0.091
8358.0,Ankara University,TUR,2528.0,-0.041,low,12525.0,-0.89,-0.108,-0.335,-0.049,0.873,1.014,-0.221,0.616,-0.538
15477.0,University of the Cumberlands,USA,2530.0,-0.256,low,569.0,-1.587,-0.061,-0.613,1.016,-1.273,-3.2,-1.413,-0.268,2.805
15428.0,Worcester Polytechnic Institute,USA,2532.0,-0.217,low,4249.0,-0.482,0.258,-0.442,-0.447,-0.709,0.115,-0.728,-0.268,-0.101
4169.0,Universita della Calabria,ITA,2532.0,-0.123,low,9856.0,-0.862,-0.447,1.48,-0.291,0.725,-0.685,0.336,-0.268,1.462
13610.0,Hofstra University,USA,2539.0,-0.327,very low,7991.0,-0.906,-0.287,-1.27,-0.343,0.173,0.937,-0.257,-0.268,-0.431
5503.0,Instituto Politecnico Nacional,MEX,2545.0,-0.18,low,13565.0,-0.565,-0.137,0.362,-0.153,-0.56,-0.482,-0.816,0.81,-0.349
6672.0,Wroclaw Medical University,POL,2550.0,0.004,medium,7394.0,-1.002,-0.033,-0.393,-0.312,0.628,1.597,1.249,-0.268,-0.259
5000.0,Sookmyung Womens University,KOR,2551.0,-0.451,very low,2003.0,-1.155,-0.146,-1.32,-0.259,-0.673,-0.277,-1.21,0.161,-0.433
59359.0,University of Tennessee Health Science Center,USA,2551.0,-0.261,very low,8412.0,-0.662,-0.531,-1.378,0.113,1.076,2.16,-0.911,-0.268,-0.662
3057.0,Universitat Bielefeld,DEU,2555.0,-0.255,low,9021.0,0.118,-0.362,-0.007,-0.459,-0.343,0.323,-0.439,-0.268,0.108
3117.0,University of Crete,GRC,2556.0,0.138,medium,7073.0,-0.327,0.821,-0.751,-0.39,0.824,1.343,-0.187,-0.268,-0.461
8795.0,St Georges University of London,GBR,2557.0,-0.072,low,5356.0,1.066,-0.559,-1.383,-0.438,1.745,1.388,-0.061,-0.268,0.448
7625.0,Saint Petersburg State University,RUS,2558.0,0.593,medium,21196.0,0.374,0.061,2.749,-0.06,-0.56,-0.025,-0.792,4.648,1.119
69255.0,Universite de Lyon,FRA,2562.0,0.289,medium,19197.0,5.385,-0.296,-0.694,-0.494,0.868,0.619,-1.06,-0.268,0.62
8688.0,London Metropolitan University,GBR,2564.0,-0.296,very low,1286.0,-0.254,-0.287,-1.259,-0.383,-0.929,-0.6,0.556,-0.268,0.051
3536.0,Bogor Agricultural University,IDN,2574.0,-0.143,low,10420.0,-1.005,-0.447,2.618,0.578,-0.93,-1.276,-0.551,0.506,-0.803
758.0,Universidade de Brasilia,BRA,2574.0,-0.116,low,15451.0,-0.263,-0.259,0.447,-0.015,-0.403,0.172,-1.136,0.97,-0.068
6218.0,Norwegian University of Life Sciences,NOR,2574.0,-0.453,very low,5383.0,0.599,-0.493,-0.213,-0.545,-0.21,-1.374,-1.133,-0.268,-0.525
3082.0,Universitat Rostock,DEU,2585.0,-0.152,low,10046.0,-0.545,-0.371,0.141,-0.394,0.678,0.753,0.097,-0.268,0.63
4852.0,Chungbuk National University,KOR,2587.0,-0.391,very low,8041.0,-1.081,-0.324,-0.067,-0.188,-0.142,-0.491,-0.687,-0.268,-0.339
1526.0,Shanghai University of Engineering Science,CHN,2587.0,0.013,medium,7264.0,-0.208,0.868,0.346,-0.099,-1.207,-1.115,-0.53,-0.268,-0.567
4999.0,Sogang University,KOR,2591.0,-0.517,very low,3643.0,-1.057,-0.512,-0.336,-0.158,-0.781,-0.082,-1.075,-0.268,-0.632
6067.0,Massey University,NZL,2591.0,-0.386,very low,10100.0,0.139,-0.268,0.033,-0.426,-0.579,-0.904,-1.186,0.051,-0.957
8851.0,Bukhara State University,UZB,2591.0,2.356,significant,581.0,0.193,3.583,13.991,3.051,-1.234,-2.049,-1.413,-0.268,5.689
1382.0,Huaqiao University,CHN,2596.0,-0.338,very low,8199.0,-0.064,-0.277,-0.211,-0.087,-1.146,-0.712,-0.723,-0.268,-0.572
1326.0,Guangxi Medical University,CHN,2598.0,-0.031,low,9992.0,-1.264,0.352,-1.117,1.002,0.047,0.156,-0.889,-0.268,-0.982
9969.0,National Technical University of Athens,GRC,2599.0,0.078,medium,11185.0,-0.686,-0.014,0.974,-0.298,1.401,-0.438,0.798,-0.268,1.203
8366.0,Bogazici University,TUR,2601.0,0.297,medium,4890.0,1.432,-0.334,0.515,-0.417,3.534,1.368,1.055,-0.268,-0.242
6750.0,Warsaw University of Life Sciences,POL,2604.0,-0.463,very low,6133.0,-1.172,-0.362,0.599,-0.443,-0.55,-0.735,-1.099,0.099,-0.284
15029.0,Rochester Institute of Technology,USA,2608.0,-0.275,very low,5713.0,-0.862,-0.193,-0.324,-0.399,-0.105,1.452,-1.098,-0.268,0.694
1621.0,Wuyi University,CHN,2608.0,-0.05,low,4462.0,1.893,-0.193,-0.689,0.169,-0.791,-0.699,-0.793,-0.268,-0.006
1043.0,Memorial University of Newfoundland,CAN,2611.0,-0.153,low,10500.0,-0.114,-0.212,-0.011,-0.456,-0.3,-0.116,0.245,0.08,0.036
73229.0,Ecole Polytechnique de Montreal,CAN,2614.0,-0.347,very low,6386.0,-0.054,-0.362,-0.27,-0.48,-0.964,-0.512,-0.468,-0.268,0.476
35784.0,Universidad Nacional de Educacion a Distancia,ESP,2614.0,-0.212,low,5811.0,-0.446,-0.259,-0.046,-0.213,-0.586,-0.144,-1.354,1.416,-0.289
79149.0,Iran University of Medical Sciences,IRN,2614.0,0.41,medium,17066.0,-0.356,0.483,-0.775,0.309,-0.728,1.263,-0.696,3.557,-0.714
27906.0,Yanshan University,CHN,2614.0,-0.288,very low,14032.0,-0.271,-0.371,0.376,-0.236,-1.05,-0.946,0.266,-0.268,-0.421
81215.0,Okinawa Institute of Science and Technology Graduate University,JPN,2620.0,-0.329,very low,2870.0,2.107,-0.625,-0.562,-0.545,-0.174,-0.635,-1.413,-0.268,-0.125
2449.0,University of Jyvaskyla,FIN,2621.0,-0.093,low,9890.0,1.33,-0.08,0.132,-0.44,0.691,-1.057,-0.442,-0.268,-0.617
6743.0,Wroclaw University of Science and Technology,POL,2622.0,-0.086,low,10534.0,-0.941,0.22,1.082,0.357,-0.892,-0.827,-0.953,-0.064,0.088
1269.0,Chengdu University of Traditional Chinese Medicine,CHN,2624.0,-0.203,low,9840.0,-0.793,-0.559,-0.453,1.222,-0.999,-1.26,0.111,-0.268,-0.98
1614.0,Wuhan Institute of Technology,CHN,2626.0,-0.355,very low,7534.0,0.329,-0.559,0.759,-0.268,-1.114,-1.047,-0.368,-0.268,-0.654
1298.0,Dalian Medical University,CHN,2633.0,-0.312,very low,8746.0,-1.173,-0.212,-1.214,0.822,-0.437,-0.86,-1.134,-0.268,-0.602
1773.0,Providence University,TWN,2636.0,-0.173,low,1187.0,-0.102,-0.522,-0.926,0.247,-1.278,-0.348,0.93,-0.268,0.123
8735.0,The University of Hull,GBR,2637.0,-0.26,low,7010.0,0.013,-0.315,-0.982,-0.449,0.248,0.637,-0.301,-0.268,-0.299
1529.0,Shantou University,CHN,2641.0,-0.081,low,9587.0,0.085,0.427,-0.639,0.158,-0.76,-1.161,-0.641,-0.268,-0.607
91846.0,Xuzhou Medical University,CHN,2644.0,-0.195,low,9835.0,-0.888,-0.259,-0.99,1.112,-0.631,-0.311,-0.943,-0.268,-0.667
6769.0,University of Lodz,POL,2654.0,0.559,medium,7242.0,-0.636,-0.306,0.638,-0.473,0.215,0.533,-0.926,8.403,-0.158
11106.0,Yokohama City University,JPN,2654.0,0.198,medium,7357.0,0.121,-0.55,-0.568,-0.368,2.157,1.73,2.958,-0.268,-0.212
5145.0,Vilnius University,LTU,2658.0,-0.075,low,9085.0,-0.47,-0.381,-0.003,-0.166,1.79,2.143,-0.339,-0.268,-0.319
8804.0,Plymouth University,GBR,2664.0,-0.127,low,6613.0,0.813,0.286,-0.774,-0.332,0.339,-1.225,-0.953,-0.268,-0.448
1392.0,Hubei University of Technology,CHN,2664.0,-0.195,low,7693.0,0.155,-0.146,-0.027,0.188,-1.205,-0.41,-0.458,-0.268,-0.992
4424.0,Kumamoto University,JPN,2664.0,-0.113,low,8292.0,0.13,-0.465,-0.389,-0.3,0.915,0.079,0.74,-0.268,-0.078
7965.0,North-West University,ZAF,2670.0,0.144,medium,11318.0,2.208,0.192,-0.319,-0.19,-0.382,-0.229,0.019,-0.268,-0.508
3264.0,Birla Institute of Technology and Science,IND,2675.0,-0.372,very low,11342.0,-1.276,-0.39,0.529,0.017,-1.255,-0.944,-0.454,-0.268,0.498
80567.0,Academy of Scientific and Innovative Research,IND,2675.0,-0.562,very low,17529.0,-1.285,-0.296,1.131,-0.42,-1.221,-1.679,-0.986,-0.268,-0.925
2643.0,Universite Clermont-Auvergne,FRA,2678.0,0.101,medium,10961.0,0.849,-0.343,-0.003,-0.474,2.741,1.002,0.263,-0.268,0.538
70977.0,Lovely Professional University,IND,2684.0,0.884,medium,16098.0,-0.431,1.366,1.245,1.161,-1.102,-0.136,1.868,-0.268,2.49
2469.0,College de France,FRA,2685.0,-0.159,low,3895.0,1.155,-0.381,-1.095,-0.519,1.024,1.819,-0.914,-0.268,-0.52
8121.0,Lulea University of Technology,SWE,2696.0,0.008,medium,6577.0,1.374,-0.221,-0.341,-0.251,-0.696,-0.105,0.53,-0.268,0.356
4210.0,Universita degli Studi Gabriele d'Annunzio di Chieti e Pescara,ITA,2697.0,-0.129,low,9459.0,-0.531,-0.39,0.131,-0.021,0.771,-0.468,0.446,-0.268,0.116
59307.0,"State University of New York, Albany",USA,2697.0,-0.325,very low,7469.0,-0.795,0.07,-0.694,-0.489,0.072,-0.344,-0.93,-0.268,-0.014
313.0,Johannes Kepler Universitat Linz,AUT,2703.0,-0.256,low,8038.0,-0.036,-0.343,0.338,-0.396,-0.196,-0.244,-0.99,-0.268,1.213
2630.0,Institut Polytechnique de Grenoble,FRA,2710.0,0.571,medium,12696.0,3.128,0.784,0.172,-0.459,1.682,0.681,-0.063,-0.268,0.424
1114.0,Universite du Quebec en Montreal,CAN,2715.0,-0.282,very low,9402.0,-0.297,-0.052,-0.396,-0.417,-0.5,-0.308,-0.574,-0.268,-0.178
11960.0,I.M. Sechenov First Moscow State Medical University,RUS,2715.0,0.974,medium,19047.0,1.713,1.592,-0.434,0.423,-0.171,1.71,0.72,0.296,1.673
3062.0,Technische Universitat Dortmund,DEU,2721.0,0.049,medium,9971.0,-0.569,-0.334,1.067,-0.467,2.103,0.113,1.674,-0.268,-0.106
1242.0,Beijing University of Chinese Medicine,CHN,2723.0,0.224,medium,11324.0,-0.753,0.23,-0.508,1.291,-0.805,-0.855,-0.599,1.839,-0.868
4888.0,Gyeongsang National University,KOR,2728.0,-0.201,low,9446.0,-0.393,0.136,-0.1,-0.136,-0.581,-0.701,-0.652,-0.268,-0.282
3074.0,Universitat Konstanz,DEU,2730.0,-0.282,very low,6471.0,1.172,-0.39,-0.057,-0.538,-0.133,-0.37,-0.886,-0.268,-0.63
1550.0,Shihezi University,CHN,2733.0,-0.159,low,7964.0,0.835,0.042,0.206,-0.119,-1.151,-1.55,-0.486,-0.268,-0.62
8960.0,Ton Duc Thang University,VNM,2739.0,1.099,significant,7542.0,-0.97,3.958,-1.073,0.154,-1.069,-1.408,1.61,-0.268,0.416
70931.0,Saveetha Institute of Medical and Technical Sciences,IND,2745.0,2.268,significant,26174.0,-0.151,1.732,3.63,6.151,-1.134,0.59,3.266,-0.268,1.586
80839.0,Torrens University Australia,AUS,2746.0,0.47,medium,1379.0,3.327,-0.606,-1.446,-0.242,-0.521,3.947,3.544,-0.268,-1.186
9732.0,Ecole Normale Superieure de Paris,FRA,2746.0,0.026,medium,8896.0,3.907,-0.381,-0.844,-0.534,0.439,0.712,-1.328,-0.268,0.016
1619.0,Wuhan University of Science and Technology,CHN,2753.0,-0.202,low,13322.0,-0.111,-0.428,-0.08,0.023,-1.078,0.817,0.188,-0.268,-0.848
8397.0,Istanbul University,TUR,2757.0,0.001,medium,8944.0,-0.296,-0.343,-0.005,-0.213,2.389,1.815,-0.157,0.033,-0.421
96676.0,Southwest Medical University,CHN,2757.0,-0.213,low,8864.0,-0.895,0.108,-0.979,0.474,-0.639,-0.669,-0.645,-0.268,-0.898
6739.0,Silesian University of Technology,POL,2757.0,0.131,medium,9929.0,-0.875,0.54,0.981,0.597,-0.897,-0.243,-0.9,0.436,-0.173
10171.0,Royal College of Surgeons in Ireland,IRL,2757.0,0.057,medium,6673.0,1.585,-0.202,-1.196,0.277,0.524,0.959,-0.76,-0.268,-0.15
6762.0,Medical University of Lodz,POL,2757.0,0.082,medium,6609.0,-0.998,0.352,-0.756,-0.364,0.594,2.782,0.465,-0.268,-0.031
430.0,University of Rajshahi,BGD,2763.0,0.154,medium,2873.0,0.516,-0.324,0.029,0.782,-0.623,2.458,-0.075,-0.268,-0.309
432.0,Begum Rokeya University,BGD,2763.0,1.71,significant,883.0,0.846,3.479,2.387,0.697,-0.851,-1.818,5.14,-0.268,-0.617
15216.0,Syracuse University,USA,2765.0,-0.291,very low,7985.0,-0.644,-0.23,-0.69,-0.46,0.7,0.9,-0.789,-0.268,-0.113
1774.0,Shih Chien University,TWN,2765.0,-0.231,low,458.0,-0.219,-0.484,1.989,0.253,-1.295,-4.631,1.136,-0.268,-0.096
7978.0,University of South Africa,ZAF,2768.0,0.039,medium,12207.0,0.827,0.004,0.301,0.058,-0.565,0.052,-0.147,-0.268,-0.091
4983.0,Sangmyung University,KOR,2770.0,-0.111,low,1882.0,-1.171,-0.569,0.118,2.175,-0.924,-1.16,-1.413,-0.268,0.163
417.0,Khulna University of Engineering and Technology,BGD,2770.0,-0.341,very low,2381.0,0.066,-0.447,-0.205,-0.128,-1.034,1.103,-1.264,-0.268,-0.558
59558.0,"AgroParisTech, Institut des Sciences et Industries du Vivant et de l'Environnement",FRA,2773.0,0.081,medium,7512.0,4.202,-0.268,-0.688,-0.469,0.755,0.3,-1.209,-0.268,-0.709
59353.0,"University of Maryland, Baltimore County",USA,2777.0,0.029,medium,5290.0,1.653,-0.212,-0.507,-0.506,1.151,0.316,-0.498,-0.268,1.136
84155.0,Prince Sattam Bin Abdulaziz University,SAU,2777.0,2.24,significant,17901.0,1.935,4.118,0.262,2.44,-0.971,0.709,3.325,-0.268,0.356
839.0,Universidade Federal de Sao Paulo,BRA,2777.0,-0.105,low,17615.0,0.468,-0.306,-0.507,-0.29,-0.057,0.929,-0.489,0.342,-0.115
1354.0,Harbin University of Science and Technology,CHN,2783.0,-0.281,very low,7044.0,-0.399,-0.343,0.191,0.093,-1.253,-0.802,-0.275,-0.268,-0.192
15449.0,University of Rhode Island,USA,2783.0,-0.404,very low,5826.0,-0.211,-0.362,-0.839,-0.509,-0.117,0.471,-1.134,0.064,-0.833
1394.0,Hunan Agricultural University,CHN,2787.0,-0.32,very low,7822.0,-0.003,-0.202,-0.58,-0.272,-1.022,-0.487,-0.273,-0.268,-0.93
59348.0,"University of Massachusetts, Lowell",USA,2791.0,-0.192,low,5112.0,-0.54,0.361,-0.365,-0.505,-0.513,-0.387,-1.344,-0.268,1.576
93905.0,Karshi Engineering Economic Institute,UZB,2793.0,1.887,significant,403.0,-0.774,-0.024,11.435,4.64,-1.401,-0.285,-1.413,-0.268,14.493
13174.0,Brandeis University,USA,2793.0,-0.06,low,4034.0,-0.385,-0.165,-0.02,-0.494,2.445,0.832,0.207,-0.268,-0.595
8734.0,University of Huddersfield,GBR,2797.0,-0.189,low,5707.0,0.067,-0.146,-0.707,-0.363,-0.809,-0.86,0.53,-0.268,0.265
15507.0,University of Mississippi Medical Center,USA,2804.0,0.363,medium,5933.0,-0.805,1.056,-1.089,0.133,0.801,1.657,0.787,-0.268,-0.409
59372.0,University of Arkansas for Medical Sciences,USA,2807.0,-0.293,very low,7702.0,-0.505,-0.324,-1.131,-0.247,0.33,1.485,-0.57,-0.268,-0.92
3118.0,University of Thessaly,GRC,2807.0,-0.134,low,9412.0,-0.237,-0.484,0.141,-0.074,0.204,0.319,0.325,-0.268,0.21
9039.0,University of Sharjah,ARE,2816.0,0.616,medium,12873.0,2.951,-0.268,0.522,0.388,-0.185,0.045,3.16,-0.268,0.312
8662.0,Bournemouth University,GBR,2816.0,-0.072,low,4807.0,-0.152,0.427,-1.302,-0.35,-0.224,1.989,-1.061,-0.268,-0.093
35791.0,Universidad Publica de Navarra,ESP,2819.0,-0.393,very low,4795.0,-0.729,-0.493,-0.312,-0.328,-0.211,-0.947,0.234,-0.268,-0.602
1573.0,Southwest University of Science and Technology,CHN,2825.0,-0.061,low,9431.0,0.328,0.192,0.433,-0.279,-1.082,-0.148,0.01,-0.268,-0.605
10530.0,University of Jordan,JOR,2830.0,0.925,medium,11302.0,1.201,-0.071,0.511,1.641,-0.715,0.569,0.342,4.08,0.754
1279.0,China Three Gorges University,CHN,2832.0,-0.35,very low,7980.0,-0.106,-0.362,0.126,-0.159,-1.167,-0.904,-0.371,-0.268,-0.746
92018.0,Information Technology University,PAK,2833.0,0.798,medium,764.0,3.176,1.404,0.832,-0.545,-1.019,0.032,1.97,-0.268,0.128
59337.0,"Penn State Erie, The Behrend College",USA,2836.0,-0.186,low,795.0,-1.294,-0.287,-0.999,-0.283,-1.157,-0.308,-0.967,-0.268,6.657
4893.0,Handong Global University,KOR,2839.0,-0.38,very low,676.0,-0.553,-0.475,-1.178,0.15,-1.149,0.362,-1.413,-0.268,1.074
1906.0,Universidad de Antioquia,COL,2843.0,0.861,medium,8958.0,0.212,0.662,-0.219,-0.003,1.003,2.102,-0.452,5.434,-0.016
35810.0,Universitat Ramon Llull,ESP,2847.0,0.482,medium,4807.0,-0.342,1.676,-0.258,-0.382,1.513,0.107,-0.024,0.514,-0.548
4117.0,University of Limerick,IRL,2848.0,-0.249,low,7781.0,0.895,-0.296,-0.298,-0.378,-0.496,-1.092,-0.958,-0.268,0.863
35765.0,Universidad de las Palmas de Gran Canaria,ESP,2853.0,-0.199,low,4852.0,-0.569,0.173,-0.144,-0.244,-0.17,0.429,-1.251,-0.069,-0.389
1559.0,South-Central Minzu University,CHN,2865.0,-0.515,very low,3460.0,-0.467,-0.653,-0.721,-0.092,-1.148,-1.005,-0.533,-0.268,-0.605
4393.0,Kindai University,JPN,2866.0,0.039,medium,6952.0,-0.761,0.098,-0.513,-0.335,1.114,2.708,-0.201,-0.268,0.684
2694.0,Universite Francois Rabelais de Tours,FRA,2871.0,-0.162,low,6105.0,0.198,0.032,-0.553,-0.52,0.401,0.051,-1.233,-0.268,1.347
8814.0,University of the West of England,GBR,2871.0,-0.358,very low,5704.0,-0.83,-0.212,-1.039,-0.325,-0.584,1.076,-0.81,-0.268,-0.225
1724.0,Kaohsiung Medical University,TWN,2874.0,0.055,medium,9009.0,3.526,-0.184,0.129,-0.244,-0.83,-1.081,-0.379,-0.268,-0.796
8742.0,University of Stirling,GBR,2876.0,-0.421,very low,5161.0,-0.049,-0.306,-0.737,-0.454,0.17,-0.445,-1.344,-0.268,-0.423
8395.0,Istanbul Technical University,TUR,2881.0,0.059,medium,12093.0,0.42,-0.127,0.698,0.098,-0.311,-0.671,-0.147,0.612,0.066
81223.0,"Indraprastha Institute of Information Technology, Delhi",IND,2881.0,-0.311,very low,2044.0,-0.716,-0.193,-0.179,-0.443,-0.783,-0.386,-0.264,-0.268,0.555
91845.0,Chongqing University of Education,CHN,2891.0,0.466,medium,726.0,1.545,0.361,-1.106,1.685,-1.2,-0.86,0.756,-0.268,-0.495
4536.0,Okayama University,JPN,2891.0,0.214,medium,11471.0,-0.346,-0.24,0.018,-0.286,0.599,0.668,0.635,2.216,0.57
59263.0,"University of Minnesota, Duluth",USA,2891.0,-0.391,very low,2363.0,-0.792,-0.315,-0.809,-0.391,0.397,0.646,-1.413,-0.268,0.342
1295.0,Dalian Polytechnic University,CHN,2895.0,-0.002,low,6302.0,1.621,-0.663,1.097,-0.139,-1.289,-1.877,2.357,-0.268,-0.868
1347.0,Hangzhou Normal University,CHN,2897.0,-0.053,low,8896.0,0.186,0.277,-0.338,0.024,0.084,-0.613,-0.438,-0.268,-0.903
2453.0,Lappeenranta University of Technology,FIN,2903.0,0.054,medium,4941.0,0.589,0.267,-0.163,-0.461,1.061,-0.73,0.536,-0.268,-0.567
2393.0,Zagazig University,EGY,2907.0,0.721,medium,13893.0,1.917,1.169,1.25,0.481,-0.975,0.16,0.314,-0.268,1.121
35754.0,Universidad de Cantabria,ESP,2910.0,-0.053,low,6768.0,-0.952,-0.381,-0.058,-0.337,2.291,1.422,0.004,0.304,0.21
56221.0,Bangalore Medical College and Research Institute,IND,2912.0,-0.264,very low,497.0,-1.552,-0.418,-2.166,0.296,0.113,5.761,-1.413,-0.268,-1.186
3048.0,Rheinland-Pfalzische Technische Universitat Kaiserslautern-Landau,DEU,2912.0,-0.196,low,7182.0,-0.303,-0.381,0.515,-0.378,-0.471,-0.374,0.129,-0.268,1.087
59315.0,"University of North Carolina, Charlotte",USA,2914.0,-0.381,very low,7978.0,-1.001,-0.033,-0.711,-0.408,-0.762,0.399,-1.413,-0.268,0.65
77083.0,Institut National des Sciences Appliquees de Rennes,FRA,2918.0,-0.345,very low,5380.0,-0.923,-0.503,0.157,-0.41,-0.395,1.037,0.072,-0.268,-0.811
35892.0,San Jose State University,USA,2922.0,-0.424,very low,4353.0,-0.896,-0.165,-0.796,-0.258,-0.38,-0.015,-1.413,-0.268,-0.118
397.0,Comilla University,BGD,2922.0,0.024,medium,587.0,0.747,-0.005,0.938,1.501,-1.36,-3.72,-1.413,-0.268,0.523
1100.0,Ecole de Technologie Superieure,CAN,2925.0,-0.182,low,4937.0,-0.583,-0.099,-0.138,-0.228,-1.111,-1.06,0.74,-0.268,0.401
424.0,Patuakhali University of Science and Technology,BGD,2929.0,0.207,medium,1029.0,1.875,0.314,0.526,-0.241,-0.74,1.832,-0.215,-0.268,-1.186
35783.0,Universidad Miguel Hernandez,ESP,2932.0,-0.128,low,7102.0,-0.938,0.314,-0.042,-0.332,0.524,-0.513,-0.427,0.02,-0.394
3813.0,Padjadjaran University,IDN,2932.0,0.835,medium,8854.0,-0.602,0.774,1.26,3.732,-0.863,0.41,-0.559,-0.268,-0.818
11719.0,Medical University of Lublin,POL,2936.0,-0.227,low,5875.0,-0.861,0.239,-0.523,-0.296,0.062,0.048,-0.942,-0.268,-0.237
8771.0,University of Hertfordshire,GBR,2939.0,-0.254,low,5439.0,0.967,-0.381,-0.361,-0.411,0.197,0.398,-1.083,-0.268,-0.612
8154.0,Universite de Fribourg,CHE,2942.0,0.027,medium,6179.0,2.042,-0.277,-0.093,-0.376,1.149,0.09,-0.296,-0.268,-0.386
8359.0,Ataturk University,TUR,2945.0,0.222,medium,8529.0,-0.822,0.418,1.182,0.055,-0.854,-0.407,0.647,1.484,-0.833
8672.0,Edge Hill University,GBR,2948.0,-0.477,very low,2406.0,-0.722,-0.155,-1.018,-0.307,-0.422,-0.551,-1.108,-0.268,-1.186
6675.0,Medical University of Gdansk,POL,2948.0,-0.282,very low,6060.0,-0.402,-0.578,-0.614,-0.373,0.803,1.836,-0.534,-0.268,-0.307
15274.0,Uniformed Services University of the Health Sciences,USA,2954.0,-0.241,low,7305.0,-0.679,0.023,-0.509,-0.381,0.194,0.621,-0.582,-0.268,-0.687
1534.0,Shanxi University,CHN,2954.0,0.004,medium,12240.0,1.946,-0.493,0.133,-0.276,-0.203,-0.81,1.111,-0.268,-0.553
1478.0,Northeast Normal University,CHN,2958.0,-0.235,low,9369.0,0.603,-0.39,-0.234,-0.005,-1.02,-1.572,-0.043,-0.268,-0.091
3055.0,Universitat Augsburg,DEU,2961.0,-0.14,low,5666.0,0.652,-0.315,-0.181,-0.453,0.287,-0.567,0.206,-0.268,0.183
5205.0,Petronas University of Technology,MYS,2961.0,1.112,significant,8801.0,-0.291,3.564,0.973,0.66,-1.045,-1.722,0.388,-0.268,0.364
2167.0,Palacky University,CZE,2965.0,0.477,medium,8978.0,0.285,0.352,0.072,-0.382,1.636,1.91,0.478,2.103,-0.386
59259.0,"University of Michigan, Dearborn",USA,2969.0,-0.487,very low,1905.0,-1.435,-0.259,-0.55,-0.49,-0.968,-0.369,-1.22,-0.268,1.504
1635.0,Xiangtan University,CHN,2973.0,-0.172,low,9248.0,0.397,0.305,0.095,-0.353,-0.884,-1.223,-0.646,-0.268,-0.808
13504.0,Florida Atlantic University,USA,2973.0,-0.323,very low,6620.0,-0.379,-0.146,-0.686,-0.174,-0.77,-0.562,-0.882,-0.268,0.183
6758.0,Adam Mickiewicz University,POL,2978.0,-0.104,low,10396.0,-0.827,0.605,1.11,-0.445,-0.616,0.748,-1.267,-0.237,-0.52
2685.0,Universite de Versailles Saint Quentin en Yvelines,FRA,2981.0,0.269,medium,9844.0,3.44,-0.512,-0.702,-0.381,2.225,1.894,-0.006,-0.268,0.222
402.0,Dhaka University of Engineering and Technology,BGD,2983.0,-0.265,very low,882.0,0.92,-0.522,-0.139,0.047,-1.236,-0.955,-0.074,-0.268,-1.186
4838.0,Jeju National University,KOR,2983.0,0.447,medium,5590.0,-0.76,2.136,0.14,0.081,-0.506,-1.472,0.075,-0.268,-0.463
1522.0,Shanghai Normal University,CHN,2992.0,-0.198,low,6660.0,-0.185,0.502,-0.947,-0.169,-0.949,-0.733,-1.236,-0.268,-0.282
8422.0,Sabanci University,TUR,2995.0,-0.403,very low,3039.0,0.429,-0.447,-0.609,-0.494,-0.586,-0.823,-0.593,-0.268,-0.518
4865.0,Dankook University,KOR,2995.0,0.126,medium,5664.0,-0.827,1.244,-0.366,-0.103,-0.754,-0.341,-0.514,-0.268,0.15
1669.0,Zhejiang Normal University,CHN,2998.0,-0.12,low,10752.0,0.67,-0.381,0.944,-0.089,-1.144,-2.033,0.414,-0.268,0.843
35798.0,Universitat Jaume I,ESP,2998.0,-0.352,very low,6241.0,0.023,-0.418,0.195,-0.311,-0.444,-0.986,-1.184,0.318,-0.366
3323.0,"Indian Institute of Technology, Kanpur",IND,3001.0,-0.285,very low,11372.0,-0.652,-0.202,0.588,-0.371,-1.012,-0.191,-0.483,-0.268,0.424
68108.0,Maynooth University,IRL,3005.0,-0.333,very low,4617.0,-0.351,-0.202,-0.309,-0.455,-0.407,-0.494,-0.512,-0.268,-0.163
59444.0,"Montana State University, Bozeman",USA,3005.0,0.285,medium,4736.0,-0.686,1.761,-0.825,-0.501,0.245,1.625,-1.316,-0.268,0.642
49572.0,State University of New York Upstate Medical University,USA,3005.0,0.094,medium,4123.0,-0.268,0.286,-1.516,0.177,0.743,2.934,-0.563,-0.268,-0.498
35805.0,Universitat de Vic-Universitat Central de Catalunya,ESP,3011.0,-0.2,low,2575.0,1.437,-0.475,-1.154,-0.322,1.145,-0.077,-0.97,-0.268,-0.18
59398.0,"University of Missouri, Kansas City",USA,3011.0,-0.173,low,7013.0,-0.043,-0.174,-1.228,-0.277,0.088,0.558,-0.148,-0.268,0.198
4167.0,Universita degli Studi dell Aquila,ITA,3016.0,0.136,medium,10047.0,-0.585,0.164,0.777,-0.093,1.211,0.322,0.219,-0.268,1.069
59306.0,State University of New York at Binghamton,USA,3017.0,-0.44,very low,5495.0,-0.566,-0.277,-0.216,-0.422,-0.637,-0.599,-1.275,-0.268,0.22
1500.0,"Shaanxi Normal University, Xi'an",CHN,3021.0,-0.098,low,11819.0,-0.002,0.605,-0.216,-0.095,-1.039,-1.053,-0.856,-0.268,-0.654
1666.0,Zhejiang Chinese Medical University,CHN,3024.0,-0.314,very low,9046.0,-0.727,-0.465,-0.94,1.164,-1.073,-1.618,-0.699,-0.268,-1.129
13693.0,Kent State University,USA,3024.0,-0.373,very low,6024.0,-0.522,-0.165,-0.355,-0.363,-0.389,-0.735,-1.354,-0.144,0.491
8752.0,University of Bradford,GBR,3033.0,0.018,medium,4121.0,0.03,0.784,-1.052,-0.241,-0.541,-0.905,-0.394,-0.268,0.391
8774.0,University of Lincoln,GBR,3036.0,-0.331,very low,5133.0,0.579,-0.174,-0.94,-0.372,-0.53,0.244,-1.193,-0.268,-1.084
72731.0,Hasso Plattner Institute,DEU,3040.0,0.151,medium,1694.0,0.908,-0.184,-0.871,-0.422,0.19,0.264,0.198,-0.268,4.544
1651.0,Yangtze University,CHN,3045.0,-0.032,low,9526.0,0.046,0.192,0.683,0.425,-1.093,-0.983,-1.036,-0.268,0.416
35900.0,Missouri University of Science & Technology,USA,3048.0,-0.09,low,5771.0,-0.471,0.314,-0.048,-0.491,-0.682,-0.092,-0.463,-0.268,1.509
68694.0,Monash University Malaysia,MYS,3053.0,0.222,medium,5806.0,0.844,1.009,-0.595,-0.122,-0.761,-0.035,-0.023,-0.268,-0.838
81259.0,Imam Abdulrahman Bin Faisal University,SAU,3059.0,0.366,medium,10132.0,-0.5,-0.014,-0.137,1.584,-0.378,1.547,0.792,-0.268,-0.014
10387.0,Mashhad University of Medical Sciences,IRN,3059.0,1.009,medium,12168.0,-0.148,0.239,0.263,0.193,-0.665,1.146,2.179,7.014,-0.856
4374.0,Kanazawa University,JPN,3061.0,0.184,medium,9108.0,0.163,0.577,0.286,-0.339,0.7,0.272,-0.063,-0.268,0.657
4211.0,Universita degli Studi Magna Graecia di Catanzaro,ITA,3061.0,0.061,medium,6407.0,-0.812,-0.287,0.554,-0.04,1.297,-0.26,1.994,-0.268,-0.309
9457.0,Hochschule Darmstadt,DEU,3065.0,-0.126,low,647.0,-0.419,-0.155,1.083,-0.142,-0.425,-0.817,-0.359,-0.268,1.221
10302.0,"Indian Institute of Technology, Roorkee",IND,3065.0,0.017,medium,14209.0,-1.054,0.943,0.856,-0.097,-1.179,-1.378,-0.447,-0.268,0.309
7908.0,University of Novi Sad,SRB,3069.0,-0.188,low,9995.0,-1.12,-0.418,0.681,-0.012,-0.279,0.548,-0.934,1.131,-0.302
3056.0,Universitat Bayreuth,DEU,3071.0,0.004,medium,7242.0,0.338,0.737,0.256,-0.488,-0.103,-0.703,-1.034,-0.268,0.093
35807.0,Universitat Oberta de Catalunya,ESP,3077.0,-0.178,low,3443.0,0.973,-0.137,-0.742,-0.348,-0.393,-0.55,-1.12,0.419,-0.212
4556.0,Osaka Metropolitan University,JPN,3077.0,-0.041,low,11384.0,-0.422,-0.127,0.239,-0.302,1.047,0.938,0.045,-0.268,0.225
1629.0,Xi'an University of Architecture and Technology,CHN,3086.0,0.0,medium,13028.0,-0.236,0.211,1.05,-0.144,-1.207,-1.04,1.16,-0.268,-0.803
4183.0,Universita del Salento,ITA,3089.0,-0.161,low,7521.0,-0.671,-0.475,0.7,-0.302,1.869,-0.621,-0.03,-0.125,0.543
6316.0,"University of the Punjab, Lahore",PAK,3097.0,0.301,medium,10880.0,-0.015,0.183,1.108,0.727,-0.256,-0.41,1.258,-0.2,-0.515
13166.0,Boston College,USA,3099.0,-0.306,very low,6673.0,-0.668,0.342,-1.135,-0.483,-0.397,0.361,-1.25,-0.268,-0.712
13121.0,Baylor University,USA,3105.0,-0.199,low,7270.0,-0.232,-0.296,0.133,-0.488,0.733,-0.273,0.056,-0.268,0.036
8225.0,Khon Kaen University,THA,3109.0,0.093,medium,9856.0,-0.814,0.267,1.104,0.584,-0.857,-1.045,-0.117,0.419,-0.264
445.0,University of Chittagong,BGD,3109.0,-0.038,low,2411.0,0.612,-0.184,0.632,-0.112,-0.756,1.024,-0.434,-0.268,0.071
6246.0,"Government College University, Faisalabad",PAK,3109.0,0.5,medium,8390.0,0.008,1.178,0.286,0.295,-0.909,-1.08,1.951,-0.268,0.076
67398.0,Hunan University of Technology,CHN,3115.0,0.493,medium,4322.0,0.869,2.728,-0.505,-0.086,-1.182,-2.522,-1.413,-0.268,-0.319
8812.0,University of Teesside,GBR,3117.0,-0.442,very low,3111.0,-0.338,-0.418,-1.027,-0.209,-0.714,-0.644,-0.856,-0.268,-0.19
1019.0,Brandon University,CAN,3117.0,0.468,medium,1226.0,2.737,-0.362,-1.045,0.008,-1.084,-1.6,5.522,-0.268,-0.759
1668.0,Zhejiang Gongshang University,CHN,3117.0,-0.066,low,6514.0,0.005,0.69,-0.298,0.056,-1.282,-1.8,-0.676,-0.268,-0.416
78770.0,Amman Arab University,JOR,3117.0,1.342,significant,1083.0,-0.006,-0.221,-0.404,7.751,-0.885,-1.586,0.428,-0.268,-0.264
1039.0,University of New Brunswick,CAN,3117.0,0.046,medium,5427.0,-0.06,0.399,-0.32,-0.43,-0.658,-0.118,0.845,-0.11,-0.009
10860.0,National Defense Medical College,JPN,3126.0,-0.176,low,1784.0,-0.568,-0.268,-0.711,-0.282,2.097,0.908,-0.531,-0.268,-0.334
391.0,Bangladesh University of Engineering and Technology,BGD,3126.0,-0.15,low,4498.0,0.149,0.07,0.166,0.036,-0.991,-0.48,-1.241,0.138,-0.346
8681.0,Keele University,GBR,3126.0,-0.03,low,6331.0,0.925,-0.409,-0.515,-0.339,0.513,-0.504,1.509,-0.268,-0.61
35757.0,Universidad de Extremadura,ESP,3126.0,-0.181,low,8185.0,-0.439,-0.39,0.952,-0.22,-0.84,0.116,-0.222,0.349,-0.001
3549.0,Bandung Institute of Technology,IDN,3126.0,-0.116,low,12064.0,-0.29,-0.324,1.526,0.593,-0.904,-1.361,-0.323,-0.268,-0.255
13329.0,Colorado School of Mines,USA,3132.0,-0.106,low,6635.0,-0.478,0.07,-0.117,-0.498,0.337,-0.098,-0.921,-0.268,2.664
8791.0,"Royal Veterinary College, University of London",GBR,3136.0,-0.474,very low,2914.0,0.598,-0.616,-0.785,-0.545,-0.101,-0.37,-1.174,-0.268,-0.657
293.0,Victoria University,AUS,3136.0,-0.154,low,4867.0,1.411,-0.456,-0.415,-0.18,-0.857,-0.565,-0.027,-0.268,-0.019
1537.0,Shenyang Agricultural University,CHN,3140.0,-0.466,very low,5785.0,-0.5,-0.24,-0.003,-0.293,-0.948,-1.633,-0.896,-0.268,-0.796
3089.0,Universitat zu Lubeck,DEU,3142.0,0.137,medium,6352.0,0.418,-0.268,-0.316,-0.447,1.026,1.284,0.946,-0.268,1.958
5019.0,Incheon National University,KOR,3147.0,-0.385,very low,4940.0,-0.726,-0.202,-0.314,-0.313,-1.145,-1.321,-0.229,-0.268,-0.009
8671.0,De Montfort University,GBR,3147.0,-0.201,low,4456.0,-0.093,0.371,-0.813,-0.252,-0.97,-0.833,-0.712,-0.268,-0.481
1174.0,Universidad de Concepcion,CHL,3154.0,0.078,medium,8934.0,0.893,-0.137,0.047,-0.341,-0.132,1.61,-1.068,1.646,-0.731
35758.0,Universitat de Girona,ESP,3154.0,-0.214,low,6761.0,-0.128,-0.043,-0.171,-0.391,0.409,-0.303,-0.517,-0.268,-0.577
92049.0,Skolkovo Institute of Science and Technology,RUS,3158.0,0.006,medium,5707.0,2.594,-0.522,0.159,-0.381,-0.133,-1.087,0.343,-0.268,0.503
1667.0,Zhejiang A & F University,CHN,3159.0,-0.463,very low,6418.0,0.381,-0.428,-0.63,-0.301,-1.023,-1.144,-0.902,-0.268,-1.106
4207.0,Universita degli Studi di Udine,ITA,3159.0,-0.027,low,8061.0,-0.576,-0.456,-0.239,-0.377,2.415,1.91,0.556,-0.229,0.121
395.0,Chittagong University of Engineering and Technology,BGD,3162.0,-0.284,very low,1866.0,0.147,-0.371,-0.254,0.378,-1.206,-1.32,-0.647,-0.268,-0.647
77081.0,Ecole Nationale Superieure de Chimie de Rennes,FRA,3165.0,-0.335,very low,2526.0,-0.74,-0.907,0.737,-0.483,-0.526,0.323,1.573,-0.268,-0.987
1655.0,Yantai University,CHN,3169.0,-0.45,very low,7703.0,-0.758,-0.597,-0.226,-0.179,-0.578,0.004,-0.803,-0.268,-0.245
12238.0,University of Boras,SWE,3169.0,-0.001,low,1223.0,1.747,-0.418,-1.117,-0.332,-0.785,0.823,0.529,-0.268,0.881
4927.0,Keimyung University,KOR,3171.0,-0.528,very low,3582.0,-1.375,-0.578,-0.981,-0.122,-0.221,0.212,-1.179,-0.118,-0.272
6221.0,University of Stavanger,NOR,3171.0,-0.222,low,6126.0,0.523,-0.334,0.152,-0.477,-0.846,-0.943,-0.768,0.012,1.583
1327.0,Guangxi Normal University,CHN,3171.0,0.11,medium,7453.0,0.775,0.192,0.615,0.008,0.101,-1.476,0.316,-0.268,0.123
3102.0,University of Ghana,GHA,3179.0,-0.181,low,9510.0,-0.111,-0.165,0.049,0.07,-0.107,1.037,-1.297,-0.268,-0.545
5668.0,Universidad de Guadalajara,MEX,3179.0,-0.123,low,7845.0,-0.718,-0.409,-0.132,0.214,-0.37,0.223,-0.716,0.609,1.077
1396.0,Hunan Normal University,CHN,3184.0,-0.173,low,9879.0,0.424,-0.259,0.16,-0.09,-0.206,-1.195,-0.212,-0.268,-0.192
5135.0,Kaunas University of Technology,LTU,3184.0,0.21,medium,4109.0,-0.028,-0.268,0.012,-0.177,-0.485,-0.269,-0.41,4.076,-0.024
5086.0,American University of Beirut,LBN,3188.0,-0.164,low,7635.0,-0.282,-0.315,-1.249,-0.278,-0.05,2.217,-0.045,-0.043,-0.448
4166.0,Universita degli Studi dell'Insubria,ITA,3188.0,-0.223,low,7105.0,-0.703,-0.55,-0.603,-0.31,1.459,1.025,0.116,-0.268,-0.101
35762.0,Universidad de La Laguna,ESP,3188.0,-0.078,low,8810.0,-0.453,-0.362,1.082,-0.356,1.835,1.515,-0.369,-0.012,-0.724
15533.0,University of Akron,USA,3188.0,-0.476,very low,3003.0,-0.788,-0.456,-0.656,-0.476,-0.98,-1.121,-0.605,-0.018,0.707
70984.0,Amrita University,IND,3193.0,-0.042,low,12850.0,-1.496,-0.277,3.539,0.845,-1.201,-1.665,-0.088,-0.268,0.478
1755.0,National Sun Yat-sen University,TWN,3195.0,0.102,medium,8785.0,2.391,0.004,0.53,-0.313,-0.619,-0.901,-0.047,-0.268,0.106
3623.0,Diponegoro University,IDN,3195.0,0.478,medium,9390.0,-0.892,-0.287,1.873,2.876,-1.031,-0.732,-0.482,1.347,-0.282
97953.0,Pabna University of Science and Technology,BGD,3199.0,4.745,significant,836.0,0.129,15.351,0.138,0.579,-0.791,2.366,-0.487,-0.268,0.009
4039.0,Shiraz University of Medical Sciences,IRN,3205.0,0.21,medium,13614.0,-0.452,-0.277,-0.26,0.226,-0.782,1.014,0.143,3.176,-0.741
1085.0,University of Ontario Institute of Technology,CAN,3210.0,-0.137,low,4292.0,0.032,-0.371,-0.483,-0.277,-0.858,-0.816,0.944,-0.268,1.333
88363.0,University of Health Sciences,TUR,3210.0,-0.415,very low,19907.0,-1.219,-0.249,-0.853,0.273,-0.569,-0.121,-1.264,-0.268,-0.856
5021.0,Wonkwang University,KOR,3213.0,-0.453,very low,2971.0,-1.248,-0.522,-1.184,0.457,-0.42,0.21,-1.413,-0.268,-0.503
12184.0,Qassim University,SAU,3217.0,0.77,medium,11518.0,1.836,0.671,0.358,2.058,-0.986,-0.717,0.346,-0.268,0.652
2527.0,Ecole Nationale du Genie de l'Eau et de l'Environnement de Strasbourg,FRA,3223.0,-0.403,very low,3093.0,-0.528,-0.418,0.188,-0.461,-0.153,-0.602,-1.29,-0.268,1.027
6740.0,Lodz University of Technology,POL,3223.0,-0.361,very low,5616.0,-0.865,-0.7,0.629,0.161,-1.072,-0.796,-0.609,-0.268,1.064
2833.0,Carl von Ossietzky Universitat Oldenburg,DEU,3228.0,-0.366,very low,6778.0,-0.144,-0.437,0.057,-0.414,-0.143,-0.154,-1.169,-0.268,0.356
1372.0,Henan Normal University,CHN,3228.0,-0.11,low,7714.0,1.404,-0.653,-0.113,-0.22,0.292,-0.555,0.446,-0.268,-0.18
8224.0,Kasetsart University,THA,3231.0,0.052,medium,9549.0,-0.632,-0.315,0.814,0.259,-0.923,-0.973,-1.152,3.561,-0.582
15467.0,University of South Florida-Saint Petersburg,USA,3231.0,-0.469,very low,1275.0,-0.848,-0.287,-0.943,-0.423,0.751,-0.056,-1.146,-0.268,-1.186
393.0,BRAC University,BGD,3235.0,-0.187,low,2721.0,0.265,-0.184,-1.444,-0.123,-0.428,2.132,-0.699,-0.268,-1.0
15480.0,University of Toledo,USA,3239.0,-0.287,very low,5947.0,-1.326,-0.202,-0.665,-0.053,-0.176,-0.14,-0.489,-0.268,0.828
77582.0,Xinxiang Medical University,CHN,3239.0,-0.195,low,5038.0,-0.504,0.061,-1.338,0.388,-0.582,0.784,-1.179,-0.268,-0.784
3221.0,University of Iceland,ISL,3239.0,-0.134,low,7068.0,1.042,-0.4,-0.287,-0.479,1.217,1.201,-0.773,-0.268,-0.493
5002.0,Soongsil University,KOR,3248.0,-0.08,low,4592.0,-1.309,-0.061,-0.089,0.046,-0.666,0.313,1.301,-0.268,-0.416
6055.0,Tilburg University,NLD,3248.0,-0.383,very low,7541.0,0.677,-0.165,-0.651,-0.469,-0.593,-1.039,-1.316,-0.268,-0.699
4042.0,Tarbiat Modares University,IRN,3250.0,-0.131,low,15301.0,-0.926,0.22,-0.395,-0.228,-1.125,-0.036,-1.085,1.545,-0.545
92523.0,"New York University, Shanghai",CHN,3250.0,-0.056,low,1956.0,2.847,-0.437,-0.508,-0.519,-0.482,0.975,-0.581,-0.268,-0.396
1631.0,Xi'an University of Science and Technology,CHN,3250.0,0.071,medium,9851.0,-0.61,0.709,1.272,0.118,-1.201,-0.856,-0.037,-0.268,-0.679
1642.0,Xinjiang University,CHN,3250.0,-0.078,low,13742.0,0.833,0.051,0.22,-0.226,-1.244,-1.157,0.341,-0.268,-0.585
62746.0,Liverpool School of Tropical Medicine,GBR,3250.0,-0.164,low,3311.0,1.473,-0.728,-0.537,-0.498,1.547,0.679,-0.454,-0.268,-0.11
59461.0,City University of New York Lehman College,USA,3250.0,0.092,medium,1404.0,-1.063,-0.221,-0.17,-0.508,2.213,1.683,1.372,-0.268,1.392
1381.0,Huaiyin Institute of Technology,CHN,3250.0,-0.123,low,3369.0,0.259,-0.531,-0.453,0.339,-1.17,-0.615,1.033,-0.268,-0.441
8727.0,Robert Gordon University,GBR,3258.0,-0.335,very low,2073.0,-0.4,-0.418,-0.88,-0.344,-0.78,0.533,0.169,-0.268,-0.694
77747.0,Zhongkai University of Agriculture and Engineering,CHN,3258.0,-0.211,low,3492.0,0.841,-0.4,0.293,-0.231,-0.796,-1.666,0.481,-0.268,-0.828
2154.0,Czech Technical University in Prague,CZE,3263.0,0.201,medium,12236.0,-0.105,-0.033,1.539,-0.229,1.512,1.381,0.16,-0.216,1.025
6076.0,Victoria University of Wellington,NZL,3267.0,-0.192,low,9089.0,-0.195,0.061,0.034,-0.482,-0.364,0.28,-0.722,-0.268,0.155
410.0,International Islamic University Chittagong,BGD,3269.0,0.16,medium,1093.0,0.892,-0.259,0.612,1.558,-1.157,0.456,-1.413,-0.268,0.185
344.0,Veterinarmedizinische Universitat Wien,AUT,3269.0,-0.176,low,3983.0,1.34,-0.184,0.057,-0.506,-0.005,-0.693,-0.613,-0.268,-0.672
59483.0,"Washington State University, Spokane Campus",USA,3276.0,-0.504,very low,1596.0,-0.654,-0.418,-0.587,-0.414,-0.169,-0.681,-1.199,-0.268,-0.225
6745.0,Pomeranian Medical University,POL,3277.0,-0.166,low,3422.0,-0.883,-0.747,-1.341,0.035,1.359,3.101,0.469,-0.268,-0.739
4071.0,University of Baghdad,IRQ,3279.0,2.892,significant,17656.0,-1.118,-0.061,4.149,7.961,-1.261,-0.058,-1.257,13.606,1.069
1416.0,Jilin Agricultural University,CHN,3290.0,0.385,medium,6011.0,0.431,1.761,0.243,-0.007,-0.993,-0.916,-0.359,-0.268,-0.769
6909.0,Carol Davila University of Medicine and Pharmacy,ROU,3290.0,0.135,medium,8068.0,-1.412,0.023,-0.939,0.679,0.564,3.79,0.124,-0.268,-0.463
94552.0,Jiangsu University of Science and Technology,CHN,3296.0,-0.223,low,11288.0,-0.032,-0.221,1.266,-0.101,-1.25,-0.513,-0.658,-0.268,-0.324
2547.0,Ecole Nationale Superieure de Techniques Avancees,FRA,3298.0,-0.24,low,1216.0,0.679,-0.324,-0.867,-0.503,0.396,1.761,-1.413,-0.268,-0.135
3607.0,Brawijaya University,IDN,3300.0,0.483,medium,9222.0,-0.498,0.098,1.952,3.08,-1.017,-0.909,-1.255,0.303,-0.374
34668.0,Mondragon Unibertsitatea,ESP,3306.0,-0.542,very low,1117.0,-0.956,-0.437,0.083,-0.218,-0.923,-1.829,-1.413,-0.268,0.607
13503.0,Florida Agricultural & Mechanical University,USA,3306.0,-0.429,very low,2370.0,0.117,-0.409,-0.649,-0.303,-0.397,-1.056,-1.413,-0.268,0.319
8721.0,City University London,GBR,3310.0,-0.293,very low,5440.0,0.379,-0.052,-0.965,-0.42,-0.513,-0.295,-1.35,-0.268,0.391
1594.0,Tianjin University of Technology,CHN,3313.0,-0.334,very low,8653.0,-0.574,-0.362,-0.298,-0.159,-1.07,-0.314,-0.108,-0.268,-0.292
35796.0,Universidade da Coruna,ESP,3314.0,-0.302,very low,6425.0,-0.751,-0.324,0.101,-0.05,-0.309,-0.315,-0.929,0.066,-0.148
77077.0,Universite de Bretagne Occidentale,FRA,3316.0,-0.318,very low,6902.0,-1.001,-0.371,-0.253,-0.288,0.024,0.276,-0.848,-0.268,1.211
176.0,Universidad Nacional de La Plata,ARG,3316.0,-0.204,low,10138.0,-0.959,-0.334,1.259,-0.319,0.563,0.975,-0.629,-0.003,-0.409
35751.0,Universidad de Almeria,ESP,3325.0,-0.082,low,6368.0,-0.492,0.784,0.583,-0.332,-0.841,-1.078,-0.978,-0.015,-0.707
4103.0,Technological University of the Shannon,IRL,3328.0,0.811,medium,1059.0,1.062,3.31,-0.135,-0.101,-0.782,-1.333,-1.413,-0.268,0.242
853.0,Universidade Federal do Rio Grande do Norte,BRA,3333.0,-0.253,low,10367.0,0.122,-0.409,0.455,-0.303,-0.216,0.499,-1.236,0.178,-0.259
13987.0,Northern Arizona University,USA,3335.0,-0.233,low,5491.0,-0.497,0.173,-0.307,-0.422,0.615,0.162,-1.162,-0.268,-0.63
6771.0,University of Warmia and Mazury,POL,3337.0,-0.172,low,6599.0,-1.436,-0.559,0.519,-0.34,-0.61,0.847,-0.89,2.877,-0.575
62058.0,University of the Philippines Diliman,PHL,3337.0,-0.042,low,11163.0,0.296,-0.146,-0.3,-0.105,0.387,2.931,-0.875,-0.268,-0.868
2659.0,Universite de Caen Basse-Normandie,FRA,3337.0,0.256,medium,7802.0,3.259,-0.381,-0.18,-0.258,1.039,0.716,-0.016,-0.268,0.91
10787.0,Kyoto Prefectural University of Medicine,JPN,3343.0,0.21,medium,4225.0,-0.214,0.061,-0.654,-0.335,1.651,0.957,2.143,-0.268,-0.098
1316.0,Fujian Normal University,CHN,3343.0,-0.228,low,9713.0,0.76,-0.39,-0.087,-0.067,-0.971,-0.86,-0.299,-0.268,-0.411
2505.0,IMT Atlantique,FRA,3343.0,-0.054,low,6136.0,-1.297,0.211,0.3,-0.367,0.803,0.265,-0.408,-0.268,1.695
1713.0,Chung Yuan Christian University,TWN,3353.0,-0.275,very low,3788.0,1.275,-0.287,-0.605,-0.159,-1.029,-1.29,-0.807,-0.183,-0.789
4512.0,Nihon University,JPN,3356.0,-0.191,low,7578.0,-0.734,-0.4,-0.369,-0.311,0.755,1.626,-0.476,-0.268,0.759
9535.0,IT University of Copenhagen,DNK,3363.0,0.014,medium,1496.0,-0.542,1.16,-0.908,-0.475,-0.703,0.052,-1.413,-0.268,1.228
1267.0,Chengdu University,CHN,3363.0,0.041,medium,7692.0,1.206,-0.719,0.317,0.161,-0.725,-0.465,2.007,-0.268,-0.533
6060.0,Auckland University of Technology,NZL,3365.0,-0.315,very low,7112.0,0.113,-0.306,-0.864,-0.369,-0.534,0.856,-0.882,-0.132,-0.647
11056.0,Tokyo University of Pharmacy and Life Science,JPN,3368.0,-0.553,very low,1303.0,-0.16,-0.794,0.333,-0.465,-0.413,-0.254,-1.413,-0.268,-0.411
416.0,Khulna University,BGD,3371.0,-0.164,low,1932.0,0.59,-0.475,-0.127,0.131,-0.823,1.417,-1.019,-0.268,-0.019
35753.0,Universidad de Cadiz,ESP,3373.0,-0.348,very low,7340.0,-0.523,-0.475,0.021,0.06,-0.561,-0.342,-1.218,0.215,-0.418
4522.0,Nippon Medical School,JPN,3373.0,0.064,medium,4296.0,-1.026,-0.484,-0.737,-0.314,1.911,1.937,2.722,-0.268,-0.53
8384.0,Gazi University,TUR,3375.0,-0.326,very low,11382.0,-1.012,-0.418,-0.065,0.07,-0.488,-0.313,-1.181,0.61,-0.255
4155.0,Scuola Normale Superiore Pisa,ITA,3375.0,0.125,medium,4420.0,-0.257,-0.371,0.845,-0.545,3.719,1.44,1.223,-0.268,-0.488
8126.0,Orebro Universitet,SWE,3379.0,-0.132,low,5868.0,2.072,-0.456,-0.517,-0.457,0.064,-0.054,-0.516,-0.268,-0.153
9187.0,Foshan University,CHN,3380.0,-0.206,low,6551.0,1.425,-0.475,-0.773,-0.242,-0.886,-0.619,0.229,-0.268,-0.803
6757.0,University of Gdansk,POL,3380.0,-0.361,very low,6016.0,0.07,-0.465,0.703,-0.389,-0.416,0.386,-1.145,-0.268,-0.848
1516.0,Shanghai Ocean University,CHN,3389.0,0.142,medium,10191.0,-0.439,-0.137,2.296,-0.284,-1.208,-1.783,0.88,2.749,-0.89
99077.0,CUNY School of Medicine,USA,3394.0,0.356,medium,718.0,-0.749,2.211,-1.193,0.109,-0.927,-0.987,-0.847,-0.268,0.245
4666.0,Tokyo Medical University,JPN,3405.0,0.116,medium,4562.0,-0.328,-0.099,-0.324,-0.122,1.622,1.237,0.666,-0.268,0.724
8712.0,Sheffield Hallam University,GBR,3406.0,-0.448,very low,4185.0,-0.461,-0.287,-1.152,-0.471,-0.519,0.945,-1.225,-0.165,-0.935
96224.0,"Chitkara University, Punjab",IND,3409.0,0.946,medium,11861.0,-0.878,0.079,4.976,1.674,-1.276,-2.658,4.075,-0.268,4.842
6735.0,Poznan University of Technology,POL,3413.0,-0.096,low,6415.0,-1.026,-0.484,1.698,0.497,-1.045,-0.497,-0.411,0.469,0.769
3249.0,Banaras Hindu University,IND,3422.0,-0.042,low,13455.0,-0.997,0.211,-0.019,0.495,-0.758,0.844,-0.697,-0.268,-0.227
444.0,United International University,BGD,3422.0,0.183,medium,1026.0,-0.647,-0.071,1.013,1.644,-0.951,-0.26,-0.377,-0.268,0.297
7933.0,Comenius University in Bratislava,SVK,3425.0,-0.021,low,10649.0,-0.493,-0.409,0.793,-0.04,1.499,1.121,0.097,-0.208,-0.006
1384.0,Huazhong Normal University,CHN,3428.0,-0.037,low,10883.0,0.476,-0.118,0.267,-0.219,1.093,-1.03,-0.041,0.008,-0.381
35780.0,Universidad Francisco de Vitoria,ESP,3429.0,-0.17,low,2406.0,0.436,-0.371,-0.794,0.171,0.012,-0.389,-0.448,-0.268,-0.133
6298.0,"University of Agriculture, Faisalabad",PAK,3431.0,0.435,medium,9605.0,-0.025,1.019,0.537,0.477,-0.842,0.161,1.016,-0.268,-0.61
4609.0,Shinshu University,JPN,3434.0,-0.009,low,7170.0,-0.337,-0.54,0.431,-0.378,2.405,1.345,0.753,-0.268,0.086
3078.0,Universitat Paderborn,DEU,3434.0,-0.327,very low,5179.0,-0.516,-0.259,0.55,-0.404,-0.726,-0.862,-0.628,-0.268,0.493
11168.0,University of Seoul,KOR,3439.0,0.114,medium,4258.0,-0.476,-0.24,0.152,-0.312,1.992,0.732,1.853,-0.268,-0.12
8282.0,Prince of Songkla University,THA,3442.0,-0.118,low,9446.0,-0.651,-0.099,0.517,0.317,-0.851,-0.505,-0.195,-0.268,0.039
1448.0,University of South China,CHN,3442.0,-0.164,low,10072.0,-0.126,-0.324,0.332,0.347,0.004,-0.708,-0.506,-0.268,-0.538
9601.0,Future University in Egypt,EGY,3445.0,1.755,significant,3781.0,-0.493,4.033,0.23,0.532,-0.996,0.238,5.409,-0.268,0.009
80636.0,Catholic Kwandong University,KOR,3448.0,-0.51,very low,1389.0,-1.468,-0.616,-1.286,0.094,-0.474,-0.007,-1.413,-0.268,1.179
3342.0,Jamia Millia Islamia Central University,IND,3448.0,-0.236,low,8146.0,-0.732,-0.334,0.615,0.115,-1.204,-1.151,0.223,-0.268,0.108
1429.0,Kunming Medical University,CHN,3455.0,-0.205,low,8498.0,-1.303,-0.08,-1.202,0.77,0.188,0.931,-1.327,-0.268,-0.823
15513.0,University of Nevada-Las Vegas,USA,3455.0,0.003,medium,7595.0,-0.769,0.718,-0.632,-0.325,-0.014,1.14,-0.447,-0.268,-0.476
10947.0,Tokyo University of Science,JPN,3461.0,-0.256,low,7988.0,-0.28,-0.456,0.853,-0.428,-0.051,0.266,-1.216,-0.268,1.794
8790.0,Royal Holloway - University of London,GBR,3466.0,-0.073,low,6608.0,-0.176,-0.137,-0.23,-0.49,1.685,0.55,-0.397,-0.268,0.987
77746.0,Dongguan University of Technology,CHN,3468.0,-0.251,low,5596.0,1.579,-0.287,-1.098,-0.265,-0.833,-0.878,-0.611,-0.268,-0.828
3802.0,Sebelas Maret University,IDN,3471.0,0.673,medium,8486.0,-0.826,-0.099,1.623,3.296,-1.08,0.074,-0.252,1.176,0.048
1783.0,Tamkang University,TWN,3473.0,0.317,medium,3046.0,-0.791,0.746,-1.015,-0.151,-0.293,1.794,-0.526,2.274,0.058
1411.0,Jiangxi Normal University,CHN,3477.0,-0.131,low,6310.0,1.405,-0.306,-0.277,0.009,-1.189,-0.495,-0.371,-0.268,-0.394
4158.0,Universita Campus Bio-Medico di Roma,ITA,3477.0,0.085,medium,5942.0,-0.556,-0.606,-0.37,-0.079,1.451,0.647,2.698,-0.268,0.185
4848.0,Chosun University,KOR,3481.0,-0.515,very low,4706.0,-1.369,-0.559,-0.24,0.043,-0.627,-0.402,-1.332,-0.268,0.101
12185.0,Taibah University,SAU,3481.0,0.531,medium,8151.0,2.722,-0.287,0.816,1.48,-0.921,-0.496,-0.027,-0.268,2.165
6074.0,University of Canterbury,NZL,3483.0,-0.064,low,8718.0,0.175,-0.296,0.409,-0.473,1.287,0.229,0.226,-0.059,-0.215
5630.0,Universidad Autonoma de Nuevo Leon,MEX,3483.0,-0.37,very low,6403.0,-1.038,-0.324,-0.636,-0.048,-0.407,0.76,-1.112,-0.268,-0.153
4176.0,Universita degli Studi di Camerino,ITA,3483.0,-0.157,low,4095.0,0.313,-0.569,-0.181,-0.175,0.538,0.646,0.128,-0.268,-0.381
6224.0,Aga Khan University,PAK,3490.0,0.268,medium,6738.0,-0.701,0.239,-1.289,0.641,1.049,3.623,0.248,-0.268,-0.575
4510.0,Nara Institute of Science and Technology,JPN,3490.0,-0.076,low,3976.0,0.07,-0.371,2.126,-0.361,-0.754,-0.721,1.098,-0.268,-0.292
4654.0,Tokai University,JPN,3495.0,0.029,medium,6189.0,-0.92,-0.277,-0.544,-0.174,1.553,1.914,0.698,-0.268,0.992
6765.0,Wroclaw University of Environmental and Life Sciences,POL,3502.0,0.225,medium,3735.0,-0.671,2.108,0.593,-0.308,-0.907,-1.264,-1.276,-0.268,-0.915
73538.0,"State University of New York, New Paltz",USA,3504.0,0.175,medium,925.0,0.022,-0.174,-1.016,-0.263,-0.85,2.133,3.211,-0.268,-0.61
1320.0,Guangdong Medical University,CHN,3507.0,-0.415,very low,4988.0,-0.854,-0.597,-1.093,0.397,-0.647,0.319,-0.984,-0.268,-0.677
13735.0,Lehigh University,USA,3507.0,-0.35,very low,5248.0,-0.931,-0.324,-0.474,-0.456,-0.129,0.568,-0.736,-0.268,0.674
4624.0,Sojo University,JPN,3512.0,1.595,significant,581.0,-0.388,5.893,0.276,-0.545,-0.983,0.411,-1.413,-0.268,3.148
1355.0,Agricultural University of Hebei,CHN,3518.0,-0.235,low,6108.0,-0.016,0.126,-0.432,-0.22,-0.928,-0.837,-0.519,-0.268,-0.776
4491.0,Nagasaki University,JPN,3522.0,-0.116,low,7896.0,0.482,-0.55,-0.372,-0.367,0.718,1.232,0.425,-0.268,-0.411
35785.0,Universidad Pablo de Olavide,ESP,3523.0,-0.334,very low,5088.0,-0.473,-0.4,-0.551,-0.145,-0.318,0.359,-1.093,0.513,-1.084
61410.0,Institut National de la Recherche Scientifique,CAN,3523.0,0.264,medium,4737.0,0.988,0.22,-0.303,-0.468,-0.14,-0.626,2.442,-0.268,0.577
2663.0,Universite de Haute-Alsace Mulhouse-Colmar,FRA,3523.0,0.138,medium,4633.0,-0.467,-0.597,0.394,-0.399,4.935,1.467,1.626,-0.268,-0.637
4307.0,Gunma University,JPN,3527.0,-0.074,low,5092.0,-0.611,-0.4,-0.231,-0.248,0.635,0.843,0.424,-0.268,1.566
1476.0,Northeast Electric Power University,CHN,3531.0,-0.167,low,5442.0,-0.88,0.568,0.167,-0.248,-1.231,-1.819,-0.015,-0.268,-0.543
4932.0,Kookmin University,KOR,3531.0,-0.12,low,3694.0,-1.236,0.69,-0.5,0.049,-0.947,-0.961,-0.269,-0.268,-0.776
6811.0,West Pomeranian University of Technology,POL,3531.0,-0.433,very low,3491.0,-1.291,-0.644,1.17,-0.066,-0.963,-0.052,-1.052,-0.268,0.533
4201.0,Universita degli Studi di Sassari,ITA,3537.0,-0.19,low,6352.0,-0.292,-0.569,-0.248,-0.159,1.103,0.953,-0.172,-0.268,-0.103
97928.0,Hitec University,PAK,3539.0,0.371,medium,740.0,-0.815,-0.381,-0.197,2.349,-1.171,-1.712,3.374,-0.268,-1.186
5001.0,Soon Chun Hyang University,KOR,3545.0,-0.509,very low,4876.0,-1.472,-0.625,-1.117,0.365,-0.345,-0.948,-0.826,-0.268,-0.354
6913.0,Iuliu Hatieganu University of Medicine and Pharmacy Cluj Napoca,ROU,3547.0,-0.047,low,4928.0,-0.992,-0.625,-0.75,0.854,0.309,2.178,0.067,-0.268,0.048
431.0,Rajshahi University of Engineering and Technology,BGD,3547.0,0.051,medium,2253.0,-0.392,0.117,0.823,-0.058,-1.024,-0.454,-0.353,-0.268,3.24
8378.0,Ege University,TUR,3547.0,-0.357,very low,10020.0,-1.02,-0.174,-0.83,-0.087,-0.119,0.299,-1.413,0.15,-0.533
13773.0,Loyola University of Chicago,USA,3552.0,-0.264,very low,6819.0,-0.914,-0.024,-1.082,-0.346,0.889,0.843,-0.692,-0.268,-0.647
1701.0,"Asia University, Taiwan",TWN,3555.0,0.914,medium,7828.0,6.948,-0.193,-0.599,0.282,-0.951,-1.176,3.111,-0.268,1.459
4571.0,Ritsumeikan University,JPN,3557.0,-0.161,low,6331.0,-0.348,-0.39,0.682,-0.289,-0.208,0.454,-0.325,-0.268,1.226
2370.0,Minia University,EGY,3557.0,0.966,medium,6498.0,3.792,1.592,0.567,0.572,-0.706,-1.083,1.109,-0.268,-0.567
4992.0,Seoul National University of Science & Technology,KOR,3560.0,-0.462,very low,4518.0,-1.339,0.014,0.616,-0.418,-1.207,-1.279,-1.303,-0.268,0.036
66474.0,Jagannath University,BGD,3562.0,1.803,significant,1342.0,1.086,6.438,-0.264,0.35,-0.84,-1.418,-1.413,-0.268,-0.247
4242.0,University of Aizu,JPN,3562.0,-0.157,low,1701.0,-0.976,-0.381,0.614,-0.054,-0.445,-1.266,0.847,-0.268,1.251
166.0,Universidad Nacional de Cordoba,ARG,3562.0,-0.284,very low,7132.0,-0.958,-0.362,0.34,-0.494,-0.482,1.541,-1.305,0.681,0.235
8061.0,"Eastern University, Sri Lanka",LKA,3567.0,1.088,medium,580.0,5.56,-0.324,1.019,0.085,10.781,-6.806,4.491,-0.268,-1.186
1521.0,Shanghai Maritime University,CHN,3569.0,-0.287,very low,7960.0,-0.304,-0.456,0.792,0.15,-1.319,-0.806,-0.225,-0.268,-0.684
15154.0,South Dakota State University,USA,3569.0,-0.123,low,3108.0,-0.237,0.85,-0.542,-0.461,-0.127,-0.644,-1.27,-0.268,-0.856
1664.0,Guangdong Ocean University,CHN,3569.0,-0.184,low,6033.0,0.58,-0.597,1.212,0.096,-1.252,-1.49,0.559,-0.268,-0.689
7904.0,Univerzitet Singidunum,SRB,3577.0,0.375,medium,929.0,-0.295,0.342,4.187,0.917,-0.408,-5.139,2.174,-0.268,-0.086
3076.0,Universitat Mannheim,DEU,3577.0,-0.208,low,3329.0,0.431,0.53,-0.587,-0.514,-0.117,-1.355,-1.413,-0.268,-0.719
2886.0,Technische Hochschule Ingolstadt,DEU,3577.0,-0.015,low,944.0,0.964,-0.202,1.183,-0.379,-0.526,-0.946,-0.093,-0.268,1.524
8740.0,The University of Salford,GBR,3581.0,-0.117,low,4149.0,0.677,0.173,-0.56,-0.18,-0.629,-1.061,-0.458,-0.268,-0.309
1656.0,Yunnan Agricultural University,CHN,3586.0,-0.372,very low,4336.0,-0.039,-0.146,0.13,-0.244,-0.818,-1.553,-0.893,-0.268,-0.955
92118.0,Colorado School of Public Health,USA,3588.0,-0.44,very low,3082.0,-0.714,-0.503,-1.025,-0.545,0.411,0.914,-0.792,-0.268,-0.361
71628.0,China Jiliang University,CHN,3588.0,-0.149,low,8343.0,-0.359,-0.09,-0.043,-0.113,-0.967,-0.27,0.388,-0.268,-0.23
2150.0,University of Cyprus,CYP,3590.0,-0.117,low,6372.0,-0.075,-0.324,-0.066,-0.43,1.35,-0.028,0.279,-0.268,0.193
4162.0,Universita degli Studi Ca Foscari di Venezia,ITA,3590.0,-0.295,very low,6571.0,0.626,-0.259,-0.137,-0.434,-0.444,-0.038,-1.123,-0.268,-0.463
15070.0,Saint John's University,USA,3592.0,0.337,medium,2591.0,-0.208,1.488,-0.834,-0.203,-0.848,0.877,0.152,-0.268,0.081
2710.0,Universite Paris Dauphine,FRA,3592.0,-0.47,very low,2286.0,-0.784,-0.061,-0.983,-0.454,-1.018,-3.814,-1.413,-0.268,3.531
15492.0,University of Wyoming,USA,3598.0,-0.034,low,6432.0,-0.395,0.718,0.044,-0.505,-0.246,-0.026,-0.652,-0.251,-0.143
6185.0,University of Agder,NOR,3598.0,-0.112,low,4795.0,1.468,-0.277,-0.38,-0.218,-0.763,-0.865,0.116,-0.268,-0.327
8777.0,"Birkbeck, University of London",GBR,3601.0,-0.315,very low,4175.0,0.961,-0.212,-0.721,-0.445,-0.43,-0.209,-1.237,-0.268,-0.801
1093.0,University of Windsor,CAN,3602.0,-0.119,low,5862.0,-0.245,-0.334,-0.162,-0.242,-0.896,1.051,-0.039,0.209,0.739
8675.0,Glasgow Caledonian University,GBR,3602.0,0.254,medium,2876.0,-0.047,1.751,-1.212,-0.346,0.043,0.209,-1.176,-0.268,-0.108
13254.0,Chapman University,USA,3602.0,-0.324,very low,3057.0,0.926,-0.296,-0.142,-0.34,-0.321,-0.533,-1.413,-0.268,-0.843
9358.0,University of Chemistry and Technology,CZE,3606.0,-0.231,low,4447.0,-0.07,-0.249,0.598,-0.357,-0.609,-0.933,0.221,-0.268,-0.508
2662.0,Universite de Franche-Comte,FRA,3610.0,-0.376,very low,6473.0,-1.228,-0.287,-0.405,-0.465,0.223,0.358,-1.087,-0.268,1.047
3419.0,Postgraduate Institute of Medical Education and Research,IND,3611.0,0.08,medium,11537.0,-1.444,-0.184,-0.414,-0.174,-0.214,1.24,3.516,-0.268,-0.828
340.0,Universitat Klagenfurt,AUT,3614.0,-0.157,low,2561.0,0.177,-0.118,0.369,-0.423,-0.813,-0.782,-0.496,-0.268,1.665
5134.0,Lithuanian University of Health Sciences,LTU,3614.0,0.537,medium,2889.0,-0.855,2.24,-0.59,-0.093,1.44,1.274,-0.686,-0.268,-0.833
2632.0,Institut National Polytechnique de Toulouse,FRA,3620.0,0.095,medium,8517.0,0.133,1.206,-0.148,-0.465,-0.161,-0.306,-1.331,-0.268,0.066
73501.0,Chinese Academy of Tropical Agricultural Sciences,CHN,3620.0,-0.311,very low,3539.0,2.394,-0.653,-0.13,-0.442,-0.763,-0.414,-1.217,-0.268,-1.044
4835.0,Daegu Catholic University,KOR,3623.0,-0.58,very low,2429.0,-1.551,-0.616,-1.074,-0.137,-0.132,0.246,-1.413,-0.268,0.068
4213.0,Universita degli Studi Roma Tre,ITA,3623.0,-0.124,low,9255.0,-0.882,-0.287,1.018,-0.365,1.485,0.635,-0.183,-0.268,0.222
9923.0,Bangor University,GBR,3623.0,-0.23,low,4619.0,0.882,-0.409,-0.87,-0.443,0.313,0.549,-0.481,-0.268,-0.627
1918.0,"Universidad de los Andes, Colombia",COL,3627.0,0.124,medium,6293.0,0.131,-0.061,0.238,-0.363,1.624,0.977,-0.331,1.116,-0.374
77618.0,Chengdu University of Information Technology,CHN,3632.0,0.297,medium,4941.0,0.323,1.432,-0.28,0.237,-0.988,0.143,-1.102,-0.268,-0.376
6894.0,Babes-Bolyai University,ROU,3637.0,0.497,medium,7586.0,-0.231,-0.362,0.374,0.37,-0.121,0.532,-0.484,5.671,-0.068
97665.0,Kaiser Permanente Bernard J Tyson School of Medicine,USA,3640.0,-0.615,very low,1133.0,0.267,-0.606,-1.01,-0.453,-0.201,-2.53,-1.413,-0.268,-0.289
1759.0,National Taipei University of Technology,TWN,3640.0,0.104,medium,7368.0,-0.545,0.699,0.998,-0.063,-1.131,-1.314,0.674,-0.151,-0.369
15171.0,Southern Methodist University,USA,3646.0,-0.019,low,4415.0,-0.413,-0.259,0.46,-0.51,2.262,0.817,0.314,-0.268,0.406
15522.0,University of North Dakota,USA,3647.0,-0.371,very low,4049.0,-0.832,-0.315,-0.473,-0.055,-0.573,-1.209,-1.011,-0.268,1.169
6755.0,Medical University of Silesia,POL,3647.0,-0.24,low,7321.0,-1.079,-0.569,-0.046,-0.203,0.37,2.256,0.042,-0.268,-0.555
1589.0,Tiangong University,CHN,3651.0,-0.15,low,9945.0,0.287,-0.024,0.005,-0.32,-1.193,-0.58,0.491,-0.268,-0.836
1647.0,Jiangsu Normal University,CHN,3651.0,-0.364,very low,5153.0,0.252,-0.447,-0.084,-0.18,-1.066,-1.174,-0.626,-0.268,-0.262
3215.0,University of Pecs,HUN,3653.0,-0.145,low,5965.0,0.57,-0.362,-0.156,-0.3,0.378,1.028,-0.593,-0.268,-0.2
15112.0,Santa Clara University,USA,3657.0,-0.474,very low,2263.0,-1.127,-0.165,-1.042,-0.384,-0.779,-0.22,-1.413,-0.268,0.702
77066.0,Ecole Normale Superieure de Lyon,FRA,3660.0,0.049,medium,6269.0,3.531,-0.4,0.189,-0.52,0.35,0.44,-1.241,-0.268,0.446
1512.0,Shandong University of Technology,CHN,3660.0,-0.309,very low,9378.0,-0.178,-0.381,0.34,-0.2,-1.116,-1.12,0.095,-0.268,-0.493
9922.0,Aberystwyth University,GBR,3664.0,3.147,significant,2662.0,0.302,11.359,-1.009,-0.428,0.141,0.921,-1.216,-0.268,-1.186
67343.0,Texas Tech University Health Sciences Center,USA,3664.0,-0.318,very low,5332.0,-0.448,-0.465,-1.23,-0.036,-0.59,2.08,-0.726,-0.268,-0.801
3109.0,Democritus University Of Thrace,GRC,3669.0,0.709,medium,5971.0,-0.623,2.249,-0.174,-0.073,-0.031,0.182,0.248,-0.268,2.296
286.0,University of Southern Queensland,AUS,3671.0,0.12,medium,6838.0,1.713,0.267,-0.381,-0.4,-0.158,-0.553,0.596,-0.268,-0.59
3120.0,University of Ioannina,GRC,3673.0,0.104,medium,7346.0,-0.06,-0.268,0.276,-0.247,1.924,0.514,0.832,-0.268,0.962
8689.0,London South Bank University,GBR,3677.0,-0.202,low,2905.0,1.07,-0.39,-1.422,-0.276,-0.373,2.908,-1.151,-0.268,-1.005
66649.0,Army Engineering University of PLA,CHN,3677.0,-0.039,low,6179.0,-0.518,0.277,0.462,0.545,-1.311,-0.803,-0.857,-0.268,0.307
258.0,Charles Sturt University,AUS,3680.0,-0.122,low,6170.0,1.019,0.089,-0.528,-0.368,-0.386,0.739,-0.966,-0.268,-0.893
71977.0,University of Applied Sciences and Arts of Southern Switzerland,CHE,3680.0,-0.312,very low,1930.0,0.502,-0.334,-0.078,-0.41,-0.42,-0.676,-1.413,-0.268,0.935
10841.0,Nagoya City University,JPN,3684.0,-0.115,low,4585.0,-0.245,-0.4,-0.638,-0.363,1.649,1.407,0.393,-0.268,-0.627
11678.0,Poznan University of Life Sciences,POL,3684.0,-0.51,very low,4698.0,-1.129,-0.644,1.155,-0.434,-0.894,-0.899,-0.444,-0.268,-0.279
2678.0,Universite de Rouen Normandie,FRA,3684.0,-0.229,low,6726.0,1.027,-0.503,-0.525,-0.421,0.292,0.591,-1.351,-0.268,0.948
1446.0,Nanchang Hangkong University,CHN,3688.0,-0.2,low,5350.0,0.521,-0.127,-0.53,-0.116,-1.101,-1.338,-0.003,-0.268,-0.302
5004.0,Sunchon National University,KOR,3688.0,-0.482,very low,2092.0,-0.831,-0.306,0.579,-0.221,-1.006,-1.133,-1.225,-0.268,-0.704
8657.0,Anglia Ruskin University,GBR,3691.0,0.18,medium,3939.0,0.389,0.314,-1.044,-0.147,0.22,1.219,1.135,-0.268,-0.6
72030.0,Universidad Internacional de La Rioja,ESP,3691.0,0.438,medium,3450.0,-0.242,1.169,-0.354,0.575,-0.972,-0.888,-0.652,1.602,0.25
3035.0,Stiftung Tierarztliche Hochschule Hannover,DEU,3694.0,0.232,medium,2633.0,0.046,1.131,-0.46,-0.506,-0.267,0.105,0.68,-0.268,-0.411
59467.0,"City University of New York, Brooklyn College",USA,3694.0,-0.479,very low,1607.0,-0.662,-0.212,-0.809,-0.415,-0.902,-0.723,-1.413,-0.268,0.473
35752.0,Universidad de Burgos,ESP,3694.0,-0.321,very low,2954.0,-0.559,-0.287,0.381,0.463,-0.891,-1.525,-1.178,-0.268,-0.498
61679.0,Fundacao Getulio Vargas,BRA,3697.0,0.432,medium,2744.0,0.585,-0.118,-1.114,-0.393,-0.923,0.892,-1.413,6.982,-0.252
4945.0,Kumoh National Institute of Technology,KOR,3701.0,-0.265,very low,2562.0,-1.18,-0.54,0.614,-0.321,-1.173,-1.255,1.05,-0.268,1.847
10437.0,Free University of Bozen,ITA,3703.0,-0.239,low,4877.0,0.116,-0.268,0.005,-0.331,-0.47,-0.834,-0.224,-0.268,0.2
10531.0,Jordan University of Science and Technology,JOR,3706.0,0.165,medium,7962.0,0.287,-0.277,-0.461,1.036,-0.703,0.742,0.245,0.177,-0.175
2681.0,Universite de Technologie de Compiegne,FRA,3708.0,-0.17,low,2241.0,1.701,0.051,0.548,-0.382,-1.043,-1.76,-1.261,-0.268,-0.274
529.0,Hasselt University,BEL,3708.0,0.031,medium,6500.0,2.543,-0.155,-0.604,-0.473,0.231,-0.035,-0.246,-0.268,-0.2
820.0,Universidade Federal da Bahia,BRA,3717.0,-0.072,low,10676.0,0.451,-0.259,0.014,-0.227,-0.173,1.122,-1.069,0.85,-0.401
66460.0,"University of Illinois, College of Medicine at Peoria",USA,3724.0,0.121,medium,834.0,-1.319,1.084,-1.727,0.519,0.346,1.182,-1.413,-0.268,0.039
8365.0,Bilkent University,TUR,3724.0,-0.088,low,4056.0,0.972,0.22,-0.458,-0.455,-0.766,0.257,-0.983,-0.268,0.272
8758.0,University of Central Lancashire,GBR,3724.0,-0.457,very low,4341.0,-0.395,-0.287,-0.773,-0.341,-0.159,-0.334,-1.413,-0.268,-0.644
2470.0,Conservatoire National des Arts et Metiers,FRA,3728.0,-0.281,very low,2836.0,-0.093,-0.343,-0.213,-0.232,-0.673,-0.819,-0.548,-0.003,0.361
15567.0,University of Idaho,USA,3733.0,-0.475,very low,5237.0,-0.499,-0.39,-0.445,-0.455,-0.529,-0.016,-1.348,-0.268,-0.118
7951.0,University of Maribor,SVN,3736.0,-0.262,very low,5936.0,0.053,-0.465,-0.156,-0.255,-0.55,-0.784,-0.485,0.602,-0.287
8410.0,Marmara University,TUR,3740.0,0.092,medium,9148.0,-0.346,-0.296,-0.419,-0.1,1.104,1.032,-0.564,2.282,-0.436
4105.0,Munster Technological University,IRL,3741.0,-0.198,low,1490.0,0.956,-0.353,-1.547,-0.335,0.294,0.253,-0.867,-0.268,0.863
1414.0,Jiangxi University of Science and Technology,CHN,3743.0,-0.049,low,7672.0,0.487,0.389,0.441,-0.083,-1.217,-1.001,-0.652,-0.268,-0.339
8728.0,Scotland's Rural College,GBR,3745.0,0.068,medium,1891.0,2.136,-0.54,-1.072,-0.545,0.191,0.118,2.5,-0.268,-1.186
2655.0,Universite d'Orleans,FRA,3748.0,-0.216,low,4751.0,0.181,-0.127,-0.454,-0.38,-0.026,0.17,-0.883,-0.268,0.212
67569.0,Shantou University Medical College,CHN,3754.0,-0.218,low,4179.0,-0.525,0.117,-1.331,0.592,-0.471,-0.28,-1.413,-0.268,-0.942
6274.0,National University of Computer and Emerging Sciences,PAK,3754.0,-0.242,low,2417.0,-0.81,-0.155,-0.285,0.989,-1.24,-1.227,-1.098,-0.268,-0.769
8124.0,Malmo University,SWE,3754.0,-0.385,very low,3353.0,0.869,-0.287,-0.089,-0.436,-0.764,-0.88,-1.413,-0.268,-0.88
576.0,University of Mons,BEL,3759.0,0.021,medium,3993.0,1.16,-0.315,0.522,-0.441,-0.489,-1.24,0.595,-0.268,2.301
6944.0,Politehnica University of Bucharest,ROU,3771.0,0.348,medium,11702.0,-0.849,0.53,1.542,0.812,0.321,-0.275,0.235,-0.268,0.717
8656.0,Zayed University,ARE,3771.0,-0.123,low,3391.0,-0.767,0.286,-0.943,0.286,-0.785,-0.035,-0.488,-0.268,-0.503
1398.0,Hunan University of Science and Technology,CHN,3771.0,-0.305,very low,7195.0,0.24,-0.353,0.456,-0.212,-1.188,-0.213,-0.84,-0.268,-0.456
8420.0,Middle East Technical University,TUR,3776.0,-0.111,low,8796.0,0.764,-0.381,-0.35,-0.254,0.324,0.533,-0.342,-0.268,0.26
11049.0,Tokyo University of Agriculture,JPN,3776.0,-0.551,very low,1467.0,-0.21,-0.522,-0.662,-0.474,-0.623,0.269,-1.413,-0.268,-1.186
422.0,North South University,BGD,3776.0,0.055,medium,2804.0,-0.1,-0.155,-0.49,1.038,-0.725,0.086,0.281,-0.268,-0.826
14031.0,Old Dominion University,USA,3782.0,-0.312,very low,6416.0,-0.866,-0.193,-0.254,-0.407,-0.489,-0.05,-1.055,-0.268,1.72
855.0,Universidade Federal Fluminense,BRA,3787.0,-0.113,low,12413.0,0.416,-0.306,0.912,-0.221,-0.353,-0.019,-0.887,0.286,0.289
6223.0,Sultan Qaboos University,OMN,3787.0,0.157,medium,7815.0,0.16,-0.334,-0.786,0.136,-0.385,1.38,-0.377,2.483,-0.148
1373.0,Henan Polytechnic University,CHN,3794.0,-0.099,low,10961.0,0.312,-0.127,1.255,0.15,-1.202,-1.561,-0.051,-0.268,-0.297
3060.0,Universitat der Kunste Berlin,DEU,3798.0,-0.609,very low,458.0,-0.11,-0.193,-1.037,-0.545,-0.129,-2.913,-1.413,-0.268,-1.186
1376.0,Henan University of Science and Technology,CHN,3800.0,-0.274,very low,10470.0,-0.636,-0.522,0.244,-0.037,-0.211,0.011,0.093,-0.268,-0.635
59465.0,"City University of New York, College of Staten Island",USA,3800.0,-0.472,very low,1073.0,-1.153,-0.259,-0.87,-0.545,-0.971,-0.213,-1.413,-0.268,2.008
6693.0,University of Life Sciences in Lublin,POL,3800.0,0.088,medium,3736.0,-1.484,1.836,0.737,-0.336,-0.92,-1.474,-1.216,-0.268,-0.314
12753.0,Military Institute of Science and Technology,BGD,3805.0,-0.302,very low,1184.0,-1.09,0.051,0.041,-0.237,-1.216,-0.563,-0.305,-0.268,-0.334
84277.0,Wuhan Textile University,CHN,3807.0,-0.183,low,5058.0,0.805,-0.334,0.081,-0.091,-1.137,-1.452,0.343,-0.268,-0.543
4967.0,Myongji University,KOR,3818.0,-0.525,very low,1982.0,-1.381,-0.597,-0.86,-0.203,-0.543,0.187,-0.586,-0.268,-0.423
2433.0,Addis Ababa University,ETH,3819.0,-0.09,low,9689.0,0.878,-0.212,-0.144,0.237,-0.409,0.992,-1.135,-0.268,-0.868
846.0,Universidade Federal do Ceara,BRA,3819.0,-0.114,low,11160.0,0.208,-0.23,0.82,-0.115,-0.607,-0.219,-1.086,0.608,0.106
1357.0,Hebei Medical University,CHN,3819.0,-0.13,low,11430.0,-1.445,0.079,-1.217,0.999,-0.226,0.064,-0.657,-0.268,-0.962
8432.0,Yildiz Technical University,TUR,3824.0,0.122,medium,8510.0,-0.304,-0.146,0.539,0.345,-0.853,-0.595,-0.309,1.993,0.086
13622.0,Howard University,USA,3825.0,-0.219,low,4242.0,-1.269,-0.371,-0.888,-0.028,0.099,0.974,0.276,-0.268,0.297
6732.0,Tadeusz Kosciuszko Cracow University of Technology,POL,3826.0,-0.335,very low,4187.0,-1.27,-0.437,1.407,0.016,-0.432,-0.291,-0.946,-0.268,0.138
9830.0,Birmingham City University,GBR,3829.0,-0.226,low,3444.0,-0.054,-0.146,-0.623,-0.394,-0.809,0.629,-0.335,-0.268,0.044
90661.0,Jiangsu Agri-Animal Husbandry Vocational College,CHN,3829.0,-0.396,very low,441.0,0.495,-0.578,-1.533,0.284,-1.346,-0.313,-1.413,-0.268,-0.021
2368.0,Kafrelsheikh University,EGY,3829.0,0.879,medium,6503.0,2.291,1.451,1.658,0.515,-0.893,-1.486,1.736,-0.268,0.014
2680.0,Universite de Technologie de Belfort-Montbeliard,FRA,3835.0,-0.492,very low,4560.0,-1.28,-0.484,0.33,-0.35,-0.751,-0.637,-1.065,-0.268,0.746
325.0,Paracelsus Medizinische Privatuniversitat,AUT,3840.0,0.018,medium,4291.0,0.97,-0.465,-1.34,-0.412,1.722,1.897,0.376,-0.268,0.359
3046.0,Technische Universitat Hamburg-Harburg,DEU,3840.0,-0.322,very low,4028.0,-0.197,-0.324,0.599,-0.403,-0.919,-1.032,-1.035,-0.268,1.474
12182.0,Prince Sultan University,SAU,3843.0,1.012,medium,5940.0,3.323,-0.4,0.686,1.917,-1.098,-1.439,5.226,-0.268,0.26
4177.0,Universita degli Studi di Cassino e del Lazio Meridionale,ITA,3843.0,-0.392,very low,2508.0,-0.578,-0.409,0.092,-0.462,-0.171,-0.944,-1.413,-0.268,2.001
13978.0,North Dakota State University,USA,3843.0,-0.461,very low,5767.0,-0.871,-0.353,background: #ffffff; color: #000000;,-0.455,-0.879,0.444,-1.047,-0.268,-0.478
8294.0,Walailak University,THA,3850.0,-0.061,low,3051.0,-0.657,-0.428,-0.115,0.636,-1.043,0.243,-1.164,2.022,-0.694
15343.0,"Washington State University, Vancouver Campus",USA,3850.0,0.816,medium,1024.0,-0.913,4.165,-0.832,-0.494,-0.761,0.28,-1.413,-0.268,-0.19
824.0,Universidade Federal de Goias,BRA,3850.0,0.906,medium,9075.0,0.099,3.122,0.05,-0.131,-0.387,0.28,-1.067,1.07,-0.24
257.0,Charles Darwin University,AUS,3854.0,0.038,medium,5037.0,1.793,-0.108,-0.093,-0.379,0.233,0.061,0.147,-0.268,-0.627
1360.0,Hebei University,CHN,3858.0,-0.251,low,8903.0,-0.356,-0.334,-0.498,0.212,-0.258,-0.403,-0.557,-0.268,-0.339
35761.0,Universidad de Jaen,ESP,3865.0,-0.259,low,6393.0,-0.593,-0.362,0.174,-0.251,-0.459,-0.317,0.077,-0.151,-0.076
1509.0,Shandong Jianzhu University,CHN,3868.0,-0.552,very low,5206.0,-0.597,-0.681,-0.181,-0.134,-1.21,-0.761,-1.199,-0.268,-0.128
4639.0,Teikyo University,JPN,3871.0,-0.29,very low,4218.0,-0.17,-0.578,-0.835,-0.397,1.184,1.2,-0.816,-0.268,0.215
35766.0,"Universidad de Leon, Spain",ESP,3871.0,-0.098,low,4765.0,0.01,0.277,-0.18,-0.14,0.143,-0.855,-0.857,-0.178,-0.11
407.0,Hajee Mohammad Danesh University of Science and Technology,BGD,3873.0,-0.082,low,1117.0,1.169,-0.437,0.122,0.951,-1.031,-1.048,-1.413,-0.268,0.16
3047.0,Technische Universitat Ilmenau,DEU,3874.0,-0.373,very low,3642.0,-0.689,-0.315,1.04,-0.388,-0.828,-1.281,-0.898,-0.268,0.769
4588.0,St Marianna University School of Medicine,JPN,3887.0,0.01,medium,2703.0,-0.446,-0.033,-1.294,-0.255,2.713,2.006,-0.36,-0.268,0.143
833.0,Universidade Federal de Pernambuco,BRA,3890.0,-0.238,low,13319.0,-0.026,-0.221,1.136,-0.192,-0.535,0.043,-1.211,-0.268,-0.294
3231.0,Aligarh Muslim University,IND,3895.0,-0.115,low,10780.0,-1.018,-0.014,0.744,0.332,-0.545,-1.29,-0.066,-0.268,0.25
59252.0,"University of Texas, El Paso",USA,3895.0,1.086,medium,5926.0,-0.806,4.184,-0.531,-0.369,-0.631,-0.166,0.389,-0.268,0.804
35912.0,Kennesaw State University,USA,3897.0,-0.268,very low,4356.0,-1.358,0.192,-0.873,-0.185,-0.816,0.442,-0.696,-0.268,0.13
67393.0,Shanghai University of Electric Power,CHN,3904.0,-0.166,low,6226.0,-0.066,-0.137,-0.094,-0.294,-1.218,-1.27,1.232,-0.268,-0.545
6225.0,Air University,PAK,3904.0,0.747,medium,2597.0,-0.116,2.033,1.131,0.923,-1.13,-0.6,-0.408,-0.268,1.231
59409.0,"University of Louisiana, Lafayette",USA,3904.0,0.031,medium,3021.0,-0.848,1.141,-0.495,-0.355,-0.67,-0.099,-0.653,-0.268,-0.001
15432.0,Xavier University of Louisiana,USA,3909.0,-0.271,very low,519.0,-0.48,-0.418,-0.516,-0.243,-0.091,0.252,-1.413,-0.268,2.741
7979.0,University of the Free State,ZAF,3909.0,0.695,medium,9223.0,1.733,1.131,0.084,-0.087,-0.651,0.294,0.547,1.772,-0.371
251.0,Australian Catholic University,AUS,3911.0,-0.144,low,5377.0,2.222,-0.315,-1,-0.526,-0.092,-0.126,-0.857,-0.268,0.135
4914.0,Inje University,KOR,3911.0,-0.037,low,6504.0,-1.596,0.915,-1.178,-0.015,0.592,0.815,-1.094,-0.268,-0.483
8131.0,Linnaeus University,SWE,3913.0,-0.132,low,4721.0,1.257,0.145,-0.304,-0.368,-0.295,-0.798,-1.013,-0.268,-0.587
9124.0,Zurich University of Applied Sciences,CHE,3913.0,-0.268,very low,3314.0,1.184,-0.324,-0.525,-0.435,-0.031,-0.074,-1.306,-0.268,-0.255
59369.0,"University of Hawaii, Hilo",USA,3913.0,-0.296,very low,1034.0,0.008,-0.249,-0.69,-0.495,0.642,1.138,-1.413,-0.268,-0.197
3237.0,Anna University,IND,3923.0,-0.023,low,11878.0,-0.802,0.079,-0.587,1.46,-1.307,-0.474,-1.11,-0.268,-0.043
3097.0,Kwame Nkrumah University of Science and Technology,GHA,3923.0,-0.213,low,7367.0,-0.126,-0.099,0.043,0.015,-0.34,0.499,-1.114,-0.268,-0.913
15554.0,University of Denver,USA,3929.0,-0.416,very low,4688.0,-0.656,-0.193,-0.768,-0.489,-0.505,-0.087,-1.337,0.098,-0.056
11059.0,Tokyo Womens Medical University,JPN,3929.0,-0.014,low,4426.0,-0.485,-0.409,-0.729,-0.415,1.907,2.233,1.267,-0.268,-0.605
59350.0,"University of Massachusetts, Dartmouth",USA,3929.0,-0.105,low,2071.0,-0.525,-0.09,0.433,-0.47,-0.662,0.366,-0.33,-0.268,2.425
77070.0,Universite Jean Monnet,FRA,3935.0,-0.246,low,6960.0,0.322,-0.418,-0.326,-0.5,0.438,0.459,-0.955,-0.268,0.831
3415.0,Panjab University,IND,3938.0,0.033,medium,8498.0,-0.468,-0.522,-0.143,0.469,1.365,0.734,1.006,-0.268,-0.582
80225.0,Universitas Negeri Padang,IDN,3941.0,0.744,medium,2945.0,-0.776,-0.061,8.093,2.541,-0.436,-0.914,0.298,-0.268,-0.173
1151.0,Pontificia Universidad Catolica de Valparaiso,CHL,3946.0,-0.107,low,5460.0,-0.185,-0.4,1.153,-0.144,-0.503,-0.521,-1.086,1.563,0.116
8528.0,Kryvyi Rih State Pedagogical University,UKR,3948.0,0.67,medium,446.0,2.458,0.051,6.935,1.094,-0.421,-2.481,0.176,-0.268,-0.056
1761.0,National Taiwan Normal University,TWN,3951.0,0.076,medium,6101.0,-0.354,-0.099,-0.368,-0.169,-0.577,0.356,-1.189,3.45,-0.438
6922.0,University of Oradea,ROU,3955.0,1.132,significant,2528.0,-1.077,3.329,0.467,0.839,-0.585,-1.444,0.736,0.625,0.304
4181.0,Universita degli Studi di Foggia,ITA,3957.0,-0.094,low,5866.0,-1.113,-0.559,-0.254,-0.091,1.554,0.209,1.819,-0.268,-0.535
13231.0,The Catholic University of America,USA,3961.0,0.258,medium,2915.0,-0.958,-0.23,0.923,-0.528,4.729,2.352,0.522,0.949,-0.379
1202.0,"Universidad Andres Bello, Chile",CHL,3967.0,0.111,medium,7071.0,0.852,-0.418,0.719,-0.242,1.25,1.127,0.578,-0.268,0.282
3602.0,Binus University,IDN,3967.0,0.532,medium,9925.0,-1.487,-0.146,2.303,2.665,-1.21,-1.235,1.567,-0.268,1.377
1437.0,Liaocheng University,CHN,3972.0,-0.039,low,7460.0,-0.113,0.032,0.384,-0.048,-1.108,-0.64,0.917,-0.268,-0.481
838.0,Universidade Federal de Sao Carlos,BRA,3976.0,0.005,medium,12053.0,0.257,0.079,0.686,-0.433,-0.837,-0.821,-0.732,1.694,-0.12
6902.0,University of Agricultural Sciences and Veterinary Medicine of Cluj-Napoca,ROU,3976.0,-0.472,very low,1791.0,-0.287,-0.719,-0.123,-0.195,-0.465,-2.109,0.184,-0.268,-0.905
6311.0,University of Management and Technology,PAK,3979.0,0.641,medium,4587.0,0.258,0.878,0.755,0.981,-0.745,0.581,1.084,-0.268,0.895
9709.0,Institut Polytechnique de Bordeaux,FRA,3981.0,-0.257,low,5529.0,1.376,-0.503,0.412,-0.441,-0.545,-1.072,-1.413,-0.268,1.467
8697.0,Oxford Brookes University,GBR,3984.0,-0.252,low,4024.0,-0.102,-0.165,-0.805,-0.39,-0.363,-0.257,-0.904,0.8,-0.657
8817.0,University of Westminster,GBR,3984.0,-0.283,very low,2861.0,-0.278,0.23,-0.914,-0.363,-0.51,-0.238,-1.207,-0.268,-0.421
2650.0,Universite d'Angers,FRA,3986.0,-0.071,low,5432.0,2.491,-0.456,-0.457,-0.478,0.427,0.685,-0.957,-0.268,0.044
94509.0,Nisantasi University,TUR,3990.0,0.531,medium,1577.0,1.586,0.671,-0.126,0.779,-1.093,-2.186,2.239,-0.268,-0.23
3656.0,Universitas Islam Negeri Ar-Raniry,IDN,3999.0,-0.11,low,605.0,-0.92,-0.043,1.785,1.527,-0.719,-2.726,-1.413,-0.268,-1.186
91915.0,Chandigarh University,IND,4000.0,0.634,medium,14916.0,0.205,0.577,0.803,1.311,-1.23,0.283,1.376,-0.268,1.501
77876.0,University of the West of Scotland,GBR,4000.0,-0.289,very low,2774.0,0.05,-0.409,-1.239,-0.263,0.455,0.802,-0.609,-0.268,-0.632
3895.0,Syiah Kuala University,IDN,4000.0,0.414,medium,5621.0,-1.157,0.089,1.604,3.144,-0.883,-0.969,-0.764,-0.268,-0.21
1676.0,Zhengzhou University of Light Industry,CHN,4003.0,-0.266,very low,5982.0,-0.947,-0.052,-0.09,0.389,-1.125,-0.906,-0.604,-0.268,-0.811
77068.0,Institut National des Sciences Appliquees de Lyon,FRA,4003.0,-0.024,low,8707.0,3.408,-0.456,0.158,-0.449,-0.347,-0.341,-1.151,-0.268,0.615
1741.0,National Chung Cheng University,TWN,4015.0,-0.299,very low,3279.0,-0.601,-0.071,-0.012,-0.227,-0.927,-0.746,-1.297,-0.268,1.365
1473.0,North China University of Technology,CHN,4026.0,0.221,medium,5156.0,-0.961,1.648,-0.067,0.164,-1.165,-0.95,-0.507,-0.268,-0.458
847.0,Universidade Federal do Espirito Santo,BRA,4026.0,-0.257,low,8006.0,-0.116,-0.353,0.583,-0.245,-0.452,0.818,-0.993,-0.268,-0.24
2070.0,Universidad de Costa Rica,CRI,4029.0,0.589,medium,4544.0,0.382,-0.277,-0.231,-0.293,0.004,1.904,-1.254,7.541,-0.404
2298.0,Assiut University,EGY,4029.0,0.68,medium,10749.0,3.175,0.812,0.888,0.183,-0.118,-0.024,-0.041,0.612,-0.245
8684.0,Leeds Beckett University,GBR,4029.0,-0.39,very low,3462.0,0.214,-0.23,-0.072,-0.5,-0.882,-1.242,-0.61,-0.268,-0.885
1338.0,Guilin University of Technology,CHN,4034.0,-0.408,very low,8681.0,0.129,-0.578,0.368,-0.154,-1.216,-1.252,-0.589,-0.268,-0.523
96144.0,TBS Education,FRA,4034.0,-0.247,low,686.0,-1.409,-0.118,-1.606,-0.393,-1.012,1.191,0.901,-0.268,0.317
59403.0,"University of Maine, Orono",USA,4036.0,-0.397,very low,4112.0,-0.093,-0.381,-0.45,-0.52,-0.001,0.321,-1.321,-0.268,-0.073
59408.0,University of Louisiana at Monroe,USA,4038.0,-0.333,very low,463.0,-0.047,-0.522,3.581,-0.32,-0.719,-1.564,-1.413,-0.268,-0.088
9953.0,Agricultural University of Athens,GRC,4038.0,-0.472,very low,3396.0,-0.552,-0.522,0.461,-0.392,-0.486,-0.864,-0.961,-0.268,-0.294
3472.0,Thapar Institute of Engineering and Technology,IND,4045.0,-0.286,very low,6769.0,-0.512,-0.616,-0.482,0.25,-1.275,-1.021,0.448,-0.268,0.419
3643.0,Hasanuddin University,IDN,4049.0,0.811,medium,9433.0,-1.152,-0.315,2.861,4.611,-0.871,0.071,0.303,-0.268,-0.153
10005.0,Hong Kong Institute of Education,HKG,4054.0,-0.532,very low,5293.0,-0.639,-0.174,-0.054,-0.476,-1.043,-2.099,-0.865,-0.268,-0.945
2628.0,Institut National des Sciences Appliquees de Toulouse,FRA,4054.0,-0.456,very low,5011.0,-0.215,-0.465,0.508,-0.514,-0.505,-1.102,-0.91,-0.268,-0.384
4616.0,Showa University,JPN,4059.0,0.055,medium,4037.0,-0.544,0.286,-0.753,-0.196,1.757,1.622,-0.682,-0.268,0.53
66856.0,SUNY Downstate Medical Center,USA,4063.0,-0.229,low,4410.0,-0.769,-0.061,-1.465,-0.155,0.807,1.628,-1.234,-0.268,-0.019
1734.0,National Central University,TWN,4063.0,-0.231,low,8054.0,0.159,-0.475,0.189,-0.228,0.969,0.101,-0.657,-0.268,-0.592
3805.0,State University of Yogyakarta,IDN,4063.0,0.793,medium,3883.0,-0.886,-0.193,5.747,3.827,-0.813,0.207,-0.48,-0.268,-0.16
77078.0,Universite de Bretagne-Sud,FRA,4063.0,-0.133,low,3773.0,-1.408,0.361,0.231,-0.185,-0.764,-0.037,-0.488,-0.268,0.816
4302.0,Gifu University,JPN,4068.0,-0.181,low,6439.0,-0.055,-0.559,-0.008,-0.375,0.711,1.047,-0.195,-0.268,0.525
2604.0,Institut Agro Dijon,FRA,4070.0,-0.538,very low,1930.0,-0.255,-0.531,-0.375,-0.545,0.084,-1.085,-1.413,-0.268,-0.133
92203.0,Universite Gustave Eiffel,FRA,4073.0,-0.115,low,8104.0,1.488,-0.043,-0.104,-0.442,-0.691,-0.416,-1.24,-0.268,0.975
1254.0,Central South University of Forestry and Technology,CHN,4075.0,-0.109,low,6546.0,0.403,0.211,-0.349,-0.09,-1.082,-1.167,-0.018,-0.268,-0.726
6295.0,The Islamia University of Bahawalpur,PAK,4075.0,0.414,medium,7062.0,-0.475,1.347,1.211,0.424,-0.909,-1.094,0.378,-0.268,0.024
66908.0,Xi'an University of Post and Telecommunications,CHN,4080.0,-0.207,low,6400.0,-0.831,-0.071,0.125,0.091,-1.162,-0.058,-0.634,-0.268,0.488
837.0,Universidade Federal de Santa Maria,BRA,4080.0,-0.009,low,10302.0,-0.446,-0.23,1.291,-0.266,-0.944,-0.577,0.254,1.579,-0.279
4659.0,Tokushima University,JPN,4080.0,-0.211,low,5692.0,-0.388,-0.512,-0.215,-0.307,0.967,0.605,-0.037,-0.268,0.108
6318.0,Virtual University of Pakistan,PAK,4086.0,0.693,medium,881.0,0.653,2.061,-0.702,1.233,-0.987,-0.221,-1.413,-0.268,0.523
78565.0,"Louisiana State University, Health Sciences Center",USA,4089.0,-0.214,low,5562.0,-0.552,-0.24,-1.296,-0.038,0.118,1.184,-0.071,-0.268,-0.908
1452.0,Nanjing Institute of Technology,CHN,4090.0,-0.31,very low,4325.0,0.358,-0.597,-0.84,0.167,-1.305,0.92,-1.331,-0.268,0.428
84861.0,Federation University,AUS,4090.0,-0.192,low,3634.0,0.881,-0.381,-1.225,-0.272,-0.499,2.236,-1.074,-0.268,-0.061
1885.0,Pontificia Universidad Javeriana,COL,4094.0,0.093,medium,5629.0,-0.139,-0.268,-0.978,-0.119,0.044,2.389,-1.206,2.864,-0.55
81216.0,Ochsner Clinical School,USA,4101.0,0.397,medium,871.0,-0.996,-0.343,-1.249,1.194,-0.732,1.509,3.513,-0.268,1.206
4139.0,University of Haifa,ISR,4101.0,-0.307,very low,10487.0,0.276,-0.306,0.096,-0.51,-0.512,0.498,-1.272,-0.268,0.175
13807.0,Marshall University,USA,4101.0,1.592,significant,1835.0,-0.705,5.414,-1.709,0.394,-0.25,4.279,-1.413,-0.268,0.23
6856.0,Universidade da Beira Interior,PRT,4106.0,0.4,medium,5558.0,2.431,0.465,0.041,0.112,-0.728,-0.249,0.534,-0.094,-0.043
6920.0,University of Bucharest,ROU,4106.0,-0.081,low,6591.0,-0.194,-0.24,-0.485,-0.244,0.563,2.272,-0.702,-0.04,0.312
8743.0,University of Wolverhampton,GBR,4109.0,-0.254,low,2845.0,0.082,0.267,-0.881,-0.453,-0.693,-0.701,-0.887,-0.268,-0.446
8753.0,University of Brighton,GBR,4110.0,0.134,medium,5230.0,4.148,-0.09,-1.12,-0.455,0.493,0.26,-1.107,-0.268,-0.14
5143.0,Vilnius Gediminas Technical University,LTU,4114.0,0.555,medium,3411.0,-0.667,-0.475,0.081,0.42,-1.123,-1.143,-0.875,8.843,-0.15
4974.0,Pukyong National University,KOR,4119.0,-0.451,very low,7099.0,-0.892,-0.456,0.281,-0.001,-1.042,-0.595,-1.13,-0.268,-0.339
13325.0,College of William and Mary,USA,4119.0,-0.376,very low,4323.0,-0.6,-0.202,-0.15,-0.425,0.582,-0.264,-1.413,-0.268,-0.222
256.0,Central Queensland University,AUS,4119.0,-0.319,very low,4939.0,0.092,-0.23,-0.976,-0.376,-0.718,0.686,-0.733,-0.268,-0.674
11640.0,Quaid-i-Azam University,PAK,4124.0,0.897,medium,9267.0,0.589,2.258,0.343,0.148,0.176,0.205,1.404,-0.268,-0.371
8263.0,Vidyasirimedhi Institute of Science and Technology,THA,4128.0,-0.167,low,1228.0,1.6,-0.738,0.593,0.05,-0.729,-1.515,-0.088,-0.268,0.044
3804.0,State University of Surabaya,IDN,4138.0,0.548,medium,2409.0,-0.931,-0.221,2.606,3.488,-0.816,background: #ffffff; color: #000000;,-0.449,-0.268,-0.15
35764.0,Universitat de les Illes Balears,ESP,4138.0,-0.209,low,7072.0,-0.858,-0.296,0.219,-0.324,0.305,0.993,0.08,-0.268,-0.535
12170.0,Jazan University,SAU,4146.0,0.632,medium,8754.0,0.163,1.019,-0.529,1.168,-0.672,1.743,0.699,-0.268,0.135
3322.0,Indian Institute of Technology Guwahati,IND,4149.0,-0.423,very low,11854.0,-1.018,-0.4,1.237,-0.263,-1.079,-1.322,-0.521,-0.268,-0.225
4866.0,Dong-A University,KOR,4158.0,-0.578,very low,3419.0,-1.247,-0.484,-1.054,-0.118,-0.513,-0.753,-1.413,-0.268,-0.004
14011.0,Oakland University,USA,4164.0,-0.391,very low,4968.0,-0.875,-0.155,-0.891,-0.251,-0.428,0.265,-1.413,-0.268,0.279
83507.0,University of Nottingham China Campus,CHN,4167.0,-0.4,very low,4876.0,0.227,-0.437,-0.908,-0.299,-0.754,-1.028,-0.423,-0.268,-0.562
4645.0,Toho University,JPN,4167.0,-0.171,low,4546.0,-0.814,-0.606,-0.411,-0.27,1.777,2.496,-0.481,-0.268,0.558
79125.0,Xi'an Jiaotong-Liverpool University,CHN,4167.0,-0.302,very low,6583.0,0.474,-0.249,-0.572,-0.339,-0.921,-0.794,-0.122,-0.268,-1.069
79151.0,Golestan University,IRN,4167.0,-0.351,very low,1021.0,-1.314,-0.043,-0.185,0.068,-1.33,-2.141,-0.012,-0.268,-0.2
4688.0,Tottori University,JPN,4167.0,0.056,medium,3855.0,-0.535,0.727,-0.035,-0.329,0.621,0.247,-1.066,-0.268,0.985
1771.0,National Yunlin University of Science and Technology,TWN,4174.0,0.306,medium,4412.0,-0.251,0.042,0.283,0.201,-0.917,0.806,2.961,-0.268,0.009
4519.0,Niigata University,JPN,4174.0,-0.098,low,7071.0,-0.296,-0.447,-0.264,-0.36,1.583,1.788,0.125,-0.268,-0.063
6207.0,Ostfold University College,NOR,4177.0,-0.31,very low,1427.0,0.483,-0.418,-1.111,-0.179,-0.839,-2.015,0.15,-0.268,0.265
4873.0,Duksung Womens University,KOR,4179.0,-0.715,very low,625.0,-1.528,-0.503,-1.173,-0.127,-1.246,-0.751,-1.413,-0.268,-1.186
8446.0,Makerere University,UGA,4179.0,-0.016,low,8103.0,0.887,-0.249,0.2,-0.21,0.825,1.429,-0.351,-0.268,-0.967
59556.0,Escola Nacional de Saude Publica Sergio Arouca,BRA,4182.0,-0.363,very low,1726.0,-0.062,-0.268,-1.218,-0.454,-0.444,1.767,-1.413,-0.268,-0.446
342.0,Universitat Salzburg,AUT,4185.0,-0.379,very low,4136.0,0.217,-0.343,-0.276,-0.406,-0.374,-0.566,-1.064,-0.268,-0.443
13439.0,East Carolina University,USA,4192.0,-0.227,low,6405.0,-0.925,-0.014,-0.973,-0.089,-0.393,1.918,-0.858,-0.268,-0.545
2430.0,Tallinn University of Technology,EST,4194.0,0.042,medium,6021.0,0.803,-0.202,0.468,0.088,-0.667,-0.56,0.143,-0.197,0.975
3043.0,Technische Universitat Clausthal,DEU,4194.0,-0.272,very low,2215.0,-0.215,-0.071,1.229,-0.404,-0.853,-1.216,-1.413,-0.268,1.241
92237.0,"Junia, Grande Ecole d'Ingenieurs",FRA,4199.0,0.099,medium,2920.0,1.351,0.577,-0.124,-0.259,-0.104,-0.678,-0.865,-0.268,0.024
5107.0,Lebanese American University,LBN,4199.0,1.134,significant,8447.0,6.156,0.277,0.95,0.209,-0.823,-1.494,5.215,-0.268,-0.647
1410.0,Jiangxi Agricultural University,CHN,4204.0,0.364,medium,4987.0,-0.002,2.324,-0.115,-0.22,-1.094,-1.382,-0.879,-0.268,-0.885
3885.0,Sumatera Utara University,IDN,4209.0,1.718,significant,7463.0,-1.366,1.526,2.673,6.769,-0.978,-0.648,0.131,-0.268,0.083
4101.0,Technological University Dublin,IRL,4212.0,-0.154,low,3325.0,0.317,0.53,-0.634,-0.278,-0.452,-1.686,-1.192,-0.268,-0.091
4907.0,Hongik University,KOR,4216.0,-0.28,very low,3147.0,-1.376,0.399,0.135,-0.163,-1.17,-0.478,-1.275,-0.268,0.014
77368.0,Abdul Wali Khan University,PAK,4218.0,1.123,significant,4909.0,-0.217,2.897,0.639,0.753,-0.629,-0.141,1.663,-0.268,-0.16
59273.0,"University of Wisconsin, Milwaukee",USA,4219.0,-0.17,low,6220.0,-0.115,0.079,-0.787,-0.486,-0.109,1.421,-1.295,-0.268,0.89
8718.0,University of West London,GBR,4222.0,-0.417,very low,1282.0,-0.503,-0.334,-0.844,0.066,-1.022,-0.621,-1.413,-0.268,0.247
2387.0,Tanta University,EGY,4228.0,0.479,medium,10391.0,2.121,0.521,1.432,0.365,-0.782,-0.009,0.398,-0.268,-0.145
1293.0,Communication University of China,CHN,4228.0,-0.188,low,2832.0,-1.149,-0.043,-0.624,1.152,-1.187,-0.264,-1.279,-0.268,-0.652
59447.0,"Louisiana State University, Shreveport",USA,4232.0,-0.349,very low,527.0,-0.24,-0.437,-1.544,-0.446,0.857,1.211,-1.413,-0.268,0.739
13960.0,New York Institute of Technology,USA,4232.0,-0.417,very low,1523.0,-0.163,-0.381,-0.799,0.038,-0.891,-0.65,-1.413,-0.268,-0.17
8682.0,Kingston University,GBR,4237.0,-0.082,low,2851.0,1.379,0.277,-1.159,-0.417,-0.66,0.15,-1.146,-0.268,0.101
6737.0,Rzeszow University of Technology,POL,4242.0,-0.332,very low,3267.0,-1.377,-0.522,2.305,0.174,-1.178,-0.004,-1.188,-0.268,0.347
4396.0,Kitasato University,JPN,4242.0,-0.165,low,5440.0,-0.634,-0.362,-0.289,-0.401,1.902,1.49,-0.195,-0.268,-0.433
6855.0,Universidade Catolica Portuguesa,PRT,4252.0,0.824,medium,3881.0,1.803,1.817,-0.881,-0.33,-0.525,1.728,0.247,1.698,-0.915
2653.0,Universite d'Avignon,FRA,4252.0,-0.113,low,2766.0,2.006,-0.39,-0.461,-0.527,0.293,-0.268,-1.413,0.665,0.098
1637.0,Xihua University,CHN,4252.0,-0.316,very low,6145.0,0.28,-0.306,0.233,-0.01,-1.16,-1.387,-0.933,-0.268,-0.294
2674.0,Universite de Poitiers,FRA,4260.0,-0.247,low,5335.0,-0.313,-0.268,-0.367,-0.389,-0.104,0.424,-1.049,-0.047,1.089
1263.0,Changchun University of Technology,CHN,4262.0,-0.145,low,3807.0,-0.342,0.53,0.402,-0.134,-1.318,-1.278,-0.665,-0.268,-0.793
2830.0,Brandenburgische Technische Universitat Cottbus,DEU,4266.0,-0.004,low,3729.0,0.778,-0.353,0.281,-0.433,1.672,0.589,-0.083,-0.268,0.381
80415.0,Taylors University,MYS,4266.0,0.983,medium,4111.0,0.247,1.751,-0.98,0.84,-0.899,0.017,0.46,2.661,0.925
4150.0,Politecnico di Bari,ITA,4271.0,0.237,medium,6647.0,1.254,-0.409,1.616,-0.443,3.037,-0.905,0.594,-0.268,2.053
13956.0,New Mexico State University,USA,4271.0,-0.31,very low,5399.0,-0.475,-0.334,-0.257,-0.468,0.092,1.286,-0.951,-0.268,-0.058
68625.0,Najran University,SAU,4276.0,1.189,significant,4534.0,-0.062,2.305,-0.191,1.31,-0.555,0.845,2.838,-0.268,-0.409
15222.0,Teachers College of Columbia University,USA,4276.0,-0.385,very low,2685.0,-0.609,0.211,-0.476,-0.468,-0.668,-0.772,-1.413,-0.268,-0.605
2673.0,"Universite de Picardie Jules Verne, Amiens",FRA,4283.0,-0.245,low,4286.0,0.11,-0.475,-0.197,-0.387,0.191,0.746,-1.012,-0.268,1.107
11050.0,Tokyo University of Agriculture and Technology,JPN,4286.0,-0.387,very low,5470.0,0.177,-0.512,0.812,-0.287,-0.66,-0.547,-1.339,-0.268,-0.259
14089.0,Portland State University,USA,4286.0,-0.129,low,5028.0,1.066,0.418,-0.673,-0.473,-0.657,-0.919,-1.045,-0.268,-0.458
1262.0,Changchun University of Science and Technology,CHN,4289.0,0.149,medium,8918.0,0.307,0.314,0.501,0.082,-1.039,-0.598,1.07,-0.268,-0.319
2372.0,Misr International University,EGY,4289.0,-0.157,low,671.0,1.709,-0.155,-0.748,0.389,-1.184,-1.439,-1.413,-0.268,-0.438
6297.0,The University of Lahore,PAK,4292.0,0.922,medium,7100.0,0.429,2.024,-0.471,1.36,-0.734,1.008,0.44,-0.268,-0.153
5186.0,International Islamic University Malaysia,MYS,4293.0,0.452,medium,7219.0,-0.639,-0.259,-0.495,1.09,-0.812,0.47,-0.802,4.766,0.426
738.0,Pontificia Universidade Catolica do Rio Grande do Sul,BRA,4296.0,-0.131,low,4405.0,0.367,-0.137,-0.99,-0.285,-0.133,1.319,-1.413,0.806,-0.376
4689.0,University of Toyama,JPN,4297.0,-0.023,low,5819.0,-0.519,-0.634,0.595,-0.321,1.411,1.484,1.169,-0.268,0.384
5966.0,Universite Mohammed V de Rabat,MAR,4297.0,0.287,medium,12135.0,0.001,-0.202,2.038,0.97,0.118,-0.222,0.479,-0.268,0.707
8375.0,Dokuz Eylul University,TUR,4300.0,-0.458,very low,7506.0,-0.983,-0.39,-0.85,-0.044,0.051,0.107,-1.266,-0.268,-0.915
8650.0,American University of Sharjah,ARE,4307.0,-0.236,low,3679.0,-0.354,-0.306,0.166,-0.247,-0.992,0.355,-0.054,-0.268,-0.081
13971.0,North Carolina A&T State University,USA,4312.0,0.113,medium,2690.0,-1.025,1.488,-0.613,-0.177,-0.58,-0.867,-1.052,-0.268,0.794
59395.0,"University of Montana, Missoula",USA,4312.0,-0.346,very low,3395.0,-0.077,-0.381,-0.484,-0.53,0.451,0.093,-1.413,-0.268,0.933
2683.0,Universite de Toulouse-Jean Jaures,FRA,4314.0,-0.271,very low,5125.0,-1.195,-0.108,0.519,-0.464,-0.629,0.11,-1.413,1.242,-0.178
15042.0,Rowan University,USA,4318.0,-0.423,very low,5390.0,-0.98,-0.296,-0.717,-0.187,-0.266,0.314,-1.35,-0.268,-0.078
6768.0,University of Silesia in Katowice,POL,4318.0,-0.399,very low,6390.0,-1.015,-0.465,1.706,-0.324,-0.466,0.164,-1.169,-0.268,-0.386
6863.0,Universidade do Algarve,PRT,4318.0,-0.124,low,4531.0,1.456,0.145,-0.236,-0.303,-0.281,-0.66,-1.413,-0.268,-0.505
4723.0,Al-Balqa Applied University,JOR,4323.0,0.632,medium,4834.0,-0.244,0.051,0.951,4.101,-0.944,-0.57,-1.25,-0.268,0.006
4579.0,Saitama Medical University,JPN,4323.0,-0.254,low,5102.0,-0.937,-0.465,-0.947,-0.228,1.659,2.288,-0.996,-0.268,0.029
842.0,Universidade Federal de Vicosa,BRA,4323.0,-0.343,very low,9839.0,-0.46,-0.315,1.177,-0.296,-0.828,-1.141,-0.757,0.104,-0.779
3083.0,Universitat Siegen,DEU,4327.0,0.298,medium,5162.0,-0.253,0.831,0.385,-0.363,1.882,0.291,0.498,-0.268,-0.093
849.0,Universidade Federal do Para,BRA,4327.0,-0.242,low,8586.0,0.167,-0.428,1.563,-0.022,-0.374,-0.505,-0.927,-0.268,-0.803
97825.0,Hull York Medical School,GBR,4327.0,-0.288,very low,2403.0,-0.201,-0.569,-1.359,-0.459,0.721,1.576,0.017,-0.268,-0.55
13762.0,Loma Linda University,USA,4333.0,-0.177,low,4889.0,-1.021,0.192,-1.425,-0.065,0.546,1.331,-1.008,-0.268,-0.292
13805.0,Marquette University,USA,4340.0,-0.138,low,4547.0,0.227,-0.221,-0.602,-0.396,0.89,0.602,-0.247,-0.268,-0.155
2300.0,Benha University,EGY,4343.0,0.605,medium,8446.0,2.927,0.85,0.688,0.816,-0.872,-0.918,-0.434,-0.268,0.394
6955.0,Transilvania University of Brasov,ROU,4347.0,0.357,medium,4306.0,-0.334,-0.587,0.702,0.874,1.948,1.175,1.241,0.68,0.168
15225.0,Tennessee Technological University,USA,4347.0,-0.416,very low,1664.0,-1.123,-0.268,0.226,-0.294,-0.423,-0.901,-1.177,-0.268,0.694
96815.0,HUTECH University of Technology,VNM,4347.0,0.865,medium,1724.0,-0.031,1.911,-0.072,1.061,-0.725,1.285,1.007,-0.268,-0.314
2475.0,Ecole Centrale de Nantes,FRA,4347.0,-0.205,low,3478.0,-1.002,0.23,-0.108,-0.41,-0.891,-0.477,-0.851,-0.268,1.884
5961.0,Universite Hassan II de Casablanca,MAR,4347.0,0.261,medium,10164.0,-0.434,-0.353,2.429,1.454,-0.111,-1.115,0.51,-0.268,0.699
9701.0,Ecole Nationale Superieure de Chimie de Lille,FRA,4347.0,-0.63,very low,1014.0,0.439,-0.813,-1.372,-0.545,-0.539,-0.451,-1.413,-0.268,-0.687
8759.0,University of Chester,GBR,4355.0,-0.515,very low,1627.0,-0.5,-0.259,-1.12,-0.385,-0.699,-0.814,-1.413,-0.268,-0.207
10356.0,Isfahan University of Medical Sciences,IRN,4357.0,0.486,medium,11040.0,-0.538,0.183,-0.744,0.226,-0.686,1.842,0.43,4.153,-0.776
93475.0,Tashkent Institute of Irrigation and Agricultural Mechanization Engineers,UZB,4372.0,1.782,significant,3020.0,0.964,-0.108,9.575,5.82,-1.256,-2.621,-0.601,-0.268,7.112
9691.0,Ecole Nationale Superieur de Mecaniques et des MicroTechniques,FRA,4372.0,-0.551,very low,2589.0,-1.515,-0.475,0.384,-0.424,-0.857,-1.148,-1.266,-0.268,1.248
4368.0,Kagoshima University,JPN,4378.0,-0.205,low,5395.0,-0.098,-0.428,0.424,-0.352,0.912,0.754,-0.732,-0.268,-0.011
2295.0,"Arab Academy for Science, Technology and Maritime Transport",EGY,4378.0,0.644,medium,3666.0,0.792,-0.193,0.726,2.305,0.626,-0.486,0.477,-0.268,1.961
6792.0,University of Information Technology and Management in Rzeszow,POL,4384.0,-0.098,low,698.0,0.767,-0.362,0.53,0.577,-0.879,-0.929,-1.413,-0.268,1.002
4668.0,The Jikei University School of Medicine,JPN,4384.0,0.129,medium,5064.0,0.116,-0.428,-0.638,-0.163,1.164,1.965,1.792,-0.268,0.029
2524.0,Ecole Nationale des Ponts ParisTech,FRA,4384.0,-0.176,low,3257.0,0.98,-0.221,-0.458,-0.433,-0.275,0.158,-1.075,-0.268,0.848
2463.0,University of Vaasa,FIN,4394.0,-0.097,low,2376.0,1.253,-0.343,-0.866,0.422,-1.156,-1.744,0.602,-0.268,-0.972
7980.0,University of the Western Cape,ZAF,4397.0,-0.134,low,6608.0,1.045,-0.353,-0.316,-0.379,0.08,1.662,-0.855,-0.268,-0.322
98333.0,Namal University,PAK,4397.0,0.255,medium,564.0,-0.743,0.136,-0.9,1.122,-0.927,-0.289,2.565,-0.268,-1.186
2175.0,Brno University of Technology,CZE,4400.0,0.615,medium,8790.0,0.38,-0.118,0.775,0.358,-0.757,-0.66,-0.07,5.518,0.56
6692.0,University of Agriculture in Krakow,POL,4403.0,-0.609,very low,3859.0,-1.262,-0.663,1.106,-0.424,-0.526,-0.794,-1.413,-0.268,-0.406
3115.0,Athens University of Economics and Business,GRC,4403.0,-0.315,very low,1560.0,0.382,-0.09,-0.804,-0.412,-0.794,-0.873,-1.413,-0.268,0.95
12044.0,RUDN University,RUS,4408.0,0.828,medium,13393.0,1.363,0.07,0.866,1.132,-0.911,0.259,-0.009,3.706,1.27
8357.0,Anadolu University,TUR,4408.0,-0.013,low,2193.0,-0.068,-0.09,0.965,0.789,-1.025,0.345,-0.881,-0.268,-0.724
6229.0,Bahria University,PAK,4410.0,0.473,medium,2885.0,-1.023,2.211,-0.859,1.085,-1.039,-1.318,-0.845,-0.268,-0.659
3836.0,Indonesia University of Education,IDN,4410.0,1.014,medium,4626.0,-0.98,0.032,3.822,4.548,-0.986,-0.757,-0.108,1.08,-0.163
1413.0,Jiangxi University of Finance and Economics,CHN,4410.0,-0.1,low,2584.0,-0.141,0.173,-1.216,0.789,-1.297,-0.911,-0.966,-0.268,-0.019
4191.0,Universita degli Studi di Napoli Parthenope,ITA,4415.0,-0.292,very low,4701.0,-0.965,-0.409,0.283,-0.101,1.414,-1.372,-0.45,-0.268,0.066
12153.0,Aljouf University,SAU,4415.0,0.788,medium,8304.0,1.904,-0.202,0.109,2.21,-0.918,0.266,2.682,-0.268,0.031
8379.0,Erciyes University,TUR,4419.0,-0.198,low,7272.0,-0.414,-0.371,0.071,0.008,0.479,-0.62,-0.11,-0.268,-0.113
1718.0,Fu Jen Catholic University,TWN,4419.0,-0.223,low,4445.0,1.438,-0.334,-0.809,-0.099,-0.543,-1.162,-0.799,-0.268,-0.279
5532.0,Instituto Tecnologico de Celaya,MEX,4419.0,-0.699,very low,549.0,-1.009,-0.606,-0.334,-0.26,-1.136,-2.183,-1.413,-0.268,-0.274
3491.0,University of Pune,IND,4422.0,0.248,medium,6202.0,0.243,0.54,-0.144,1.375,-1.013,-0.997,-0.948,-0.268,0.324
1130.0,University of Regina,CAN,4426.0,-0.214,low,4608.0,0.04,-0.306,0.081,-0.432,-0.363,-0.508,-0.251,-0.268,1.025
8123.0,Malardalen University College,SWE,4426.0,-0.123,low,3030.0,1.326,-0.268,-0.309,-0.304,-0.976,-0.851,-0.525,-0.268,1.434
2153.0,Czech University of Life Sciences Prague,CZE,4426.0,-0.154,low,6369.0,1.173,-0.23,0.088,-0.348,0.276,0.321,-0.921,-0.268,-0.947
1751.0,National Kaohsiung University of Science and Technology,TWN,4430.0,-0.13,low,5258.0,-0.334,-0.268,0.574,0.219,-1.225,-1.682,0.471,-0.268,0.722
9971.0,Technical University of Crete,GRC,4430.0,-0.275,very low,2258.0,0.009,-0.418,-0.377,-0.083,-0.455,-0.207,-1.07,-0.268,1.03
92112.0,Singapore Institute of Technology,SGP,4430.0,-0.422,very low,1615.0,0.199,-0.259,-0.797,-0.383,-0.95,0.22,-1.413,-0.268,-0.87
8780.0,"Goldsmiths, University of London",GBR,4430.0,-0.466,very low,2078.0,-0.277,-0.099,-0.995,-0.52,-0.968,-1.416,-1.413,-0.268,0.65
11081.0,University of Electro-Communications,JPN,4438.0,-0.077,low,4654.0,-0.736,0.051,0.804,-0.332,-0.66,-0.389,-0.266,-0.268,2.261
78070.0,ISCTE Instituto Universitario de Lisboa,PRT,4440.0,0.296,medium,5175.0,2.331,-0.193,0.476,0.131,-0.735,-0.754,-0.092,0.999,1.092
53345.0,University of Jeddah,SAU,4444.0,0.759,medium,6287.0,1.039,1.986,-0.841,1.183,-0.922,0.256,-1.115,-0.268,0.734
73482.0,"Indian Institute of Technology, Hyderabad",IND,4444.0,-0.248,low,6794.0,-0.981,-0.418,0.449,-0.422,0.011,0.225,0.358,-0.268,0.334
1933.0,Universidad del Rosario,COL,4449.0,0.777,medium,3026.0,0.934,2.305,-0.848,-0.131,-0.069,-0.016,-0.624,1.189,0.163
6731.0,Koszalin University of Technology,POL,4449.0,-0.283,very low,1088.0,-1.22,-0.663,1.212,0.271,-1.111,-0.542,-1.413,-0.268,3.473
4286.0,Fujita Health University,JPN,4454.0,-0.172,low,4325.0,0.185,-0.456,-0.769,-0.388,1.804,1.352,-0.633,-0.268,-0.115
13469.0,Embry-Riddle Aeronautical University,USA,4454.0,0.185,medium,2921.0,-1.217,0.314,-0.526,-0.331,-0.362,1.867,-0.358,1.315,2.671
4942.0,Korea University of Technology and Education,KOR,4454.0,-0.647,very low,1074.0,-1.293,-0.672,-0.527,-0.059,-1.243,-0.241,-1.413,-0.268,-0.719
91945.0,Universita degli Studi Niccolo Cusano,ITA,4460.0,-0.078,low,1279.0,-0.754,-0.371,1.658,-0.464,-0.68,0.574,0.608,-0.268,1.804
346.0,Wirtschaftsuniversitat Wien,AUT,4461.0,-0.219,low,2676.0,0.282,0.643,-0.966,-0.526,-0.911,-0.669,-1.413,-0.268,-0.784
4708.0,Yamaguchi University,JPN,4467.0,-0.213,low,5110.0,-0.655,-0.371,-0.119,-0.392,0.542,0.675,-0.36,-0.268,1.01
15438.0,University of the Pacific,USA,4467.0,-0.135,low,1389.0,-0.047,0.183,-1.196,-0.32,-0.23,1.583,-0.808,-0.268,-0.433
4163.0,Universita degli Studi del Molise,ITA,4467.0,-0.223,low,3634.0,-0.842,-0.484,0.385,0.059,0.176,-0.353,-0.348,-0.268,0.918
67114.0,Chengdu Medical College,CHN,4467.0,-0.599,very low,1867.0,-0.517,-0.747,-1.677,0.21,-0.946,-0.684,-1.413,-0.268,-0.642
2301.0,Beni Suef University,EGY,4467.0,0.558,medium,7057.0,1.971,0.54,0.802,1.024,-0.912,-0.418,0.677,-0.268,-0.396
4430.0,Kurume University,JPN,4473.0,0.615,medium,3285.0,-0.391,0.23,-0.923,-0.291,2.162,2.394,1.75,2.481,0.764
77579.0,Chongqing University of Technology,CHN,4474.0,0.42,medium,5488.0,-0.084,2.409,-0.467,-0.069,-1.211,-0.361,-1.198,-0.268,-0.637
2654.0,Universite d'Evry-Val d'Essonne,FRA,4480.0,0.37,medium,2129.0,6.34,-0.484,-0.69,-0.447,0.276,0.624,-0.858,-0.268,1.452
68603.0,"University of Nottingham, Malaysia Campus",MYS,4480.0,1.005,medium,3455.0,-0.074,3.677,-1.122,-0.092,-0.705,-0.462,1.063,-0.268,-0.746
59458.0,"City University of New York, Queens College",USA,4485.0,-0.442,very low,1924.0,-0.64,-0.024,-1.062,-0.518,-0.669,0.11,-1.413,-0.268,-0.359
4341.0,Hosei University,JPN,4486.0,0.642,medium,2669.0,-0.794,-0.315,-0.4,0.766,-0.336,3.464,0.647,-0.268,9.772
8382.0,Firat University,TUR,4497.0,0.198,medium,6109.0,-0.292,-0.184,0.454,1.721,-0.876,-1.469,0.857,-0.268,-0.53
78479.0,Tabuk University,SAU,4497.0,0.804,medium,6502.0,1.179,1.131,0.202,1.287,-0.684,0.555,0.885,-0.268,0.486
4037.0,Sharif University of Technology,IRN,4501.0,0.226,medium,10014.0,-0.314,1.197,-0.314,-0.337,-0.589,0.488,-0.75,0.891,-0.56
8125.0,Mid Sweden University,SWE,4504.0,-0.228,low,2354.0,1.123,-0.334,-0.617,-0.323,-0.679,1.043,-1.413,-0.268,0.116
68878.0,"Swinburne University of Technology, Sarawak Campus",MYS,4506.0,0.12,medium,1348.0,1.045,-0.39,-0.282,0.54,-1.113,-1.556,2.393,-0.268,-0.811
59352.0,"University of Massachusetts, Boston",USA,4509.0,-0.416,very low,4476.0,-0.265,-0.249,-0.966,-0.44,-0.403,0.912,-1.413,-0.268,-0.721
3042.0,Technische Universitat Chemnitz,DEU,4509.0,-0.145,low,4907.0,-0.156,-0.353,0.272,-0.141,-0.738,-0.547,0.429,-0.268,0.786
1672.0,Zhejiang University of Science and Technology,CHN,4509.0,-0.109,low,3736.0,0.436,0.277,0.002,-0.014,-1.238,-1.027,-0.834,-0.268,-0.182
12316.0,King Mongkut's University of Technology Thonburi,THA,4514.0,0.293,medium,4839.0,-0.811,1.516,0.156,0.038,-1.085,-1.545,0.615,-0.268,0.006
1722.0,I-Shou University,TWN,4514.0,-0.337,very low,3162.0,-0.26,-0.268,-0.931,-0.083,-0.787,0.087,-0.704,-0.268,-0.699
9604.0,Menoufia University,EGY,4517.0,1.024,medium,8833.0,2.65,1.16,1.622,1.057,-0.716,-0.983,0.98,-0.268,2.641
12188.0,University of Hail,SAU,4517.0,0.892,medium,6528.0,2.04,1.347,-0.216,0.983,-0.839,0.719,0.892,-0.268,0.826
92875.0,Khwaja Fareed University of Engineering and Information Technology,PAK,4520.0,0.381,medium,2546.0,-0.047,0.878,0.316,0.378,-0.915,-2.101,2.483,-0.268,-0.789
1482.0,Northwest Normal University,CHN,4520.0,-0.415,very low,8018.0,-0.375,-0.512,0.263,-0.128,-1.234,-1.517,-0.439,-0.268,-0.066
4902.0,Hansung University,KOR,4528.0,0.034,medium,549.0,-1.737,-0.456,0.395,2.69,-1.047,-0.518,-1.413,-0.268,0.657
35760.0,Universidad de Huelva,ESP,4529.0,-0.244,low,3762.0,0.002,-0.465,0.633,0.094,-0.317,-1.072,-0.639,-0.239,0.039
12215.0,Halmstad University College,SWE,4530.0,-0.201,low,1574.0,1.521,-0.306,-0.773,-0.545,-0.923,-0.474,-0.721,0.074,0.426
13218.0,Carleton College,USA,4533.0,-0.201,low,831.0,-0.911,-0.174,-1.601,-0.545,2.134,5.043,-1.413,-0.268,-1.186
15482.0,University of Tulsa,USA,4533.0,-0.257,low,1826.0,-0.795,-0.315,0.335,-0.488,-0.789,-1.473,-1.413,0.614,3.806
10526.0,Hashemite University,JOR,4537.0,0.236,medium,4813.0,-0.141,-0.409,0.803,1.636,-0.785,-0.461,-0.404,0.782,0.59
91876.0,Guizhou Medical University,CHN,4539.0,-0.094,low,7346.0,-0.344,0.108,-0.53,0.344,-0.515,0.34,-0.563,-0.268,-0.841
1399.0,Inner Mongolia Agricultural University,CHN,4543.0,-0.416,very low,6169.0,-0.801,-0.39,0.665,-0.283,-1.133,-1.028,-0.301,-0.268,-0.617
4168.0,Universita degli Studi della Basilicata,ITA,4546.0,0.011,medium,4140.0,-1.071,-0.484,0.466,-0.23,3.531,1.089,0.663,-0.268,0.307
84853.0,Nazarbayev University,KAZ,4546.0,-0.163,low,5966.0,0.306,-0.296,0.214,-0.151,-0.929,0.581,-0.408,-0.268,0.004
12177.0,King Saud bin Abdulaziz University for Health Sciences,SAU,4550.0,0.279,medium,5655.0,-0.657,1.084,-1.347,0.581,0.248,1.804,-0.684,-0.268,-0.734
88344.0,Istanbul Medipol University,TUR,4550.0,-0.057,low,4941.0,-0.149,-0.23,0.472,0.036,-0.29,-0.81,-0.189,0.45,0.503
66983.0,Huaihai Institute of Technology,CHN,4553.0,-0.458,very low,3143.0,0.99,-0.625,0.319,-0.18,-1.13,-1.467,-1.413,-0.268,-1.027
10353.0,Iran University of Science and Technology,IRN,4556.0,0.035,medium,11422.0,-1.2,0.793,0.806,-0.134,-1.322,-0.912,-0.252,0.607,-0.399
2194.0,Roskilde University,DNK,4560.0,-0.386,very low,2857.0,-0.202,-0.024,-0.863,-0.545,-0.73,0.7,-1.413,-0.231,-0.818
8762.0,University of Derby,GBR,4562.0,-0.285,very low,3242.0,-0.164,-0.306,-0.603,-0.239,-0.54,-0.476,-0.061,-0.268,-0.309
3727.0,Lampung University,IDN,4564.0,0.438,medium,2698.0,-1.254,0.07,2.622,3.095,-1.059,-1.267,-1.16,-0.268,1.032
2676.0,Universite de Reims Champagne-Ardenne,FRA,4564.0,-0.136,low,3658.0,-0.486,0.108,-0.261,-0.174,0.205,1.263,-1.191,-0.268,0.004
6766.0,University of Rzeszow,POL,4564.0,-0.205,low,4821.0,-1.015,-0.512,0.363,-0.209,-0.328,0.335,0.993,-0.268,0.024
12249.0,University of Nova Gorica,SVN,4564.0,0.159,medium,1246.0,-0.104,-0.475,-0.562,-0.419,6.101,1.875,0.703,-0.268,-0.379
91961.0,Western Norway University of Applied Sciences,NOR,4569.0,0.02,medium,3953.0,0.868,-0.371,0.023,-0.294,0.816,-0.262,1.222,-0.268,-0.409
6912.0,University of Medicine and Pharmacy Grigore T. Popa of Iasi,ROU,4569.0,-0.236,low,3448.0,-1.115,-0.653,-0.378,0.591,-0.274,2.251,-0.839,-0.268,-0.312
1716.0,Feng Chia University,TWN,4572.0,-0.199,low,3925.0,0.101,-0.606,-0.208,0.067,-1.147,-0.52,0.783,-0.268,0.029
2473.0,Ecole Centrale de Lille,FRA,4572.0,-0.244,low,3304.0,-1.541,0.352,-0.449,-0.387,-0.585,-0.406,-0.67,-0.268,0.965
4434.0,Kyorin University,JPN,4576.0,-0.276,very low,2542.0,-0.801,-0.418,-1.102,-0.402,2.725,2.231,-1.263,-0.268,-0.582
4917.0,Jeonju University,KOR,4576.0,-0.326,very low,980.0,-0.974,-0.522,-0.207,1.16,-1.351,-1.492,-1.413,-0.268,0.339
4170.0,Universita degli Studi della Tuscia,ITA,4587.0,-0.427,very low,3988.0,-0.901,-0.522,0.229,-0.349,0.322,0.165,-1.107,-0.268,-0.168
35803.0,Universitat de Lleida,ESP,4587.0,-0.302,very low,5706.0,-0.933,-0.071,-0.368,-0.317,0.31,-0.235,-0.684,-0.174,-0.473
13293.0,Cleveland State University,USA,4591.0,-0.491,very low,2282.0,-0.887,-0.137,-0.987,-0.271,-1.018,-0.161,-1.413,-0.268,-0.62
77299.0,University of Namur,BEL,4594.0,-0.153,low,2490.0,1.378,-0.522,-0.432,-0.483,0.042,0.68,-0.18,-0.268,-0.155
15525.0,University of Northern Colorado,USA,4594.0,-0.44,very low,4242.0,-0.783,-0.4,-1.018,-0.459,0.076,0.737,-0.961,-0.268,-0.344
8716.0,Staffordshire University,GBR,4598.0,-0.397,very low,1672.0,0.533,-0.324,-1.108,-0.202,-0.878,-0.458,-1.201,-0.268,-0.87
2171.0,VSB-Technical University of Ostrava,CZE,4601.0,0.348,medium,6208.0,0.889,0.718,0.52,0.254,-0.818,-0.247,0.764,-0.251,-0.615
13989.0,Northern Illinois University,USA,4601.0,0.014,medium,4013.0,-1.112,0.032,-0.467,-0.467,2.429,1.784,0.49,-0.268,-0.016
35794.0,Universidad San Pablo CEU,ESP,4601.0,-0.231,low,2077.0,-0.445,-0.249,-0.897,-0.118,0.189,0.886,-0.851,-0.268,0.297
8291.0,Thammasat University,THA,4607.0,-0.242,low,7502.0,-0.693,-0.033,0.633,0.137,-0.909,-0.516,-0.944,-0.268,-0.58
72120.0,Escola de Administracao de Empresas de Sao Paulo da Fundacao Getulio Vargas,BRA,4607.0,-0.346,very low,866.0,0.494,-0.108,-1.445,-0.365,-1.008,0.609,-1.413,-0.268,-0.597
1183.0,Universidad de Santiago de Chile,CHL,4607.0,-0.191,low,6010.0,1.022,-0.484,0.129,-0.241,-0.629,0.226,-0.821,-0.268,0.458
78549.0,"University of Connecticut, Greater Hartford",USA,4614.0,-0.443,very low,590.0,-0.621,0.136,-1.051,-0.368,-0.907,-1.322,-1.413,-0.268,-0.314
6387.0,Pontificia Universidad Catolica del Peru,PER,4618.0,0.823,medium,4103.0,-0.294,0.981,0.438,0.741,1.031,0.551,-0.447,3.82,-0.567
59593.0,Institut Agro Montpellier,FRA,4619.0,-0.321,very low,6235.0,0.584,-0.334,-0.243,-0.537,0.795,-0.096,-1.413,-0.268,-0.538
4356.0,Jichi Medical University,JPN,4622.0,-0.039,low,5321.0,-0.873,-0.616,0.231,-0.192,1.396,0.939,2.004,-0.268,-0.61
84098.0,Sepuluh Nopember Institute of Technology,IDN,4625.0,-0.065,low,8717.0,-0.789,-0.353,2.877,0.773,-1.15,-1.495,0.063,-0.268,-0.528
2679.0,Universite Savoie Mont Blanc,FRA,4625.0,0.39,medium,7342.0,2.08,-0.249,0.538,-0.488,4.128,1.096,0.801,-0.268,0.265
4957.0,Kyungsung University,KOR,4625.0,-0.589,very low,726.0,-0.727,-0.569,-0.732,-0.114,-1.334,-0.536,-1.413,-0.268,-0.495
8836.0,Universidad de la Republica,URY,4631.0,-0.303,very low,8584.0,-0.706,-0.324,0.358,-0.417,-0.185,1.318,-1.13,-0.268,0.274
85203.0,Hangzhou Medical College,CHN,4631.0,-0.375,very low,6250.0,-1.119,-0.381,-1.592,0.7,-0.504,-0.164,-0.934,-0.268,-1.104
2829.0,Bergische Universitat Wuppertal,DEU,4637.0,0.467,medium,5493.0,0.009,0.521,0.259,-0.479,3.474,1.287,1.874,-0.268,-0.113
6228.0,Bahauddin Zakariya University,PAK,4641.0,0.247,medium,6335.0,-0.124,0.709,0.012,0.37,-0.734,0.542,0.399,-0.268,-0.63
77601.0,Jiaxing University,CHN,4646.0,-0.258,low,3920.0,1.445,-0.447,-0.663,0.028,-1.048,-0.511,-1.216,-0.268,-0.292
5215.0,University of Malta,MLT,4646.0,-0.026,low,5539.0,0.057,-0.033,-0.329,-0.196,0.002,0.835,-0.918,0.722,0.24
8418.0,Ondokuz Mayis University,TUR,4646.0,0.028,medium,6000.0,-1.102,0.051,-0.605,-0.11,-0.28,0.124,-0.842,3.011,-0.682
4853.0,The Korea National University of Transportation,KOR,4646.0,-0.151,low,1793.0,-1.48,0.925,0.09,-0.342,-1.076,-0.916,-1.215,-0.268,0.625
3071.0,Universitat Kassel,DEU,4650.0,-0.2,low,5215.0,0.086,-0.259,-0.004,-0.465,-0.269,0.682,-0.731,-0.104,0.498
1679.0,Zunyi Medical University,CHN,4652.0,-0.226,low,6452.0,-0.885,-0.061,-0.939,0.758,-0.757,0.182,-1.328,-0.268,-0.712
6761.0,Maria Curie Sklodowska University,POL,4652.0,-0.439,very low,4743.0,-0.43,-0.475,0.66,-0.468,-0.792,0.24,-1.114,-0.268,-0.543
2684.0,Universite Polytechnique des Hauts-de-France,FRA,4657.0,-0.014,low,3318.0,-0.439,0.342,-0.084,-0.325,-0.655,-0.544,-0.227,-0.268,2.122
12940.0,HEC Montreal,CAN,4657.0,-0.323,very low,2138.0,0.094,-0.108,-1.165,-0.423,-0.958,0.034,-0.965,-0.268,0.252
3947.0,Amirkabir University of Technology,IRN,4657.0,-0.064,low,11955.0,-1.044,0.671,0.029,-0.253,-1.265,-0.098,-0.327,-0.268,0.322
81106.0,Lee Kuan Yew School of Public Policy,SGP,4664.0,-0.434,very low,688.0,0.042,-0.155,-0.637,-0.242,-0.942,-0.737,-1.413,-0.268,-1.186
4154.0,Scuola Internazionale Superiore di Studi Avanzati,ITA,4664.0,0.005,medium,4046.0,0.991,-0.39,0.632,-0.545,1.48,0.997,-0.307,-0.268,0.687
8424.0,Selcuk University,TUR,4672.0,-0.208,low,6353.0,-1.276,-0.268,0.012,0.343,-0.461,-0.459,0.357,-0.268,-0.632
1422.0,Jimei University,CHN,4677.0,-0.222,low,5507.0,0.105,-0.587,0.326,0.555,-1.26,-1.135,-0.027,-0.268,-0.687
2129.0,University of Split,HRV,4677.0,0.248,medium,5755.0,-0.906,-0.061,0.322,-0.319,2.738,1.673,0.906,1.003,-0.125
3474.0,Adamas University,IND,4679.0,0.035,medium,1142.0,-1.106,0.014,0.261,0.69,-1.103,1.117,0.54,-0.268,-0.736
4165.0,Universita degli Studi del Sannio,ITA,4679.0,-0.379,very low,2771.0,-1.134,-0.447,-0.306,-0.263,0.352,1.419,-1.413,-0.268,0.312
5632.0,Universidad Autonoma de Queretaro,MEX,4689.0,-0.53,very low,2587.0,-0.93,-0.475,-0.115,-0.223,-0.847,-1.141,-1.073,-0.268,-0.207
1762.0,National Taiwan Ocean University,TWN,4693.0,1.061,medium,3541.0,-0.177,3.761,0.292,-0.442,-1.175,-0.65,-1.213,2.282,0.163
92545.0,"Birla Institute of Technology and Science Pilani, Dubai Campus",ARE,4693.0,-0.689,very low,694.0,-1.414,-0.4,-0.987,0.132,-1.401,-2.152,-1.413,-0.268,-1.186
4931.0,Konyang University,KOR,4697.0,-0.55,very low,1663.0,-1.34,-0.634,-1.22,0.208,-0.32,0.138,-1.413,-0.268,-0.577
67774.0,Guangdong Pharmaceutical University,CHN,4697.0,-0.189,low,5099.0,-0.125,0.202,-0.924,0.152,-0.73,-0.619,-0.826,-0.268,-0.888
90942.0,Huzhou University,CHN,4700.0,0.459,medium,5980.0,0.472,1.451,-0.471,0.678,-0.455,-1.751,-0.083,-0.268,0.202
1433.0,Lanzhou Jiaotong University,CHN,4700.0,-0.257,low,8916.0,-0.755,-0.259,3.219,-0.006,-1.303,-1.433,-0.607,-0.268,-0.793
5647.0,Universidad Autonoma Metropolitana,MEX,4704.0,-0.285,very low,6904.0,-0.551,-0.447,-0.24,-0.061,-0.923,1.653,-1.301,0.229,-0.014
323.0,Montanuniversitat Leoben,AUT,4704.0,-0.4,very low,3151.0,-0.841,-0.512,0.902,-0.33,-0.946,-0.742,-0.343,-0.268,0.093
2627.0,Institut National des Sciences Appliquees de Strasbourg,FRA,4707.0,-0.382,very low,2218.0,-0.364,-0.418,0.239,-0.498,-0.394,-0.695,-1.242,-0.268,1.464
11085.0,University of Occupational and Environmental Health,JPN,4707.0,0.574,medium,2719.0,-0.748,-0.606,-0.879,-0.2,1.653,3.112,2.327,4.557,-0.242
12002.0,Moscow Institute of Physics and Technology,RUS,4707.0,0.26,medium,11897.0,1.854,-0.409,0.635,-0.308,1.405,1.774,-0.252,-0.268,2.398
4868.0,Dongduk Womens University,KOR,4714.0,-0.526,very low,467.0,-1.48,-0.55,-0.604,-0.21,-1.193,0.774,-1.413,-0.268,0.955
8691.0,Middlesex University,GBR,4714.0,-0.257,low,3467.0,-0.571,-0.212,-1.235,-0.154,-0.869,0.17,-0.16,-0.268,0.679
414.0,Jahangirnagar University,BGD,4714.0,0.718,medium,3140.0,0.261,1.855,0.716,0.619,-0.651,0.652,0.3,-0.268,-0.54
67811.0,Beijing University of Agriculture,CHN,4721.0,0.363,medium,1686.0,-0.213,2.315,-0.986,-0.422,-1.07,-0.34,-0.199,-0.268,-1.186
8356.0,Akdeniz University,TUR,4721.0,-0.241,low,6322.0,-1.222,0.136,-0.257,0.206,-0.08,-0.527,-1.147,-0.268,-0.312
14023.0,Ohio University,USA,4721.0,-0.244,low,5595.0,-0.111,-0.343,-0.773,-0.461,0.213,2.368,-0.937,-0.268,-0.16
10133.0,Telkom University,IDN,4721.0,0.253,medium,5035.0,-0.488,0.032,3.513,1.478,-1.136,-1.477,0.033,-0.268,-0.493
93119.0,Nguyen Tat Thanh University,VNM,4721.0,0.695,medium,3170.0,0.729,0.521,-1.329,1.762,-0.42,2.085,0.95,-0.268,0.573
4929.0,Kongju National University,KOR,4721.0,0.936,medium,3477.0,-1.43,4.268,-0.22,0.416,-1.163,-0.851,-1.304,-0.268,-0.322
80193.0,Albany Medical College,USA,4728.0,-0.471,very low,2086.0,-0.96,-0.55,-1.348,-0.27,-0.016,1.605,-1.193,-0.268,-0.438
5312.0,Centro de Investigacion y de Estudios Avanzados del IPN,MEX,4731.0,-0.115,low,9166.0,-0.348,-0.202,0.248,-0.306,1.025,0.52,-0.221,-0.268,0.011
8117.0,Karlstad University,SWE,4731.0,0.768,medium,2621.0,1.628,3.338,-0.423,-0.506,-0.854,-1.055,-1.413,-0.268,-0.21
91962.0,Kristiania University College,NOR,4731.0,0.1,medium,1037.0,2.304,-0.334,-1.794,-0.092,0.776,4.828,-1.413,-0.268,-0.689
59314.0,"University of North Carolina, Greensboro",USA,4731.0,-0.488,very low,4846.0,-0.802,-0.193,-0.679,-0.492,-0.624,-0.296,-1.172,-0.268,-0.545
3803.0,State University of Semarang,IDN,4736.0,0.568,medium,3198.0,-0.965,-0.315,1.784,4.47,-0.93,0.263,-1.282,-0.268,-0.716
2286.0,Al-Azhar University,EGY,4737.0,0.596,medium,14992.0,2.181,0.483,2.287,0.946,-0.836,-0.764,0.051,-0.268,0.63
2388.0,The American University in Cairo,EGY,4739.0,0.005,medium,3055.0,1.66,-0.475,-0.168,-0.152,-0.225,-0.632,0.945,-0.268,-0.101
10681.0,International University of Health and Welfare,JPN,4739.0,-0.21,low,3997.0,0.963,-0.616,-1.112,-0.179,1.114,1.875,-1.19,-0.268,-0.674
6733.0,Lublin University of Technology,POL,4745.0,-0.441,very low,3767.0,-1.457,-0.55,3.414,-0.254,-0.924,-2.161,-1.222,-0.268,1.069
78544.0,Jozef Stefan International Postgraduate School,SVN,4747.0,-0.61,very low,1276.0,-0.732,-0.663,-0.197,-0.463,-0.735,-1.611,-1.413,-0.268,0.99
4710.0,University of Yamanashi,JPN,4749.0,-0.058,low,3850.0,-0.462,-0.014,-0.086,-0.287,1.096,0.332,-0.496,-0.268,1.186
8569.0,Dnipro University of Technology,UKR,4749.0,2.449,significant,1047.0,-1.303,-0.202,7.497,1.7,-1.238,-2.266,-1.413,22.533,-0.23
11184.0,Kuwait University,KWT,4749.0,-0.178,low,5246.0,-0.826,-0.334,-1.182,0.371,-0.397,2.629,-1.323,-0.268,0.751
4508.0,Nara Medical University,JPN,4753.0,-0.081,low,3471.0,-1.044,-0.625,0.076,-0.425,1.572,0.158,2.624,-0.268,-0.6
77676.0,KIIT University,IND,4753.0,0.13,medium,9317.0,-1.359,0.032,-0.002,1.024,-1.169,-0.018,0.47,-0.268,1.809
59462.0,"City University of New York, John Jay College of Criminal Justice",USA,4753.0,-0.566,very low,1374.0,-1.265,-0.071,-0.266,-0.507,-1.03,-0.885,-1.413,-0.268,-0.798
1441.0,Liaoning University,CHN,4757.0,0.293,medium,3816.0,-0.119,1.141,-0.199,-0.066,1.093,-0.438,0.127,-0.268,-0.659
96545.0,Shenzhen Technology University,CHN,4761.0,-0.23,low,3710.0,1.216,-0.409,-1.157,-0.236,-0.36,0.143,-0.405,-0.268,-0.915
2671.0,Universite de Pau et des Pays de l'Adour,FRA,4766.0,-0.273,very low,2834.0,-0.413,0.211,-0.067,-0.472,-0.604,-0.414,-1.413,-0.268,0.436
6914.0,University of Medicine and Pharmacy Victor Babes,ROU,4766.0,-0.148,low,2721.0,-1.149,-0.644,0.575,0.914,0.009,0.729,-0.208,-0.268,-0.816
97335.0,Ecole Nationale d'Ingenieurs de Brest,FRA,4768.0,-0.326,very low,2930.0,-1.547,-0.371,0.548,-0.207,-0.929,0.119,-0.222,-0.268,0.871
4837.0,Changwon National University,KOR,4768.0,-0.445,very low,3063.0,0.452,-0.663,-0.264,-0.204,-0.846,-0.999,-1.285,-0.268,0.212
10234.0,Indian Veterinary Research Institute,IND,4768.0,0.154,medium,2456.0,-1.192,-0.127,-0.103,-0.077,-0.778,2.478,2.807,-0.268,-0.145
7775.0,Ural Federal University,RUS,4768.0,1.019,medium,14712.0,0.705,0.436,2.988,0.875,-1.033,1.104,0.783,2.524,3.185
25573.0,Instituto Militar de Engenharia,BRA,4774.0,0.297,medium,1281.0,0.327,-0.4,3.444,-0.26,-0.775,-0.465,3.339,-0.268,0.379
77612.0,Beijing Wuzi University,CHN,4774.0,0.696,medium,822.0,-0.4,3.207,-1.689,0.471,-1.342,0.554,-1.413,-0.268,-0.577
4895.0,Hankuk University of Foreign Studies,KOR,4774.0,-0.421,very low,2227.0,-1.363,0.004,-1.028,-0.1,-1.008,-0.054,-0.983,-0.268,-0.726
11046.0,Tokyo Metropolitan University,JPN,4774.0,-0.125,low,5759.0,-0.036,-0.418,-0.326,-0.41,0.467,2.035,-0.516,-0.268,1.116
98579.0,Xiamen University Malaysia,MYS,4778.0,-0.06,low,2219.0,-0.939,0.361,-1.669,0.302,-0.537,2.654,-0.709,-0.268,-1.186
6171.0,University of Ibadan,NGA,4778.0,-0.063,low,8266.0,0.075,-0.343,-0.901,0.238,0.176,2.916,-0.97,-0.268,-0.014
92525.0,Mohammed Bin Rashid University of Medicine and Health Sciences,ARE,4778.0,-0.136,low,1291.0,1.82,-0.625,-1.274,-0.221,0.743,1.41,-0.834,-0.268,-0.394
2689.0,"Universite Capitole, Toulouse I",FRA,4778.0,-0.377,very low,4078.0,-0.134,-0.118,0.238,-0.469,-0.984,-0.526,-1.413,-0.268,-0.066
6857.0,Universidade da Madeira,PRT,4785.0,-0.024,low,1543.0,2.69,-0.315,-0.555,-0.342,-0.614,-0.69,0.492,-0.268,-1.186
8981.0,Vietnam National University of Agriculture,VNM,4788.0,0.017,medium,1148.0,1.165,0.183,-0.724,0.456,-0.555,0.056,-1.413,-0.268,-0.317
4707.0,Yamagata University,JPN,4788.0,-0.176,low,4358.0,-0.788,-0.54,-0.335,-0.15,1.858,1.642,-0.441,-0.268,0.158
434.0,Shahjalal University of Science and Technology,BGD,4793.0,-0.292,very low,1941.0,0.682,-0.334,-0.338,-0.061,-0.788,0.003,-1.183,-0.268,-0.925
6777.0,Military University of Technology,POL,4793.0,-0.443,very low,2948.0,-1.366,-0.616,2.49,-0.014,-0.981,-1.048,-1.413,-0.268,0.52
1402.0,Inner Mongolia University,CHN,4798.0,-0.285,very low,6546.0,0.054,-0.146,-0.367,-0.138,-0.566,-0.537,-0.858,-0.268,-0.652
2126.0,Josip Juraj Strossmayer University of Osijek,HRV,4800.0,-0.177,low,4825.0,-0.402,-0.343,-0.161,-0.231,0.134,0.459,-0.924,1.157,-0.654
1595.0,Tianjin University of Traditional Chinese Medicine,CHN,4800.0,-0.264,very low,5858.0,-0.685,-0.4,-0.482,0.641,-0.68,-1.145,-0.018,-0.268,-1.186
35786.0,Universidad Politecnica de Cartagena,ESP,4802.0,-0.409,very low,2990.0,-0.399,-0.531,0.264,-0.248,-0.183,-0.917,-0.834,-0.268,-0.17
13516.0,Fordham University,USA,4802.0,-0.362,very low,4238.0,-0.631,-0.099,-0.891,-0.435,-0.885,0.553,-1.045,-0.268,0.205
3141.0,International Hellenic University,GRC,4806.0,0.067,medium,3812.0,-0.324,0.868,-0.224,0.003,-0.63,-1.586,-0.208,-0.268,0.153
1778.0,Southern Taiwan University of Science and Technology,TWN,4806.0,-0.362,very low,1429.0,0.445,-0.578,-1.215,0.04,-1.231,0.102,-0.899,-0.268,-0.133
11514.0,University of Waikato,NZL,4810.0,-0.338,very low,5294.0,0.237,-0.259,-0.495,-0.457,-0.562,0.162,-0.955,-0.268,-0.508
2974.0,Hochschule Reutlingen,DEU,4810.0,-0.346,very low,929.0,0.579,-0.315,0.649,-0.433,-1.035,-1.736,-1.413,-0.268,1.032
1468.0,Ningxia University,CHN,4816.0,-0.234,low,8412.0,0.566,-0.428,0.026,-0.123,-1.196,-0.381,0.114,-0.268,-0.888
6299.0,University of Arid Agriculture,PAK,4819.0,0.686,medium,2795.0,0.013,2.766,-0.668,0.539,-0.689,-0.648,-1.019,-0.268,-0.468
4979.0,Sahmyook University,KOR,4823.0,-0.636,very low,758.0,-1.4,-0.587,-0.337,0.282,-1.145,-1.492,-1.413,-0.268,-1.186
1248.0,Capital Normal University,CHN,4824.0,-0.372,very low,6384.0,-0.441,-0.475,-0.419,-0.193,-0.979,-0.272,-0.192,-0.268,-0.356
4612.0,University of Shizuoka,JPN,4828.0,-0.492,very low,1525.0,-0.083,-0.709,0.088,-0.442,0.239,0.238,-1.413,-0.268,-0.853
62059.0,University of the Philippines Manila,PHL,4828.0,-0.131,low,3454.0,-0.378,-0.296,-1.24,-0.213,0.659,4.746,-0.988,-0.268,-0.89
3059.0,Universitat der Bundeswehr Munchen,DEU,4828.0,-0.232,low,3275.0,-0.36,-0.221,0.467,-0.338,-0.667,-0.542,-0.952,-0.268,1.944
4256.0,Azabu University,JPN,4835.0,-0.542,very low,843.0,-0.494,-0.522,-0.372,-0.359,-0.652,0.299,-1.413,-0.268,-1.186
4474.0,Mie University,JPN,4835.0,0.022,medium,4699.0,-0.592,0.155,0.276,-0.267,0.516,0.513,-0.053,-0.268,1.097
7971.0,Tshwane University of Technology,ZAF,4839.0,0.187,medium,3985.0,0.222,0.474,-0.239,0.084,-1.224,-0.654,1.57,-0.268,-0.361
1532.0,Shanxi Medical University,CHN,4839.0,-0.23,low,10256.0,-1.2,0.155,-1.167,0.412,-0.265,0.09,-1.004,-0.268,-0.888
4282.0,Ehime University,JPN,4839.0,-0.15,low,5035.0,-0.029,-0.512,0.241,-0.452,0.822,1.511,-0.519,-0.268,0.94
9471.0,Constructor University,DEU,4844.0,-0.26,low,1949.0,0.492,-0.033,0.1,-0.519,-0.242,-0.81,-1.016,-0.268,-0.399
290.0,University of the Sunshine Coast,AUS,4847.0,-0.278,very low,5234.0,1.291,-0.381,-0.089,-0.446,-0.283,-0.144,-1.263,-0.268,-0.505
6881.0,Bucharest Academy of Economic Studies,ROU,4847.0,-0.058,low,2819.0,-0.92,-0.334,-1.159,0.381,-0.565,3.625,-1.083,0.494,0.438
1184.0,Universidad de Talca,CHL,4853.0,-0.195,low,3395.0,-0.154,-0.418,-0.2,-0.145,-0.664,-0.546,-0.625,0.998,0.163
2828.0,Bauhaus-Universitat Weimar,DEU,4853.0,-0.174,low,1508.0,-0.536,-0.277,-0.428,-0.372,-0.628,0.439,1.206,-0.268,-0.508
4736.0,Philadelphia University,JOR,4859.0,0.211,medium,841.0,-0.981,-0.174,-1.612,1.567,0.245,4.872,-1.007,-0.268,0.016
3888.0,University of Surabaya,IDN,4859.0,0.11,medium,870.0,0.412,-0.174,-0.435,2.397,-1.094,-1.088,-1.413,-0.268,-1.186
1321.0,Guangdong Polytechnical Normal University,CHN,4859.0,-0.34,very low,2295.0,0.142,-0.484,-0.789,0.502,-1.126,-1.391,-0.91,-0.268,-0.53
3463.0,Symbiosis International University,IND,4864.0,0.661,medium,8984.0,-0.838,0.098,-0.132,3.234,-1.177,0.085,1.432,-0.268,0.257
6741.0,Kielce University of Technology,POL,4866.0,-0.411,very low,1536.0,-1.763,-0.616,4.784,-0.035,-1.29,-1.755,-1.413,-0.268,0.771
8135.0,Fachhochschule Nordwestschweiz,CHE,4869.0,-0.243,low,1782.0,1.088,-0.353,-0.486,-0.194,0.193,0.411,-1.413,-0.268,-0.898
6910.0,University of Medicine and Pharmacy Craiova,ROU,4869.0,0.148,medium,1736.0,-1.267,-0.193,0.391,0.658,0.068,3.127,0.786,-0.268,-0.602
1513.0,Shandong University of Traditional Chinese Medicine,CHN,4869.0,-0.331,very low,5996.0,-0.591,-0.343,-1.216,1.058,-1.097,-1.196,-1.227,-0.268,-1.101
4222.0,Universita degli Studi Guglielmo Marconi,ITA,4875.0,0.458,medium,1282.0,-0.503,-0.512,0.146,0.351,5.758,0.473,3.182,-0.268,-0.379
59459.0,New York City College of Technology,USA,4875.0,0.388,medium,595.0,-1.114,1.563,-1.127,-0.194,-0.87,1.819,-1.413,-0.268,4.924
5023.0,Woosuk University,KOR,4875.0,0.349,medium,828.0,-0.863,0.878,-1.303,2.294,-1.284,-1.018,-1.413,-0.268,1.241
4212.0,Universita degli Studi Mediterranea di Reggio Calabria,ITA,4880.0,-0.326,very low,3136.0,-0.35,-0.381,1.062,-0.379,-0.596,-0.777,-1.17,-0.268,1.176
77598.0,Taizhou University,CHN,4880.0,0.228,medium,3944.0,1.998,0.286,0.294,0.594,-1.001,-1.257,-0.239,-0.268,-0.55
15552.0,University of Dayton,USA,4880.0,-0.391,very low,3286.0,-0.752,-0.212,-0.501,-0.355,-0.943,-0.089,-1.297,-0.268,1.032
4696.0,Toyota Technological Institute,JPN,4887.0,-0.219,low,1011.0,-0.889,-0.447,0.594,-0.132,-0.416,0.551,-0.193,-0.268,0.806
8423.0,Sakarya University,TUR,4893.0,0.018,medium,6112.0,-0.919,-0.362,1.037,0.36,-0.614,-0.558,-0.245,1.913,-0.279
1246.0,Bohai University,CHN,4893.0,-0.078,low,3426.0,0.017,-0.428,1.57,-0.271,-1.288,-2.274,2.516,-0.268,-0.456
98088.0,Universitas Islam Negeri Sunan Kalijaga Yogyakarta,IDN,4896.0,0.329,medium,1066.0,-1.113,-0.061,0.547,2.738,-0.854,0.576,-0.515,-0.268,-0.483
5193.0,University of Malaysia Sabah,MYS,4896.0,0.196,medium,6248.0,-0.031,0.22,background: #ffffff; color: #000000;,1.52,-0.931,-0.921,-0.325,-0.268,-0.381
15468.0,University of Southern Mississippi,USA,4901.0,-0.371,very low,2968.0,-0.881,0.023,-0.213,-0.404,-0.566,-0.294,-1.037,-0.268,-0.498
6203.0,University of South-Eastern Norway,NOR,4907.0,-0.134,low,3680.0,0.599,-0.343,-0.435,-0.318,0.552,-0.738,0.305,-0.268,0.004
4940.0,Tech University of Korea,KOR,4914.0,-0.523,very low,809.0,-1.303,-0.587,-0.559,0.359,-1.161,-0.118,-1.413,-0.268,-0.562
4208.0,Universita degli Studi di Urbino Carlo Bo,ITA,4918.0,-0.154,low,3397.0,-0.846,-0.428,-0.483,-0.376,2.251,1.982,-0.505,-0.268,0.478
66992.0,Zhejiang Shuren University,CHN,4918.0,0.301,medium,2036.0,0.332,1.216,-0.921,1.097,-0.9,-1.126,-0.827,-0.268,-1.186
2731.0,Universite de la Reunion,REU,4918.0,-0.279,very low,1891.0,0.524,-0.512,0.111,-0.38,0.255,-0.156,-1.212,-0.268,0.709
10179.0,Ariel University,ISR,4925.0,-0.325,very low,5478.0,-0.033,-0.437,1.117,-0.383,-0.869,-0.118,-1.174,-0.268,0.486
5197.0,International Medical University,MYS,4925.0,0.44,medium,2239.0,-0.182,0.493,-1.147,0.528,-0.056,3.099,1.622,-0.268,-0.51
1287.0,Chongqing Jiaotong University,CHN,4928.0,-0.337,very low,7409.0,-0.078,-0.512,0.283,0.273,-1.306,-0.464,-0.997,-0.268,-0.58
84804.0,Borough of Manhattan Community College,USA,4928.0,1.737,significant,704.0,5.182,-0.268,1.437,-0.249,12.015,3.635,5.072,-0.268,0.294
5148.0,Vytautas Magnus University,LTU,4932.0,-0.339,very low,2881.0,-0.115,-0.418,-0.239,0.162,-0.204,-0.443,-1.213,-0.268,-0.833
59373.0,University of Arkansas at Little Rock,USA,4932.0,-0.294,very low,1381.0,-0.716,-0.296,-0.715,-0.205,-0.522,0.218,-1.413,-0.268,2.53
9339.0,Cyprus International University,CYP,4940.0,0.408,medium,1933.0,0.602,0.878,0.227,0.346,-0.785,0.759,0.257,-0.268,0.118
13454.0,Eastern Virginia Medical School,USA,4940.0,-0.236,low,2277.0,-1.027,-0.428,-1.458,0.579,0.071,1.49,-1.079,-0.268,0.178
59357.0,"University of Alabama, Huntsville",USA,4947.0,-0.089,low,3233.0,-1.206,-0.174,0.285,-0.206,0.341,0.509,-0.297,-0.268,2.492
79043.0,AlbaNova University Center,SWE,4950.0,0.135,medium,1453.0,1.198,0.342,-0.606,-0.545,2.643,0.361,-0.817,-0.268,0.202
79127.0,University of Petroleum and Energy Studies,IND,4950.0,0.43,medium,8085.0,1.174,0.117,-0.235,0.818,-0.782,-0.143,1.867,-0.268,0.245
6773.0,University of Wroclaw,POL,4950.0,-0.277,very low,6675.0,-0.55,-0.381,0.885,-0.467,0.105,0.905,-1.114,-0.268,0.587
6704.0,University of Technology and Life Sciences,POL,4954.0,-0.445,very low,2123.0,-1.169,-0.728,1.095,0.144,-1.103,-1.282,-1.061,-0.268,1.186
2533.0,Ecole Nationale Superieure d'Arts et Metiers,FRA,4954.0,-0.241,low,4874.0,1.325,-0.334,0.446,-0.32,-0.968,-1.417,-0.88,-0.268,0.058
1467.0,Ningxia Medical University,CHN,4954.0,-0.102,low,4738.0,-0.784,0.493,-1.176,0.701,-0.381,-0.597,-1.333,-0.268,-0.865
1299.0,Dalian Minzu University,CHN,4954.0,1.73,significant,2360.0,0.639,6.457,-1.02,0.03,-1.133,-0.521,-0.89,-0.268,-0.55
13062.0,Arkansas State University,USA,4960.0,-0.405,very low,1070.0,-0.17,-0.277,-0.878,-0.448,-0.72,0.598,-1.033,-0.268,-0.704
1747.0,National Ilan University,TWN,4960.0,-0.665,very low,1224.0,-0.461,-0.672,-0.628,-0.204,-1.183,-1.579,-1.413,-0.268,-0.771
92022.0,Saudi Electronic University,SAU,4960.0,0.406,medium,2308.0,-0.394,-0.137,-0.792,2.578,-1.054,1.347,-0.111,-0.268,0.667
857.0,Universidade Federal Rural de Pernambuco,BRA,4960.0,0.028,medium,5518.0,0.271,0.051,1.723,-0.157,-0.758,-1.485,-1.111,1.973,-0.865
1670.0,Zhejiang Ocean University,CHN,4966.0,-0.419,very low,5145.0,-0.269,-0.503,0.353,-0.241,-1.108,-1.554,-0.059,-0.268,-0.895
3585.0,Andalas University,IDN,4967.0,0.484,medium,4239.0,-1.162,0.605,3.493,2.696,-1.086,-1.329,-1.326,-0.268,-0.304
4161.0,Universita Commerciale Luigi Bocconi,ITA,4969.0,-0.303,very low,3627.0,0.666,-0.099,-1.053,-0.473,-0.758,-0.203,-1.319,-0.268,0.277
92478.0,Ecole Normale Superieure de l’Enseignement Technique de Mohammedia,MAR,4973.0,0.327,medium,594.0,-1.239,-0.362,6.848,1.653,-1.36,-3.342,0.818,-0.268,1.335
6306.0,"University of Engineering and Technology, Taxila",PAK,4980.0,0.378,medium,2522.0,-0.238,1.958,-0.297,0.304,-1.218,-0.585,-0.95,-0.268,-0.391
90167.0,Shoolini University,IND,4982.0,1.178,significant,3409.0,0.605,3.151,-0.14,0.175,0.992,-1.855,2.516,-0.268,-0.741
15458.0,University of San Francisco,USA,4982.0,-0.405,very low,1845.0,0.068,-0.155,-1.255,-0.404,-0.217,-0.579,-1.1,-0.268,-0.903
71635.0,Xian Polytechnic University,CHN,4982.0,-0.202,low,4249.0,0.136,0.07,-0.15,0.07,-1.201,-0.748,-1.067,-0.268,-0.242
413.0,Islamic University of Technology,BGD,4990.0,2.352,significant,1018.0,-0.54,8.852,1.92,0.071,-1.186,-2.931,-1.413,-0.268,0.282
5067.0,University of Latvia,LVA,4990.0,0.179,medium,5290.0,0.404,-0.184,0.854,-0.18,0.609,1.21,-0.691,1.053,1.188
280.0,University of Canberra,AUS,4993.0,0.008,medium,4981.0,1.49,0.408,-0.683,-0.419,-0.387,1.061,-1.089,-0.161,-1.082
59427.0,"Southern Illinois University, Carbondale",USA,4997.0,-0.46,very low,4430.0,-0.855,-0.315,-0.785,-0.333,-0.255,-0.012,-1.413,-0.268,0.148
6227.0,Allama Iqbal Open University,PAK,4997.0,0.201,medium,916.0,-0.014,0.577,-1.197,1.907,-1.03,-0.807,-1.413,-0.268,-0.639
5184.0,Sunway University,MYS,5000.0,0.557,medium,5563.0,3.086,-0.249,-0.101,0.243,-0.812,-0.17,3.802,-0.268,-0.5
6904.0,University of Agronomic Sciences and Veterinary Medicine,ROU,5003.0,-0.538,very low,695.0,-0.983,-0.522,-0.988,0.432,-0.597,-1.976,-1.413,-0.268,-0.468
2128.0,University of Rijeka,HRV,5010.0,0.004,medium,5097.0,-0.576,-0.315,0.003,-0.228,0.233,0.18,-0.96,3.086,-0.635
897.0,Universiti Brunei Darussalam,BRN,5010.0,0.335,medium,3726.0,-0.226,0.906,0.127,0.212,-0.678,-0.344,0.735,-0.181,0.659
8111.0,Blekinge Institute of Technology,SWE,5010.0,-0.333,very low,1261.0,0.609,-0.193,-0.195,-0.338,-0.997,-0.831,-1.413,-0.268,0.024
3213.0,University of Pannonia,HUN,5017.0,-0.248,low,2090.0,0.043,-0.155,0.201,-0.22,-0.855,0.129,-1.093,-0.268,0.026
94646.0,California Northstate University,USA,5017.0,-0.492,very low,554.0,0.134,-0.503,-1.431,-0.074,-1.05,-0.681,-1.413,-0.268,-0.272
9996.0,University of Western Macedonia,GRC,5019.0,-0.135,low,2584.0,-0.083,-0.381,1.03,0.486,-0.743,-2.446,0.354,-0.268,-0.205
1054.0,St. Francis Xavier University,CAN,5019.0,-0.094,low,1436.0,0.538,-0.137,-0.819,-0.545,-0.522,1.202,0.579,-0.268,-0.438
70629.0,Delhi Technological University,IND,5019.0,-0.024,low,8559.0,-0.958,0.361,0.699,0.297,-1.31,-1.193,-0.043,-0.268,0.513
92877.0,University of Doha for Science and Technology,QAT,5019.0,-0.546,very low,602.0,-0.459,-0.531,-1.18,0.322,-0.917,-1.462,-1.413,-0.268,-1.186
5210.0,Tun Hussein Onn University of Malaysia,MYS,5025.0,0.659,medium,8198.0,-0.841,0.972,-0.042,2.583,-1.022,-0.049,-0.317,-0.268,0.982
59468.0,"Baruch College, City University of New York",USA,5025.0,-0.485,very low,1479.0,-1.0,-0.09,-1.436,-0.51,-0.383,0.528,-1.413,-0.268,-0.466
70200.0,Lebanese University,LBN,5025.0,0.394,medium,4428.0,1.896,0.878,-0.57,0.15,-0.666,0.658,-0.421,-0.268,0.185
3395.0,National Institute of Pharmaceutical Education and Research,IND,5025.0,-0.261,very low,4551.0,-0.796,-0.277,0.893,-0.511,-1.161,-0.254,0.936,-0.268,-0.741
9859.0,London Business School,GBR,5025.0,-0.593,very low,609.0,-0.987,-0.184,-1.824,-0.374,-1.082,-0.746,-1.413,-0.268,-0.282
4891.0,Hanbat National University,KOR,5025.0,-0.426,very low,2133.0,-1.243,-0.616,0.302,0.238,-0.9,0.216,-1.413,-0.268,0.458
7994.0,Universidad Catolica de Valencia San Vicente Martir,ESP,5025.0,0.101,medium,1772.0,2.839,-0.09,-0.69,-0.074,-0.387,0.305,-0.739,-0.268,-0.031
3192.0,Universidad Nacional Autonoma de Honduras,HND,5034.0,1.171,significant,1015.0,-0.08,-0.315,-1.207,4.962,4.149,3.252,0.332,-0.268,-0.689
10627.0,Graduate University for Advanced Studies,JPN,5036.0,-0.096,low,5339.0,0.175,-0.155,0.531,-0.496,1.982,0.822,-1.057,-0.268,-0.043
13714.0,Lake Erie College,USA,5036.0,-0.16,low,843.0,-0.88,-0.447,-1.438,0.694,-0.681,-1.799,-0.075,-0.268,3.064
8371.0,Cukurova University,TUR,5040.0,-0.106,low,6468.0,-0.405,-0.315,0.106,0.173,1.403,0.568,-0.348,-0.268,-0.952
95439.0,Phenikaa University,VNM,5040.0,-0.582,very low,2106.0,-0.737,-0.578,0.29,-0.248,-0.767,-1.863,-1.064,-0.268,-0.709
4382.0,Kansai Medical University,JPN,5040.0,0.221,medium,2510.0,-0.221,0.558,-0.748,-0.233,2.256,2.136,-0.456,-0.268,0.245
4703.0,Wakayama Medical University,JPN,5046.0,0.271,medium,2626.0,-0.406,0.267,-0.997,-0.287,2.704,1.589,1.12,-0.268,0.779
5003.0,Sun Moon University,KOR,5048.0,-0.509,very low,953.0,-1.343,-0.606,-0.502,0.715,-1.248,-0.952,-1.413,-0.268,-0.654
77720.0,KL University,IND,5054.0,1.516,significant,11549.0,-1.33,1.817,1.214,4.919,-1.258,-0.109,-0.2,-0.268,3.486
13794.0,Manhattan College,USA,5054.0,-0.306,very low,839.0,-0.399,-0.174,-1.263,-0.358,0.133,0.356,-1.413,-0.268,1.288
185.0,Universidad Nacional de Rosario,ARG,5054.0,-0.162,low,3169.0,-0.37,-0.071,0.153,-0.364,0.338,1.366,-1.028,0.139,-0.702
91811.0,Majmaah University,SAU,5054.0,0.867,medium,4786.0,0.565,1.563,-0.851,2.26,-0.853,-0.115,0.191,-0.268,-0.235
3230.0,Alagappa University,IND,5061.0,0.322,medium,3025.0,-0.701,-0.184,-0.547,2.667,-1.232,-0.827,0.677,-0.268,0.068
98956.0,"Indian Institute of Information Technology, Sri City",IND,5065.0,-0.604,very low,474.0,-1.486,-0.343,-1.366,-0.325,-1.094,-1.93,-1.413,-0.268,2.006
1217.0,Anhui University of Technology,CHN,5065.0,-0.176,low,6957.0,0.188,-0.212,0.458,-0.192,-1.178,-0.471,0.131,-0.268,-0.399
70241.0,"State University of New York, College of Environmental Science and Forestry",USA,5068.0,-0.222,low,1676.0,0.43,0.361,-0.986,-0.483,-0.314,0.003,-1.413,-0.268,-0.883
821.0,Universidade Federal da Paraiba,BRA,5068.0,-0.265,very low,9713.0,0.186,-0.362,1.002,-0.126,-0.761,-0.951,-0.729,-0.224,-0.381
6327.0,Birzeit University,PSE,5068.0,-0.112,low,966.0,-0.651,-0.4,-1.404,0.212,-0.27,4.451,-1.019,-0.268,0.411
5191.0,"University of Malaysia, Pahang",MYS,5073.0,0.648,medium,7605.0,-0.509,0.493,0.358,2.752,-1.196,-1.522,0.519,0.75,-0.163
7995.0,Universidad Catolica San Antonio de Murcia,ESP,5073.0,0.576,medium,2845.0,-0.081,2.117,-0.377,-0.196,-0.249,-0.184,-0.864,1.47,-0.649
9363.0,Tomas Bata University in Zlin,CZE,5073.0,-0.292,very low,2430.0,-0.065,-0.456,-0.22,0.465,-1.081,-0.344,-1.413,-0.268,0.17
15376.0,Western Michigan University,USA,5077.0,-0.269,very low,4322.0,-0.955,-0.202,-0.336,-0.038,-0.732,-0.607,-1.255,-0.094,2.261
3672.0,Universitas Islam Negeri Alauddin Makassar,IDN,5077.0,0.911,medium,489.0,-0.551,-0.118,-0.309,6.719,-0.706,-1.287,-1.413,-0.268,-1.186
4346.0,Hyogo College of Medicine,JPN,5077.0,-0.084,low,3212.0,-0.774,-0.663,-0.544,-0.383,3.316,1.087,1.026,-0.268,0.006
2560.0,VetAgro Sup,FRA,5085.0,-0.119,low,3773.0,2.804,-0.512,-0.692,-0.504,0.684,0.025,-1.413,-0.268,0.438
11518.0,University of Nizwa,OMN,5086.0,1.855,significant,1894.0,0.955,4.794,-0.001,0.2,-0.722,0.49,3.658,-0.268,-0.918
56265.0,"Christian Medical College, Vellore",IND,5086.0,-0.149,low,3642.0,-0.84,-0.522,-1.256,-0.259,0.886,3.331,0.601,-0.268,-0.764
9529.0,Copenhagen Business School,DNK,5086.0,-0.314,very low,3798.0,1.017,-0.052,-1.018,-0.476,-0.96,-1.051,-1.296,-0.268,0.071
4950.0,Kyonggi University,KOR,5089.0,0.424,medium,2739.0,-0.61,1.394,-0.601,0.199,-1.162,0.718,1.015,-0.268,0.101
3257.0,Bharati Vidyapeeth Deemed University,IND,5090.0,0.832,medium,1032.0,-1.126,2.906,-1.336,1.834,-1.119,0.133,-1.413,-0.268,-0.202
13720.0,Lamar University,USA,5092.0,0.034,medium,1308.0,-0.529,-0.052,-0.057,-0.026,0.047,1.782,-1.102,-0.268,3.123
15377.0,Western New England University,USA,5092.0,-0.121,low,669.0,-0.502,-0.268,-1.162,0.313,-1.111,0.781,-1.413,-0.268,3.789
272.0,Southern Cross University,AUS,5092.0,-0.338,very low,3680.0,0.884,-0.315,-0.022,-0.474,-0.372,-0.197,-1.213,-0.268,-1.186
32325.0,Deustuko Unibertsitatea,ESP,5096.0,-0.368,very low,2617.0,-0.291,-0.259,-0.402,-0.146,-0.807,-0.743,-1.253,0.307,-0.796
35894.0,Prairie View A&M University,USA,5099.0,-0.551,very low,958.0,-0.955,-0.212,-0.742,-0.163,-0.793,-1.633,-1.413,-0.268,-0.657
2156.0,University of South Bohemia,CZE,5099.0,0.454,medium,4827.0,0.532,1.178,0.817,-0.361,-0.098,0.21,-1.144,2.049,-0.344
59414.0,"University of Alaska, Fairbanks",USA,5107.0,-0.079,low,3851.0,0.047,0.192,0.268,-0.505,0.951,0.415,-1.287,-0.268,0.662
829.0,Universidade Federal de Mato Grosso do Sul,BRA,5107.0,0.117,medium,5766.0,0.941,-0.296,0.522,-0.147,1.109,1.162,0.109,0.105,-0.396
6302.0,University of Central Punjab,PAK,5107.0,0.127,medium,2408.0,-0.189,0.108,-0.507,0.756,-0.756,1.363,0.02,-0.268,-0.351
2310.0,Helwan University Cairo,EGY,5111.0,0.527,medium,6704.0,2.551,0.634,-0.17,0.717,-0.199,-0.267,-0.335,-0.268,0.615
737.0,Pontificia Universidade Catolica do Rio de Janeiro,BRA,5111.0,-0.199,low,5165.0,-0.106,-0.315,-0.025,-0.434,0.625,-0.108,-0.427,-0.102,0.433
1362.0,Hebei University of Science and Technology,CHN,5111.0,-0.374,very low,4171.0,0.026,-0.456,-0.836,-0.057,-1.156,-0.532,-0.463,-0.268,-0.587
8429.0,Uludag University,TUR,5118.0,-0.249,low,5433.0,-1.09,-0.202,0.451,0.493,0.168,-0.717,-1.333,-0.268,-0.259
1712.0,Chung Shan Medical University,TWN,5121.0,0.121,medium,4413.0,2.163,-0.08,0.098,-0.226,-1.076,-0.823,1.159,-0.268,-0.5
4479.0,University of Miyazaki,JPN,5126.0,-0.305,very low,3336.0,-0.828,-0.559,-0.417,-0.248,1.59,1.402,-1.307,-0.268,0.486
4203.0,Universita degli Studi di Teramo,ITA,5126.0,-0.101,low,1938.0,-0.268,0.727,-0.131,-0.249,-0.712,0.005,-1.413,-0.268,-0.647
83999.0,Imam Muhammad ibn Saud Islamic University,SAU,5126.0,0.083,medium,5854.0,1.495,-0.559,-0.41,0.811,-0.936,0.937,0.003,-0.268,-0.287
1207.0,Universidad Tecnica Federico Santa Maria,CHL,5134.0,0.474,medium,4281.0,0.034,0.962,1.036,-0.375,2.365,0.745,0.361,-0.268,0.816
4290.0,Fukuoka University,JPN,5137.0,-0.077,low,3659.0,-1.087,0.032,-0.882,-0.446,1.485,2.943,-0.563,-0.268,0.349
77603.0,Minjiang University,CHN,5140.0,0.068,medium,3393.0,2.495,-0.287,-1.174,0.286,-0.993,0.027,0.257,-0.268,-0.89
6888.0,Alexandru Ioan Cuza University,ROU,5143.0,0.315,medium,4489.0,-0.79,-0.418,1.042,0.06,1.563,1.162,0.025,3.396,-0.451
3798.0,State University of Malang,IDN,5146.0,0.761,medium,5956.0,-0.605,-0.155,3.346,3.674,-1.05,-0.425,0.57,-0.268,0.193
3345.0,Jawaharlal Nehru University,IND,5148.0,-0.248,low,7428.0,-0.515,0.023,-0.546,-0.039,-1.041,0.39,-0.781,-0.268,-0.612
59310.0,"University of Colorado, Colorado Springs",USA,5151.0,-0.301,very low,2424.0,-0.066,-0.193,-0.689,-0.071,-0.69,-0.466,-1.413,-0.268,0.759
10335.0,"University of Technology, Iraq",IRQ,5151.0,1.147,significant,7999.0,-0.699,0.915,3.742,3.948,-1.298,-1.262,0.162,-0.268,2.085
4342.0,Hoshi University,JPN,5151.0,0.593,medium,573.0,1.072,2.512,1.31,-0.545,-0.257,-1.452,-1.413,-0.268,0.585
13655.0,Jackson State University,USA,5156.0,-0.183,low,1129.0,-0.556,-0.512,-1.639,-0.175,0.255,3.578,-1.413,-0.268,2.398
299.0,FH Oberosterreich,AUT,5157.0,-0.323,very low,1477.0,1.065,-0.259,0.511,-0.439,-0.776,-1.5,-1.413,-0.268,-0.153
78802.0,"Islamic Azad University, Science and Research Branch",IRN,5157.0,0.404,medium,10593.0,-1.109,2.474,-0.582,0.209,-1.202,-0.571,-1.028,-0.268,-0.428
2666.0,Universite de Limoges,FRA,5161.0,-0.209,low,3989.0,-0.763,-0.202,-0.707,-0.48,0.06,1.708,-0.423,-0.268,0.804
6247.0,"Government College University, Lahore",PAK,5165.0,0.411,medium,4062.0,-0.217,0.803,0.492,0.844,-0.97,-0.7,1.013,-0.163,-0.063
13972.0,North Carolina Central University,USA,5165.0,-0.229,low,945.0,-0.123,0.295,-0.808,-0.435,0.269,0.176,-1.413,-0.268,-0.644
13857.0,Miami University of Ohio,USA,5165.0,-0.501,very low,4938.0,-0.991,-0.249,-0.253,-0.493,-0.909,-0.234,-1.413,-0.268,0.185
9098.0,Lucerne University of Applied Sciences and Arts,CHE,5171.0,-0.215,low,724.0,0.501,-0.306,-1.055,-0.257,-0.663,0.308,-1.413,-0.268,2.336
1682.0,Lingnan University,HKG,5171.0,-0.228,low,2349.0,-0.616,-0.137,-1.008,-0.39,-0.533,1.272,0.52,-0.268,-1.186
826.0,Universidade Federal de Juiz de Fora,BRA,5175.0,-0.066,low,6238.0,-0.256,-0.362,0.275,-0.277,1.09,2.478,-0.311,-0.268,-0.215
2971.0,Hochschule Niederrhein,DEU,5175.0,-0.17,low,594.0,-0.104,-0.268,0.172,-0.369,-0.747,-1.133,-1.413,-0.268,4.956
4269.0,Chubu University,JPN,5181.0,-0.121,low,1808.0,0.093,-0.484,-0.14,-0.459,1.258,1.689,-0.876,-0.268,1.611
6933.0,Universitatea Lucian Blaga din Sibiu,ROU,5182.0,-0.333,very low,2363.0,-0.67,-0.353,0.482,0.383,-0.867,-1.661,-0.808,-0.268,-0.54
71204.0,University of Nicosia,CYP,5184.0,0.168,medium,3591.0,1.459,-0.353,-0.032,-0.153,-0.035,1.72,1.123,-0.268,-0.185
5228.0,Benemerita Universidad Autonoma de Puebla,MEX,5184.0,0.361,medium,5108.0,-0.953,0.136,1.311,-0.208,3.248,2.257,0.932,-0.268,0.992
67399.0,Chongqing University of Science and Technology,CHN,5187.0,-0.297,very low,3560.0,0.225,-0.343,-0.307,0.071,-0.971,-0.134,-1.096,-0.268,-0.483
72515.0,Suzhou University of Science and Technology,CHN,5188.0,-0.313,very low,7953.0,0.703,-0.54,-0.087,-0.302,-1.093,-0.225,-0.329,-0.268,-0.62
1754.0,National Pingtung University of Science and Technology,TWN,5191.0,-0.475,very low,2274.0,0.721,-0.634,0.041,-0.201,-1.091,-1.499,-1.413,-0.268,-0.413
6267.0,Lahore University of Management Sciences,PAK,5191.0,0.894,medium,2063.0,-0.696,4.193,-0.908,-0.064,-0.789,0.116,-1.413,-0.268,-0.687
4577.0,Saga University,JPN,5191.0,0.091,medium,4055.0,-0.238,-0.578,0.133,0.215,1.623,1.397,0.784,-0.268,0.719
12216.0,Jonkoping University,SWE,5191.0,0.128,medium,2854.0,2.492,0.821,-0.393,-0.417,-1.086,-2.219,-0.402,-0.268,-0.649
1377.0,Henan University of Technology,CHN,5202.0,0.211,medium,7367.0,-0.265,1.206,0.313,-0.042,-0.379,-0.689,-0.191,-0.268,-0.644
4728.0,Yarmouk University,JOR,5211.0,0.411,medium,4447.0,0.06,-0.259,-0.009,2.298,-0.68,2.274,-0.434,-0.268,0.282
91869.0,University of Sadat City,EGY,5211.0,-0.049,low,1848.0,1.309,-0.033,0.265,0.444,-0.98,-0.742,-1.413,-0.268,-0.361
2692.0,Universite du Mans,FRA,5211.0,-0.374,very low,2278.0,-0.512,-0.155,-0.076,-0.408,-0.612,0.147,-1.263,-0.268,-0.292
5816.0,Universidad Veracruzana,MEX,5211.0,-0.191,low,4126.0,-0.717,0.089,0.178,0.164,-0.883,0.123,-1.244,-0.268,0.039
5211.0,University Tunku Abdul Rahman,MYS,5211.0,-0.349,very low,4569.0,-0.833,-0.456,-0.738,0.644,-1.098,-0.755,-1.083,-0.268,0.133
13164.0,Boise State University,USA,5216.0,-0.422,very low,4019.0,-0.952,-0.23,-0.256,-0.481,-0.464,-0.125,-1.413,-0.268,0.98
4586.0,Sapporo Medical University,JPN,5216.0,-0.133,low,2657.0,-1.259,-0.418,-0.055,-0.27,1.505,0.225,0.947,0.055,-0.225
827.0,Universidade Federal de Lavras,BRA,5220.0,-0.142,low,6529.0,-0.324,-0.362,1.18,-0.169,-0.858,-0.924,-1.104,2.054,-0.649
736.0,Pontificia Universidade Catolica do Parana,BRA,5220.0,0.1,medium,3474.0,0.847,0.305,-0.83,-0.215,-0.318,0.473,-0.654,0.443,0.426
3374.0,Mahatma Gandhi Central University,IND,5224.0,0.115,medium,650.0,-1.098,0.53,-1.248,0.339,-1.326,-0.496,1.958,-0.268,-0.359
4946.0,Kunsan National University,KOR,5224.0,1.667,significant,2004.0,-0.818,6.062,-0.16,0.55,-0.928,-0.91,-0.379,-0.268,-0.309
4453.0,Kyoto Pharmaceutical University,JPN,5227.0,-0.525,very low,634.0,0.596,-0.85,1.217,-0.381,-1.056,-0.673,-1.413,-0.268,-1.186
1213.0,Anhui Normal University,CHN,5230.0,-0.32,very low,5200.0,0.812,-0.306,-0.623,-0.063,-1.004,-0.872,-1.413,-0.268,-0.078
3001.0,Leuphana Universitat Luneburg,DEU,5236.0,-0.228,low,2807.0,0.513,-0.23,-0.44,-0.378,-0.251,-0.322,-0.534,-0.268,-0.078
832.0,Universidade Federal de Pelotas,BRA,5242.0,-0.264,very low,7151.0,0.087,-0.362,0.207,-0.392,-0.263,-0.266,-0.364,-0.268,-0.128
3742.0,Universitas Medan Area,IDN,5243.0,7.623,significant,472.0,-0.928,23.512,0.598,4.546,-1.144,-1.985,-1.413,-0.268,0.955
84865.0,Weifang University of Science and Technology,CHN,5247.0,0.896,medium,1246.0,0.648,3.141,-1.295,0.964,-1.206,0.375,-1.413,-0.268,-0.585
88328.0,Shanghai University of Medicine and Health Sciences,CHN,5247.0,-0.243,low,2127.0,1.484,-0.512,-1.637,0.388,-0.819,-0.449,-0.963,-0.268,-0.947
6951.0,Technical University of Cluj-Napoca,ROU,5250.0,-0.075,low,4462.0,-0.812,-0.418,1.354,0.801,-1.015,-1.177,-0.696,0.407,0.846
3219.0,Hungarian University of Agriculture and Life Sciences,HUN,5250.0,0.421,medium,4892.0,1.898,0.681,0.497,0.213,0.852,-0.249,-0.204,-0.268,-0.466
8399.0,Izmir Institute of Technology,TUR,5254.0,-0.213,low,2358.0,0.72,-0.531,-0.456,-0.368,0.916,0.55,-0.378,-0.268,-0.759
15354.0,Wellesley College,USA,5254.0,-0.464,very low,1218.0,-0.813,-0.165,-1.394,-0.545,0.234,0.338,-1.413,-0.268,-0.289
4318.0,Hirosaki University,JPN,5258.0,0.063,medium,4139.0,-0.705,0.07,-0.261,-0.406,1.661,1.081,0.819,-0.268,0.289
1371.0,Henan University of Traditional Chinese Medicine,CHN,5260.0,-0.182,low,4589.0,-0.927,-0.296,-0.499,0.616,-1.004,-0.742,0.585,-0.268,-0.853
13000.0,AT Still University,USA,5262.0,0.248,medium,1188.0,0.58,-0.296,-1.993,0.422,-0.011,5.107,0.597,-0.268,0.13
6774.0,University of Zielona Gora,POL,5262.0,-0.156,low,3124.0,0.667,-0.522,0.337,0.04,-0.204,0.189,-0.653,-0.268,0.039
10288.0,Rama Devi Women's University,IND,5266.0,0.488,medium,358.0,-1.375,-0.306,3.592,4.124,-1.333,-4.261,0.053,-0.268,0.284
6282.0,Pakistan Institute of Engineering and Applied Sciences,PAK,5266.0,0.228,medium,2018.0,-0.101,2.089,-0.312,-0.286,-0.944,-2.496,-1.016,-0.268,-0.317
15314.0,Villanova University,USA,5266.0,-0.295,very low,3643.0,-1.026,-0.155,-0.865,-0.43,-0.008,1.917,-0.664,-0.268,-0.379
6305.0,"University of Engineering and Technology, Lahore",PAK,5266.0,1.033,medium,4448.0,0.427,3.714,-0.374,0.277,-0.746,0.495,-1.083,-0.026,-0.734
77615.0,Sichuan University of Science and Engineering,CHN,5266.0,-0.112,low,4007.0,0.906,0.051,0.08,0.146,-1.207,-0.951,-0.919,-0.268,-0.5
5665.0,Universidad de Colima,MEX,5266.0,-0.246,low,1201.0,-0.757,-0.493,-1.122,-0.154,0.398,4.768,-1.074,-0.268,-1.186
1571.0,Southwest Minzu University,CHN,5272.0,-0.52,very low,3433.0,-0.551,-0.587,-0.622,0.063,-1.09,-0.835,-0.993,-0.268,-0.967
8157.0,Universite de Neuchatel,CHE,5272.0,-0.259,low,2793.0,0.735,-0.315,-0.024,-0.433,-0.306,-0.534,-0.91,-0.268,0.195
7722.0,Peter the Great St Petersburg Polytechnic University,RUS,5276.0,1.168,significant,10569.0,-0.071,1.122,2.515,1.639,-0.092,0.423,-0.034,1.441,4.559
1318.0,Gansu Agricultural University,CHN,5276.0,-0.365,very low,6237.0,-0.751,-0.249,1.513,-0.394,-1.109,-1.666,-0.029,-0.268,-0.865
5183.0,Multimedia University,MYS,5276.0,0.048,medium,3456.0,-0.979,-0.306,-0.305,1.933,-1.183,-0.492,-0.548,-0.268,0.64
3918.0,Udayana University,IDN,5276.0,1.44,significant,3622.0,-0.856,0.418,0.534,7.416,-0.664,1.69,-1.297,-0.268,-0.081
6577.0,University of Santo Tomas,PHL,5282.0,0.045,medium,1567.0,0.627,0.427,-0.177,0.355,-0.425,0.503,-1.413,-0.268,-0.865
59242.0,"California State University, Bakersfield",USA,5282.0,-0.693,very low,634.0,-0.764,-0.268,-1.795,-0.545,-1.056,-1.147,-1.413,-0.268,-1.186
4298.0,Fukushima Medical University,JPN,5282.0,0.139,medium,4646.0,-0.016,-0.165,0.058,-0.264,1.405,1.09,1.377,-0.268,0.083
3077.0,Universitat Osnabruck,DEU,5285.0,-0.33,very low,3531.0,-0.441,-0.268,0.08,-0.338,-0.438,-0.006,-0.989,-0.268,0.13
13037.0,American University,USA,5287.0,-0.422,very low,3288.0,-0.924,-0.118,-1.224,-0.45,-0.005,1.532,-1.413,-0.268,-1.022
2651.0,Universite d'Artois,FRA,5288.0,-0.106,low,3164.0,2.444,-0.343,0.118,-0.38,-0.649,-0.756,-1.413,-0.268,1.213
5641.0,Universidad Autonoma del Estado de Hidalgo,MEX,5288.0,0.12,medium,2661.0,-0.978,0.821,-0.418,0.515,-0.05,0.545,-1.014,-0.268,-0.148
3442.0,"Shanmugha Arts, Science, Technology and Research Academy",IND,5293.0,-0.087,low,4964.0,-1.3,-0.005,0.047,0.949,-1.293,-1.176,-0.192,-0.268,0.433
2660.0,Universite de Cergy-Pontoise,FRA,5293.0,-0.215,low,3505.0,0.375,-0.324,-0.172,-0.456,0.386,1.226,-1.185,-0.268,0.195
1785.0,Tunghai University,TWN,5296.0,0.108,medium,3025.0,2.888,-0.381,-0.912,-0.062,-1.088,-0.956,1.462,-0.268,-0.518
4386.0,Kawasaki Medical School,JPN,5298.0,-0.175,low,2236.0,-0.94,-0.559,-0.941,-0.148,2.389,2.574,-0.609,-0.268,0.071
1813.0,Universidad de la Costa,COL,5298.0,9.14,significant,2710.0,1.505,27.532,0.149,2.751,-0.541,2.282,1.158,-0.268,-0.071
4061.0,Mustansiriyah University,IRQ,5298.0,1.454,significant,7906.0,-1.147,0.239,4.155,6.836,-1.324,-0.143,-0.796,-0.268,2.035
2551.0,Ecole Nationale Superieure de Techniques Avancees Bretagne,FRA,5301.0,-0.305,very low,3074.0,-1.491,-0.362,0.555,-0.205,-0.911,0.14,-0.15,-0.268,0.938
1740.0,National Chiayi University,TWN,5301.0,-0.505,very low,1739.0,-0.564,-0.559,-0.904,-0.034,-0.926,0.317,-1.413,-0.268,-0.61
69369.0,Hunan University of Traditional Chinese Medicine,CHN,5308.0,-0.178,low,4826.0,-0.464,-0.324,-0.743,1.273,-1.109,-0.698,-0.907,-0.268,-0.868
8081.0,Al Neelain University,SDN,5312.0,0.537,medium,628.0,3.285,-0.484,-1.29,3.032,-0.202,0.998,-1.413,-0.268,-1.186
4234.0,Aichi Gakuin University,JPN,5312.0,0.032,medium,824.0,-0.115,1.282,-0.37,-0.228,0.19,-1.17,-1.413,-0.268,-1.186
78661.0,Hochschule Munchen,DEU,5316.0,-0.282,very low,1205.0,0.349,-0.296,-0.127,-0.285,-0.675,-0.172,-1.413,-0.268,0.925
1157.0,Universidad Austral de Chile,CHL,5319.0,0.095,medium,5127.0,1.374,-0.39,0.296,-0.046,-0.302,0.294,-1.265,2.207,-0.493
4870.0,Dongseo University,KOR,5319.0,-0.092,low,582.0,-1.335,-0.522,-1.306,2.148,-1.359,-1.773,-1.413,-0.268,3.17
79331.0,MCPHS University,USA,5319.0,-0.418,very low,738.0,-0.203,-0.4,-1.761,-0.333,-0.546,1.942,-1.413,-0.268,-0.488
12559.0,Tashkent State Technical University,UZB,5323.0,1.177,significant,2137.0,-0.186,-0.597,13.343,2.535,-1.321,-2.39,-1.413,-0.268,11.076
841.0,Universidade Federal de Uberlandia,BRA,5323.0,1.056,medium,7360.0,-0.172,3.508,-0.46,-0.29,-0.636,1.888,-0.868,1.295,-0.078
91842.0,Duke Kunshan University,CHN,5326.0,-0.144,low,1753.0,2.042,-0.437,-1.262,-0.516,0.053,1.171,-0.403,-0.268,-0.898
91909.0,Syarif Hidayatullah State Islamic University Jakarta,IDN,5330.0,-0.062,low,1600.0,-1.04,-0.043,0.08,2.034,-0.87,-2.024,-1.413,-0.268,-0.873
1303.0,Northeast Petroleum University,CHN,5330.0,-0.058,low,5341.0,0.118,-0.061,1.346,0.169,-1.087,-0.61,0.002,-0.268,-0.813
6189.0,Nord University,NOR,5330.0,-0.191,low,3117.0,2.048,-0.061,-0.563,-0.529,-0.544,-1.086,-0.925,-0.268,-0.856
5075.0,Riga Technical University,LVA,5336.0,0.015,medium,4255.0,-0.633,-0.315,2.247,-0.361,1.446,0.317,0.711,-0.268,-0.004
1588.0,Tianjin Normal University,CHN,5336.0,-0.497,very low,4243.0,-0.023,-0.54,-0.561,-0.189,-1.046,-0.618,-1.243,-0.268,-0.654
1788.0,Yuan-Ze University,TWN,5339.0,0.177,medium,3959.0,2.934,-0.296,-0.456,-0.282,-0.978,-0.506,1.861,-0.268,-0.679
74162.0,North China University of Water Conservancy and Electric Power,CHN,5339.0,0.109,medium,5109.0,-0.146,1.131,-0.344,0.334,-1.22,-0.555,-1.172,-0.268,-0.649
11496.0,BI Norwegian Business School,NOR,5339.0,-0.312,very low,1467.0,1.118,-0.08,-0.944,-0.474,-0.904,-0.746,-1.413,-0.268,-0.135
4235.0,Aichi Medical University,JPN,5350.0,0.053,medium,2921.0,-0.259,-0.033,-0.833,-0.277,1.267,1.615,0.716,-0.268,-0.053
3087.0,Universitat Witten-Herdecke,DEU,5354.0,0.03,medium,5004.0,-0.173,0.07,-0.859,-0.305,0.613,1.067,-0.307,-0.268,2.075
1686.0,Hong Kong Metropolitan University,HKG,5356.0,0.363,medium,2152.0,0.459,1.366,-0.732,-0.011,-0.984,-0.318,0.971,-0.268,-1.186
3273.0,Chaudhary Charan Singh University,IND,5357.0,-0.08,low,1228.0,-0.77,-0.465,-0.02,0.603,-1.203,-0.608,1.322,-0.268,0.051
2859.0,Hochschule Bonn-Rhein-Sieg,DEU,5357.0,0.911,medium,527.0,0.685,4.165,-0.29,-0.347,-1.032,-1.827,-1.413,-0.268,-0.23
7261.0,Kazan Federal University,RUS,5357.0,0.859,medium,11923.0,0.833,0.277,2.47,2.763,-0.853,-0.015,-0.139,-0.268,2.018
1530.0,Shanxi Agricultural University,CHN,5361.0,-0.179,low,5945.0,-0.132,0.54,-0.071,-0.361,-0.943,-0.758,-0.932,-0.268,-0.933
98015.0,Ho Chi Minh City University of Transport,VNM,5361.0,2.027,significant,626.0,-0.671,6.588,1.976,1.458,-1.246,-1.599,-0.847,-0.268,-0.386
4231.0,"University of the West Indies, Mona Campus",JAM,5361.0,0.14,medium,4885.0,-0.729,0.756,-0.728,-0.342,-0.153,3.093,-1.413,0.942,-0.18
6257.0,International Islamic University,PAK,5369.0,0.551,medium,3605.0,-0.158,1.432,-0.245,1.179,-0.875,0.514,-0.099,-0.268,-0.63
3100.0,University of Cape Coast,GHA,5378.0,-0.057,low,4137.0,0.805,-0.409,0.26,0.389,-0.796,0.303,-0.252,-0.268,-0.577
5642.0,Universidad Autonoma del Estado de Mexico,MEX,5378.0,-0.084,low,3382.0,0.399,-0.259,0.173,-0.159,-1.157,-1.051,-0.858,1.798,-0.143
12877.0,Universidade Federal do ABC,BRA,5378.0,0.033,medium,6364.0,0.871,-0.343,0.67,-0.455,2.166,0.598,0.308,-0.268,-0.712
13769.0,Louisiana Tech University,USA,5378.0,0.358,medium,1562.0,-1.156,-0.437,0.575,-0.278,5.734,1.846,2.232,-0.268,1.126
4124.0,South East Technological University,IRL,5378.0,0.036,medium,1360.0,-0.533,1.469,-0.589,-0.276,-0.526,-0.646,-1.413,-0.268,-0.808
5195.0,University Malaysia Terengganu,MYS,5385.0,0.61,medium,6985.0,0.452,1.0,0.095,1.302,-0.841,-0.035,0.798,-0.268,-0.18
8289.0,Suranaree University of Technology,THA,5385.0,0.048,medium,3847.0,-0.532,-0.55,1.388,0.107,2.443,-0.906,1.193,-0.268,0.116
1760.0,National Taitung University,TWN,5388.0,-0.698,very low,496.0,-0.518,-0.634,-1.256,-0.229,-1.254,-1.143,-1.413,-0.268,-1.186
805.0,Universidade Estadual de Londrina,BRA,5389.0,-0.019,low,5338.0,0.238,-0.306,0.109,-0.271,-0.709,-0.818,-1.278,3.399,-0.761
77650.0,Chongqing Technology and Business University,CHN,5394.0,-0.107,low,3534.0,0.371,-0.259,-0.876,1.036,-1.284,0.008,-1.079,-0.268,-0.62
35744.0,Universidad Cardenal Herrera CEU,ESP,5394.0,-0.446,very low,1461.0,0.31,-0.559,-0.735,-0.331,-0.504,0.587,-1.413,-0.268,-0.838
91897.0,PLA Naval Aviation University,CHN,5397.0,-0.463,very low,1391.0,-1.065,-0.24,0.142,-0.095,-1.296,-0.333,-1.413,-0.268,-0.471
96614.0,Gannan Medical University,CHN,5397.0,-0.357,very low,2685.0,-0.563,-0.362,-1.019,0.602,-0.867,-0.015,-1.413,-0.268,-0.997
4731.0,Al-Ahliyya Amman University,JOR,5402.0,0.76,medium,2896.0,2.425,-0.381,0.323,2.485,-0.646,0.089,1.799,-0.268,-0.14
11108.0,Yokohama National University,JPN,5402.0,-0.102,low,4479.0,-0.361,-0.371,1.56,-0.312,0.101,-0.32,-0.93,-0.268,3.21
6862.0,Universidade de Tras-os-Montes e Alto Douro,PRT,5402.0,0.206,medium,6141.0,3.88,-0.493,0.525,-0.027,-0.665,-1.448,0.091,0.677,-0.528
1228.0,Beijing Information Science and Technology University,CHN,5405.0,-0.12,low,5279.0,-0.732,0.314,-0.482,0.088,-1.199,-0.138,-0.551,-0.268,0.284
80702.0,Shenzhen Institute of Information Technology,CHN,5405.0,-0.097,low,1446.0,1.438,-0.578,-1.384,0.466,-1.082,0.668,-0.542,-0.268,0.198
97292.0,Shizuoka University,JPN,5405.0,0.976,medium,4062.0,-0.503,3.554,0.916,-0.275,-0.397,0.296,-1.235,-0.268,2.492
2164.0,University of Hradec Kralove,CZE,5405.0,1.442,significant,2732.0,2.233,3.648,-0.153,0.468,-0.903,-1.314,1.934,-0.268,-0.351
1219.0,Anhui University of Chinese Medicine,CHN,5412.0,-0.233,low,3665.0,0.04,-0.493,-0.038,0.823,-1.083,-1.661,-0.497,-0.268,-0.766
15272.0,Tuskegee University,USA,5412.0,-0.458,very low,659.0,-0.312,-0.428,-1.136,-0.545,-0.222,-1.424,-0.816,-0.268,1.164
7918.0,University of Zilina,SVK,5412.0,0.229,medium,4693.0,-1.389,0.53,3.073,0.757,-0.997,-0.234,-1.324,-0.268,2.495
7618.0,ITMO University,RUS,5412.0,0.317,medium,9013.0,1.206,0.164,1.307,0.423,-0.596,0.022,-0.583,-0.268,2.214
15430.0,Wright State University,USA,5418.0,-0.319,very low,3158.0,-0.586,-0.249,-0.965,-0.032,-0.501,1.547,-1.297,-0.268,-0.533
6767.0,University of Szczecin,POL,5418.0,0.51,medium,2932.0,-1.21,2.878,0.335,-0.278,-0.846,0.682,-1.297,-0.268,-0.577
3783.0,Muhammadiyah University of Surakarta,IDN,5421.0,1.058,medium,1900.0,-0.743,0.587,-0.378,5.641,-0.813,1.4,-1.227,-0.268,-0.659
83509.0,"Indian Institute of Technology, Varanasi",IND,5421.0,-0.469,very low,6911.0,-1.047,-0.202,0.599,-0.16,-1.285,-1.412,-1.246,-0.268,-0.307
1412.0,Jiangxi University of Traditional Chinese Medicine,CHN,5425.0,0.027,medium,4097.0,-0.136,0.089,-0.769,0.806,-1.146,0.139,0.095,-0.268,-0.818
1405.0,Inner Mongolia University of Technology,CHN,5425.0,-0.263,very low,4879.0,-0.51,-0.221,0.107,0.386,-1.306,-0.486,-0.784,-0.268,-0.674
80290.0,"University of Defence, Serbia",SRB,5425.0,-0.023,low,902.0,-0.637,-0.456,-0.748,0.729,-0.997,1.175,1.467,-0.268,-1.186
4482.0,Muroran Institute of Technology,JPN,5430.0,-0.138,low,1270.0,-0.933,-0.353,0.228,-0.34,-0.579,1.072,1.19,-0.268,0.011
4306.0,Gifu Pharmaceutical University,JPN,5438.0,-0.48,very low,703.0,-0.264,-0.85,0.599,-0.397,-0.503,-0.803,-0.872,-0.268,0.597
6212.0,Norwegian School of Sport Sciences,NOR,5438.0,-0.263,very low,1503.0,1.222,-0.55,-0.86,-0.545,0.424,0.287,-0.68,-0.268,-0.175
13593.0,Haverford College in Pennsylvania,USA,5438.0,-0.246,low,777.0,-0.542,-0.202,-1.515,-0.545,1.568,4.055,-1.413,-0.268,-1.186
2905.0,Hochschule Offenburg,DEU,5444.0,-0.36,very low,608.0,-0.246,-0.24,0.041,-0.116,-0.882,-0.285,-1.413,-0.268,-0.319
59363.0,"University of Nebraska, Omaha",USA,5448.0,-0.323,very low,3248.0,-0.17,0.108,-0.704,-0.384,-0.781,-0.149,-1.413,-0.268,-0.222
98289.0,Capital University of Science & Technology,PAK,5448.0,4.855,significant,1518.0,-0.775,15.811,0.183,0.935,-1.129,-0.638,1.18,-0.268,-0.187
81195.0,Damanhour University,EGY,5448.0,1.484,significant,2912.0,1.171,4.099,0.183,0.28,-0.951,-0.316,1.7,-0.268,-0.148
4466.0,Meiji University,JPN,5451.0,-0.152,low,2836.0,-0.864,-0.118,1.011,-0.195,-0.596,0.484,-1.26,-0.268,2.333
59250.0,"University of Texas, Rio Grande Valley",USA,5451.0,-0.103,low,4533.0,-0.748,0.418,-1.063,-0.349,0.265,1.857,-1.236,-0.268,0.284
15471.0,University of South Alabama,USA,5451.0,-0.359,very low,3211.0,-1.198,-0.334,-0.829,-0.025,-0.146,0.927,-1.413,-0.268,0.736
7964.0,Nelson Mandela Metropolitan University,ZAF,5457.0,-0.049,low,4333.0,1.012,-0.287,0.844,-0.099,-0.392,0.098,-0.323,-0.268,-0.245
92547.0,Mohammed VI Polytechnic University,MAR,5457.0,0.591,medium,5003.0,4.485,0.925,0.822,-0.117,0.249,-2.094,-0.104,-0.268,-0.471
5970.0,Universite Sidi Mohamed Ben Abdellah,MAR,5457.0,0.268,medium,8505.0,-0.784,-0.09,3.48,1.341,-1.104,-0.506,-0.255,-0.268,1.28
79161.0,Korea Aerospace University,KOR,5462.0,-0.661,very low,1127.0,-1.363,-0.569,-0.041,-0.313,-1.186,-0.94,-1.413,-0.268,-0.292
2942.0,Hochschule fur Angewandte Wissenschaften Hamburg,DEU,5462.0,0.129,medium,1404.0,1.295,-0.324,-0.139,-0.285,-0.104,-0.373,1.222,-0.268,1.78
8152.0,Universitat St Gallen,CHE,5462.0,-0.278,very low,2821.0,0.9,-0.052,-0.658,-0.471,-1.005,-0.863,-1.008,-0.268,-0.073
5206.0,Tenaga National University,MYS,5462.0,1.173,significant,4349.0,0.66,2.719,-0.658,1.581,-0.96,-1.15,1.194,-0.268,0.428
13955.0,New Mexico Institute of Mining and Technology,USA,5467.0,0.111,medium,1591.0,-0.815,0.568,0.575,-0.414,-0.15,-0.314,-0.885,-0.268,4.3
35887.0,"California Polytechnic State University, San Luis Obispo",USA,5467.0,-0.176,low,3142.0,-0.647,-0.287,-0.047,-0.462,1.945,0.941,-0.21,-0.268,-0.533
3687.0,General Soedirman University,IDN,5467.0,0.416,medium,1894.0,-0.641,-0.137,-0.45,3.068,-0.965,2.536,-1.413,-0.268,0.399
6032.0,Hogeschool van Amsterdam,NLD,5472.0,-0.278,very low,1237.0,1.06,-0.334,-0.789,-0.334,-0.518,0.29,-1.413,-0.268,0.048
15401.0,Wichita State University,USA,5472.0,-0.52,very low,1768.0,-1.327,-0.212,-0.324,-0.516,-0.659,-0.324,-1.413,-0.268,0.262
77673.0,"Institute of Chemical Technology, Mumbai",IND,5472.0,-0.507,very low,2945.0,-0.78,-0.475,0.017,-0.457,-1.294,-1.765,-0.09,-0.268,-0.155
6280.0,"University of Engineering and Technology, Peshawar",PAK,5479.0,0.298,medium,2408.0,-0.137,1.0,-0.217,0.778,-0.957,0.15,-0.378,-0.268,-0.562
1175.0,Universidad de la Frontera,CHL,5479.0,0.492,medium,4608.0,1.471,-0.362,-0.202,-0.205,-0.2,0.774,-1.177,6.196,-0.528
68924.0,AIMST University,MYS,5479.0,1.16,significant,859.0,0.644,1.46,-1.095,2.678,0.041,3.47,0.282,-0.268,-0.009
4280.0,Doshisha University,JPN,5479.0,-0.217,low,3084.0,-0.577,-0.39,0.581,-0.359,-0.81,1.222,-1.166,-0.268,2.46
6781.0,WSB University,POL,5489.0,1.324,significant,785.0,2.342,2.268,2.878,0.719,-0.968,-3.028,1.629,-0.268,3.722
96501.0,Chulabhorn Royal Academy,THA,5493.0,1.688,significant,1152.0,-0.31,6.006,-1.215,-0.137,-0.558,1.179,0.386,-0.268,-0.749
77757.0,Harvey Mudd College,USA,5495.0,0.598,medium,570.0,-0.864,2.54,-0.829,-0.545,1.283,0.156,-1.413,-0.268,3.372
3328.0,Indian Statistical Institute,IND,5499.0,-0.187,low,3955.0,-0.865,-0.146,0.211,-0.004,-1.155,-0.136,-0.839,-0.214,2.075
92413.0,Nahda University,EGY,5499.0,0.065,medium,715.0,2.138,-0.334,-0.404,0.843,-1.061,-1.088,-0.385,-0.268,-0.478
8766.0,University of East London,GBR,5499.0,-0.369,very low,2007.0,-0.272,0.22,-1.054,-0.337,-0.687,-1.42,-1.223,-0.268,-0.657
2389.0,German University in Cairo,EGY,5499.0,0.028,medium,1643.0,1.122,0.22,0.187,0.377,-1.283,-1.154,-1.189,-0.268,0.652
2617.0,Institut d'Etudes Politiques de Paris-Sciences Po,FRA,5509.0,0.06,medium,2095.0,0.933,-0.005,-1.365,-0.396,-0.821,-0.205,-1.413,2.76,0.64
8885.0,Tashkent State Transport University,UZB,5509.0,1.358,significant,1326.0,-1.254,0.718,14.428,1.504,-1.254,-2.088,-1.106,-0.268,11.016
91958.0,Florida Polytechnic University,USA,5512.0,-0.021,low,748.0,-0.258,-0.362,0.258,-0.266,-1.206,0.184,2.393,-0.268,-0.148
91841.0,Civil Aviation Flight University of China,CHN,5515.0,-0.268,very low,1870.0,-0.238,-0.4,-0.255,0.684,-1.232,-0.354,-1.231,-0.268,-0.386
2439.0,Jimma University,ETH,5519.0,0.063,medium,4225.0,0.585,-0.503,-0.73,0.283,-0.562,2.237,-0.395,1.233,-0.644
3481.0,University of Hyderabad,IND,5519.0,-0.171,low,5406.0,-0.872,-0.371,0.609,0.025,0.58,0.336,0.087,-0.268,-0.712
3039.0,Technische Universitat Bergakademie Freiberg,DEU,5522.0,-0.231,low,3541.0,0.035,-0.456,0.823,-0.442,-0.633,-0.404,-0.205,-0.268,0.975
10540.0,Zarqa University,JOR,5526.0,0.839,medium,2571.0,0.835,-0.268,5.504,3.214,-0.91,-3.847,0.909,-0.268,1.837
6677.0,Gdynia Maritime University,POL,5526.0,-0.443,very low,1082.0,-1.378,-0.569,3.021,-0.014,-1.087,-0.477,-1.413,-0.268,-0.721
6325.0,An-Najah National University,PSE,5526.0,0.972,medium,3114.0,-0.593,2.146,0.666,0.612,2.03,1.264,1.368,-0.268,-0.861
6430.0,Universidad Nacional Mayor de San Marcos,PER,5526.0,0.381,medium,5373.0,0.274,-0.108,0.487,1.846,-0.732,1.044,-1.413,1.252,-0.148
3781.0,Universitas Muhammadiyah Sumatera Utara,IDN,5532.0,1.044,medium,523.0,-0.061,-0.184,0.598,7.146,-1.076,-1.459,-1.413,-0.268,-1.186
1113.0,Universite du Quebec en Chicoutimi,CAN,5532.0,-0.338,very low,2160.0,-0.538,-0.447,0.64,-0.328,-0.479,-0.656,0.033,-0.268,-0.719
4863.0,Daejeon University,KOR,5532.0,-0.127,low,833.0,-1.543,0.474,-0.584,1.148,-1.168,-1.196,-1.413,-0.268,-0.58
1048.0,Cape Breton University,CAN,5538.0,-0.462,very low,707.0,0.133,-0.221,-0.906,-0.472,-1.092,-0.467,-1.413,-0.268,-0.458
12505.0,Lviv Polytechnic National University,UKR,5538.0,0.677,medium,6699.0,-0.616,0.436,8.029,1.466,-1.089,-2.512,-0.681,-0.268,3.754
5196.0,Sultan Idris University of Education,MYS,5538.0,0.818,medium,3142.0,-0.548,0.136,1.474,4.941,-0.574,-1.861,-0.699,-0.268,-0.23
6288.0,Riphah International University,PAK,5538.0,0.704,medium,5174.0,0.345,1.422,0.552,1.04,-1.086,-1.385,1.531,-0.268,0.083
1189.0,Universidad del Desarrollo,CHL,5542.0,-0.179,low,2675.0,1.338,-0.371,-1.102,-0.311,0.65,1.076,-1.413,-0.268,-0.038
6251.0,Hazara University,PAK,5546.0,1.45,significant,3012.0,-0.215,4.259,1.391,0.963,-0.764,-1.384,0.582,-0.268,0.153
91989.0,Istanbul Gelisim University,TUR,5546.0,0.436,medium,1738.0,0.537,0.634,-0.611,1.649,-1.331,-1.374,0.859,-0.268,-0.61
84864.0,Necmettin Erbakan University,TUR,5551.0,-0.1,low,4622.0,-0.501,-0.052,-0.299,0.246,1.084,-0.13,-0.468,-0.268,-0.858
80338.0,University of Applied Sciences and Arts Western Switzerland,CHE,5551.0,-0.044,low,3258.0,2.164,-0.324,-0.591,-0.337,-0.142,1.033,-0.95,-0.268,0.22
59384.0,Universidad de Puerto Rico,PRI,5555.0,0.213,medium,4976.0,0.03,-0.428,-0.352,-0.346,2.288,2.279,-0.192,2.497,-0.674
5074.0,Riga Stradins University,LVA,5555.0,-0.175,low,1868.0,0.145,-0.54,-0.992,0.154,0.471,3.085,-1.413,-0.268,-0.369
7906.0,University of Kragujevac,SRB,5555.0,0.187,medium,4168.0,-0.602,0.211,-0.95,-0.069,-0.44,2.99,0.221,0.428,1.052
296.0,Karl Landsteiner University for Health Sciences,AUT,5555.0,0.005,medium,1079.0,3.44,-0.559,-0.412,-0.497,0.489,0.515,-1.097,-0.268,0.697
7738.0,Tomsk Polytechnic University,RUS,5555.0,1.021,medium,6964.0,0.956,-0.418,1.437,0.52,0.391,0.692,0.202,6.834,2.348
97464.0,Hackensack Meridian School of Medicine,USA,5560.0,-0.275,very low,1426.0,0.958,-0.54,-1.4,-0.179,0.54,1.223,-1.413,-0.268,-0.456
3399.0,National Institute of Technology Rourkela,IND,5566.0,-0.385,very low,8268.0,-1.091,-0.315,0.834,-0.065,-1.307,-1.703,-0.669,-0.268,0.682
15233.0,Texas Southern University,USA,5566.0,-0.254,low,654.0,0.426,-0.371,-1.168,-0.306,-0.176,0.18,-1.413,-0.268,2.04
35740.0,Universidad Alfonso X El Sabio,ESP,5566.0,-0.494,very low,843.0,0.632,-0.634,-0.364,-0.483,-0.479,-1.221,-1.413,-0.268,0.026
59243.0,"California State University, Long Beach",USA,5566.0,-0.399,very low,3025.0,-0.647,-0.212,-1.069,-0.372,0.172,0.343,-1.213,-0.268,-0.406
2386.0,Suez Canal University,EGY,5572.0,0.418,medium,6247.0,3.302,0.145,-0.16,0.458,-0.639,0.475,0.15,-0.268,-0.376
7959.0,Durban University of Technology,ZAF,5573.0,0.124,medium,4038.0,0.873,-0.202,-0.157,0.567,-1.064,-0.415,0.38,-0.268,1.097
887.0,Universidade Sao Francisco,BRA,5573.0,-0.045,low,705.0,-0.003,-0.343,0.573,-0.397,-0.953,-2.163,-0.929,3.088,0.97
15153.0,South Dakota School of Mines and Technology,USA,5573.0,0.196,medium,1336.0,0.033,-0.362,0.137,-0.467,6.541,0.283,0.954,-0.268,-0.428
5669.0,Universidad de Guanajuato,MEX,5573.0,-0.227,low,4011.0,-0.676,-0.033,0.235,-0.089,-0.565,0.517,-1.151,-0.268,0.011
11822.0,Instituto Politecnico de Braganca,PRT,5573.0,0.447,medium,3245.0,2.838,0.061,0.447,0.437,-0.862,-1.274,1.894,-0.268,-0.406
2168.0,University of Pardubice,CZE,5578.0,-0.199,low,2309.0,-0.216,-0.512,1.164,0.156,-0.854,-0.549,-1.413,0.57,0.816
1729.0,Ming Chi University of Technology,TWN,5578.0,-0.043,low,2712.0,4.211,-0.644,0.051,-0.449,-0.962,-1.541,-0.281,-0.268,-0.076
196.0,Universidad Nacional del Litoral,ARG,5578.0,-0.538,very low,3071.0,-0.819,-0.315,0.679,-0.477,-0.887,-0.735,-1.413,-0.268,-1.019
4354.0,Iwate Medical University,JPN,5584.0,-0.204,low,2177.0,-1.054,-0.672,-0.878,-0.065,2.737,2.601,-0.328,-0.268,-0.95
6033.0,HAN University of Applied Sciences,NLD,5584.0,-0.258,low,956.0,1.426,-0.428,-0.715,0.001,-0.69,-0.557,-1.413,-0.268,-0.123
1205.0,Universidad San Sebastian,CHL,5589.0,-0.191,low,2795.0,0.474,-0.503,-0.493,-0.265,-0.306,0.936,0.089,-0.268,-0.461
58797.0,Tata Institute of Fundamental Research,IND,5592.0,0.105,medium,6375.0,1.131,-0.324,0.401,-0.505,2.122,1.955,0.141,-0.268,-0.426
8229.0,Maejo University,THA,5592.0,-0.132,low,1106.0,-0.428,0.051,-0.6,-0.026,-1.137,-0.332,-0.073,0.704,-1.186
8822.0,York St John University,GBR,5595.0,-0.444,very low,1158.0,-0.199,-0.146,-0.169,-0.455,-1.002,-1.713,-1.413,-0.268,0.453
15039.0,Rosalind Franklin University of Medicine and Science,USA,5595.0,-0.589,very low,1579.0,-1.005,-0.437,-1.02,-0.28,-0.77,-0.001,-1.413,-0.268,-0.865
4604.0,Shiga University of Medical Science,JPN,5598.0,-0.179,low,2430.0,0.038,-0.634,-1.046,-0.287,2.636,1.795,-0.598,-0.268,-0.346
2934.0,Helmut Schmidt Universitat - Universitat der Bundeswehr Hamburg,DEU,5605.0,-0.202,low,2280.0,-0.349,-0.202,1.677,-0.385,-0.858,-1.073,-0.423,-0.268,1.042
3682.0,Jambi University,IDN,5605.0,0.531,medium,1058.0,-1.049,-0.202,0.973,4.59,-0.437,-0.414,-1.413,-0.268,-1.186
59440.0,"Oklahoma State University, Tulsa",USA,5605.0,-0.097,low,1015.0,-0.56,-0.39,-0.589,-0.391,-0.899,0.339,2.478,-0.268,-0.192
9340.0,Cyprus University of Technology,CYP,5605.0,-0.015,low,2786.0,0.033,0.577,-0.525,-0.339,-0.007,-0.202,-0.749,-0.268,0.287
3209.0,University of Miskolc,HUN,5605.0,-0.243,low,2371.0,0.322,-0.428,1.207,0.182,-1.104,-1.33,-1.413,-0.268,0.933
59442.0,"Oklahoma State University, Center for Health Sciences",USA,5615.0,-0.009,low,691.0,-0.816,-0.418,-0.046,-0.394,-0.979,-0.047,4.169,-0.268,-1.186
88354.0,Duzce University,TUR,5615.0,-0.127,low,3207.0,-1.189,-0.165,0.126,-0.155,-0.818,-0.588,0.264,-0.268,2.728
4555.0,Osaka Dental University,JPN,5619.0,-0.395,very low,491.0,0.106,-0.606,0.668,-0.439,0.181,-0.044,-1.413,-0.268,-0.163
13255.0,Charles R. Drew University of Medicine & Science,USA,5619.0,0.031,medium,605.0,0.774,0.483,-0.892,-0.286,-0.398,-0.659,-0.567,-0.268,0.93
1916.0,Universidad de La Sabana,COL,5622.0,-0.024,low,2131.0,-0.04,-0.249,-0.782,0.215,-0.136,1.655,-0.68,0.791,-0.712
1457.0,Nanjing University of Finance and Economics,CHN,5626.0,-0.029,low,4094.0,-0.36,1.3,-0.961,-0.15,-1.288,-1.763,-0.782,-0.268,-0.942
1300.0,Dalian University,CHN,5626.0,-0.196,low,2356.0,-0.444,0.155,-1.53,0.63,-0.875,-0.484,-1.252,-0.268,-0.543
3341.0,Jamia Hamdard University,IND,5626.0,-0.098,low,4174.0,-0.676,-0.371,0.344,0.293,-1.221,-0.112,1.454,-0.268,-0.938
4875.0,Eulji University,KOR,5626.0,-0.22,low,2934.0,-1.121,0.108,-1.259,0.452,0.022,0.737,-1.413,-0.268,-0.756
2441.0,University of Gondar,ETH,5632.0,-0.031,low,5110.0,-0.149,-0.409,-0.908,0.477,-0.446,2.197,0.205,-0.268,-0.495
7478.0,Novosibirsk State University,RUS,5632.0,0.043,medium,10848.0,-0.338,-0.428,1.233,-0.449,1.598,1.014,-0.048,-0.04,2.234
3829.0,Pelita Harapan University,IDN,5636.0,1.41,significant,1430.0,-0.99,-0.259,0.837,7.053,-0.909,-1.524,0.706,-0.268,4.243
1158.0,Universidad Autonoma de Chile,CHL,5636.0,0.104,medium,3808.0,2.821,-0.371,-0.54,-0.065,-0.706,0.733,0.155,-0.268,-0.327
11208.0,Beirut Arab University,LBN,5640.0,0.715,medium,1714.0,0.395,1.911,-0.315,0.765,-0.99,-0.593,0.416,-0.268,0.585
61977.0,Cardiff Metropolitan University,GBR,5647.0,-0.437,very low,2155.0,0.253,-0.381,-0.397,-0.352,-0.736,-0.727,-1.103,-0.268,-0.947
77653.0,Nanyang Normal University,CHN,5647.0,-0.299,very low,1733.0,0.507,-0.728,-0.734,0.148,-1.079,-0.009,-0.414,-0.268,-0.036
73485.0,"Indian Institute of Technology, Indore",IND,5647.0,0.102,medium,5352.0,-0.465,0.22,1.98,-0.311,-0.072,-0.83,1.274,-0.268,-0.192
255.0,Bond University,AUS,5650.0,0.017,medium,3030.0,1.611,-0.23,-1.744,-0.425,-0.504,2.809,0.085,-0.268,-0.001
6729.0,Czestochowa University of Technology,POL,5652.0,1.057,medium,3530.0,-1.113,3.235,1.54,-0.205,-1.222,-0.081,-0.941,3.021,0.381
59388.0,"Universidad de Puerto Rico, Ciencias Medicas",PRI,5657.0,-0.34,very low,1721.0,-0.776,-0.55,-0.939,-0.302,0.983,3.174,-1.413,-0.268,-0.592
99051.0,Universitas Islam Negeri Maulana Malik Ibrahim,IDN,5657.0,0.441,medium,1007.0,-0.129,-0.146,0.245,3.968,-0.798,-1.81,-1.413,-0.268,-0.197
94412.0,Jashore University of Science and Technology,BGD,5657.0,0.385,medium,1803.0,1.338,0.023,0.281,0.556,-0.835,0.538,-0.918,-0.268,5.06
6886.0,Stefan Cel Mare University,ROU,5657.0,0.258,medium,1732.0,-0.494,0.821,0.395,0.782,-0.476,-0.177,-1.413,1.035,-0.895
2562.0,Ecole Nationale Veterinaire de Toulouse,FRA,5663.0,-0.1,low,1429.0,3.916,-0.653,-0.421,-0.509,0.825,-0.459,-1.413,-0.268,-0.466
1616.0,Wuhan Polytechnic University,CHN,5667.0,-0.386,very low,3934.0,-0.209,-0.616,-0.722,0.026,-1.204,0.256,-0.413,-0.268,-0.677
6008.0,Kathmandu University,NPL,5667.0,0.361,medium,1552.0,-0.146,-0.447,-1.034,1.239,-0.118,1.932,-1.413,4.235,-1.186
3327.0,"Indian Institute of Technology, Dhanbad",IND,5672.0,-0.106,low,8263.0,-0.915,0.54,0.383,0.308,-1.28,-1.706,-0.919,-0.268,0.212
1743.0,National Dong Hwa University,TWN,5672.0,0.059,medium,2149.0,0.09,0.69,0.163,0.159,-0.904,-0.412,-1.157,-0.268,0.232
1574.0,Southwestern University of Finance and Economics,CHN,5672.0,-0.343,very low,5766.0,-0.946,0.455,-0.846,-0.228,-1.296,-1.417,-0.969,-0.268,-0.749
1199.0,Universidad Mayor,CHL,5672.0,-0.136,low,2356.0,2.276,-0.484,-1.127,-0.279,0.258,0.586,-0.951,-0.268,-0.538
35789.0,Universidad Pontificia Comillas,ESP,5680.0,-0.323,very low,2189.0,-0.219,-0.334,-0.419,-0.211,-0.835,-0.94,-1.413,1.402,-0.952
2626.0,Institut National des Sciences Appliquees de Rouen,FRA,5680.0,-0.175,low,2829.0,2.288,-0.616,0.269,-0.268,-0.8,-1.013,-1.269,-0.268,1.318
1288.0,Chongqing Normal University,CHN,5680.0,-0.391,very low,4061.0,-0.493,-0.447,-0.164,0.226,-1.18,-0.769,-1.413,-0.268,0.416
13245.0,Central Michigan University,USA,5680.0,-0.264,very low,3697.0,-0.676,-0.09,-1.29,-0.122,-0.094,1.328,-0.92,-0.268,-0.481
3575.0,Ahmad Dahlan University,IDN,5685.0,1.69,significant,1900.0,-0.191,0.07,-0.065,8.281,-0.967,1.808,0.534,-0.268,-0.662
6925.0,University Dunarea de Jos of Galati,ROU,5685.0,0.415,medium,2575.0,0.127,-0.54,0.87,1.727,-0.986,0.273,0.549,0.984,1.161
1786.0,Tzu Chi University,TWN,5685.0,0.449,medium,3575.0,-0.284,2.258,0.028,-0.166,-0.953,-0.827,-0.004,-0.268,-1.044
2875.0,Hochschule fur Technik und Wirtschaft Berlin,DEU,5688.0,-0.147,low,794.0,-0.963,-0.202,-0.706,-0.085,-0.422,1.26,-1.413,-0.268,3.774
4981.0,Sangji University,KOR,5688.0,-0.692,very low,718.0,-0.941,-0.7,-0.704,-0.109,-1.232,-0.836,-1.413,-0.268,-1.186
8361.0,Bahcesehir University,TUR,5691.0,0.139,medium,3933.0,0.618,-0.071,-0.869,0.265,0.574,-0.425,0.555,-0.268,1.052
1292.0,Civil Aviation University of China,CHN,5691.0,-0.403,very low,4910.0,-0.818,-0.381,0.276,-0.099,-1.317,-0.412,-0.993,-0.268,0.237
8408.0,Kocaeli University,TUR,5695.0,-0.361,very low,5172.0,-1.164,-0.428,-0.544,-0.051,-0.194,0.456,-0.67,-0.268,0.041
77540.0,Karadeniz Technical University,TUR,5695.0,-0.416,very low,5419.0,-0.897,-0.437,0.434,-0.102,-0.299,-0.898,-1.103,-0.268,0.019
96182.0,Bennett University,IND,5701.0,-0.11,low,2345.0,-1.018,-0.381,0.43,0.323,-1.049,-1.38,0.153,-0.268,3.059
1068.0,Lakehead University,CAN,5701.0,-0.325,very low,3448.0,0.183,-0.362,-0.63,-0.409,-0.922,0.242,-0.827,-0.268,0.443
2384.0,Sohag University,EGY,5701.0,0.316,medium,4090.0,2.323,-0.475,1.955,0.821,-0.671,-0.253,0.104,-0.268,0.535
68945.0,Ozyegin University,TUR,5704.0,0.072,medium,1946.0,0.875,-0.24,-0.127,-0.277,2.092,0.463,0.508,-0.268,-0.664
7985.0,Walter Sisulu University,ZAF,5707.0,0.114,medium,1793.0,0.269,-0.353,-1.196,1.756,-0.697,1.288,-0.703,-0.268,-0.62
83638.0,Yancheng Institute of Technology,CHN,5707.0,-0.202,low,3922.0,0.832,-0.043,-0.587,0.054,-1.209,-0.418,-0.988,-0.268,-0.933
1705.0,Cheng Shiu University,TWN,5707.0,-0.467,very low,801.0,-0.237,-0.709,-0.858,0.237,-1.128,-0.736,-0.873,-0.268,-0.558
59235.0,"California State University, Los Angeles",USA,5707.0,-0.149,low,1900.0,0.118,-0.212,-1.661,-0.463,0.644,2.191,-1.413,-0.268,2.095
76853.0,Institut Agro Rennes-Angers,FRA,5711.0,-0.357,very low,2389.0,1.241,-0.493,-0.202,-0.501,0.225,-0.852,-1.27,-0.268,-0.759
3114.0,Harokopio University,GRC,5717.0,0.036,medium,1899.0,1.08,-0.493,-0.14,-0.38,0.76,0.206,1.972,-0.268,-1.186
4756.0,University of Nairobi,KEN,5717.0,-0.26,low,4543.0,-0.038,-0.437,-1.014,-0.178,0.283,2.625,-1.321,-0.268,-0.515
4432.0,Kwansei Gakuin University,JPN,5717.0,-0.149,low,2118.0,-0.46,-0.174,-0.021,0.367,-0.277,0.667,-1.413,-0.268,0.503
91976.0,Osmaniye Korkut Ata University,TUR,5723.0,-0.198,low,1214.0,-0.748,-0.014,-0.147,0.1,-1.201,-0.61,0.035,-0.268,-0.361
77592.0,Shaoxing University,CHN,5723.0,0.006,medium,4248.0,1.389,0.051,-0.422,0.402,-1.252,-0.45,-0.891,-0.268,-0.125
9925.0,University of South Wales,GBR,5723.0,-0.281,very low,2233.0,0.93,-0.334,-0.345,-0.311,-0.477,-0.598,-0.896,-0.268,-0.478
66733.0,Universita degli Studi di Roma Foro Italico,ITA,5727.0,-0.439,very low,1130.0,0.029,-0.691,0.291,-0.407,0.963,-0.215,-1.413,-0.268,-0.739
13984.0,Northeast Ohio Medical University,USA,5727.0,0.137,medium,1498.0,-0.327,1.648,-1.363,-0.127,-0.542,-1.565,-1.089,-0.268,0.19
10664.0,Hokkaido University of Health Sciences,JPN,5727.0,-0.498,very low,727.0,0.148,-0.691,-0.743,-0.33,-0.098,0.589,-1.413,-0.268,-1.186
1364.0,Hefei University,CHN,5734.0,-0.045,low,1950.0,0.363,-0.108,-0.494,1.035,-1.252,-0.311,-1.184,-0.268,-0.158
15234.0,"Texas State University, San Marcos",USA,5738.0,-0.471,very low,5402.0,-0.982,-0.259,-0.62,-0.458,-0.925,-0.21,-0.687,-0.208,-0.52
2158.0,Mendel University in Brno,CZE,5738.0,0.031,medium,3826.0,0.859,0.333,-0.065,-0.313,-0.062,0.351,-0.501,-0.268,-0.528
78616.0,American University of the Middle East,KWT,5738.0,0.369,medium,2852.0,-1.311,1.103,0.504,0.425,1.145,-0.094,0.395,-0.268,-0.128
8522.0,Borys Grinchenko Kyiv Metropolitan University,UKR,5743.0,0.957,medium,882.0,-1.502,0.295,5.469,3.541,-1.016,0.368,-1.413,-0.268,4.755
4867.0,Dong-Eui University,KOR,5751.0,0.95,medium,1239.0,-1.284,3.592,-0.107,0.129,-1.068,-0.573,1.287,-0.268,-0.781
2477.0,Centrale Mediterranee,FRA,5754.0,-0.531,very low,2347.0,-1.307,-0.503,0.348,-0.457,-0.573,-1.12,-1.122,-0.268,0.97
99190.0,"Pan African University Institute for Basic Sciences, Technology and Innovation",KEN,5754.0,-0.191,low,579.0,-1.483,-0.493,0.319,1.62,-1.233,-1.502,-1.413,-0.268,1.397
4871.0,Dongshin University,KOR,5754.0,-0.363,very low,470.0,-1.057,-0.663,-1.22,1.567,-0.368,-1.292,-1.413,-0.268,-1.186
1936.0,"Universidad del Valle, Colombia",COL,5758.0,0.06,medium,4374.0,0.742,-0.296,-0.122,-0.008,-0.296,0.855,-0.84,1.452,-0.145
9018.0,University of Zambia,ZMB,5758.0,0.153,medium,2429.0,1.865,0.267,0.447,-0.244,1.038,1.551,-1.413,-0.268,-0.975
77369.0,Atlantic Technological University,IRL,5758.0,-0.446,very low,1486.0,0.097,-0.503,-1.112,-0.37,-0.257,-1.151,-0.354,-0.268,-0.846
68408.0,King Mongkut's Institute of Technology Ladkrabang,THA,5763.0,-0.014,low,5719.0,-1.321,0.324,1.141,1.026,-1.116,-1.033,-1.131,-0.268,0.133
1116.0,Universite du Quebec en Trois-Rivieres,CAN,5763.0,0.123,medium,3426.0,0.225,1.3,-0.511,-0.469,-0.508,0.308,-1.187,-0.268,-0.299
80342.0,Aswan University,EGY,5763.0,0.37,medium,4176.0,3.189,-0.212,0.326,0.38,-0.814,0.336,1.025,-0.268,-0.585
6507.0,De La Salle University,PHL,5768.0,0.378,medium,4406.0,-0.022,-0.193,1.486,0.45,-0.712,-0.486,1.505,1.904,-0.155
12241.0,Hogskola i Skovde,SWE,5768.0,-0.039,low,1203.0,3.292,-0.381,-0.906,-0.111,-0.23,0.441,-1.413,-0.179,-0.761
15465.0,University of South Dakota,USA,5768.0,0.107,medium,3022.0,-0.993,1.0,-0.57,-0.286,0.407,1.555,-0.606,-0.268,-0.366
2162.0,Technical University of Liberec,CZE,5768.0,-0.142,low,2344.0,-0.203,-0.456,0.45,-0.189,-0.769,0.114,0.843,-0.268,0.116
3726.0,Lambung Mangkurat University,IDN,5768.0,2.381,significant,1858.0,-0.847,4.118,3.161,6.568,-0.878,-0.7,-0.898,-0.268,-0.918
6728.0,Bialystok University of Technology,POL,5775.0,-0.101,low,2740.0,-1.564,-0.606,1.525,0.332,-1.055,-0.324,-1.413,1.89,2.311
2618.0,Institut d'Optique Graduate School,FRA,5779.0,0.333,medium,1343.0,4.377,-0.353,0.579,-0.429,0.371,-0.791,-0.504,-0.268,3.118
4288.0,Fukui Prefectural University,JPN,5779.0,-0.537,very low,473.0,-0.164,-0.531,-0.542,-0.545,-0.682,-0.372,-1.413,-0.268,-0.091
1497.0,Qufu Normal University,CHN,5779.0,-0.084,low,7769.0,0.31,-0.409,0.097,-0.095,-0.085,-0.331,0.205,-0.268,0.97
4456.0,Kyushu Institute of Technology,JPN,5785.0,-0.014,low,4523.0,-0.571,-0.296,0.701,-0.164,-0.843,0.147,-0.285,-0.031,3.93
5616.0,Universidad Autonoma de Baja California,MEX,5793.0,-0.227,low,3532.0,-0.841,-0.381,-0.395,0.52,-0.81,-0.179,-1.198,0.797,-0.468
1609.0,Wannan Medical College,CHN,5793.0,-0.398,very low,3431.0,-0.63,-0.672,-0.952,0.855,-0.672,-0.072,-1.413,-0.268,-1.037
1496.0,Qiqihar University,CHN,5796.0,-0.224,low,2513.0,0.677,-0.531,-0.324,0.868,-1.285,-0.837,-1.277,-0.268,-0.587
167.0,Universidad Nacional de Cuyo,ARG,5796.0,-0.164,low,3581.0,-0.217,-0.381,0.826,-0.458,0.647,1.005,-1.014,0.512,-0.197
14007.0,"Nova Southeastern University, Estados Unidos",USA,5796.0,0.425,medium,3511.0,-0.494,1.779,-1.241,0.288,-0.163,1.072,-1.002,0.007,-0.009
59233.0,"California State University, Fullerton",USA,5796.0,-0.295,very low,3145.0,-1.014,-0.184,-0.621,-0.363,-0.227,1.929,-0.837,-0.268,-0.197
6174.0,University of Lagos,NGA,5804.0,-0.059,low,4458.0,-0.043,-0.268,-1.224,0.169,0.369,3.216,-0.801,-0.268,-0.384
3881.0,Sriwijaya University,IDN,5809.0,0.254,medium,3164.0,-1.232,-0.193,3.508,2.311,-1.025,-1.043,-0.683,-0.268,-0.081
1625.0,Xi'an Technological University,CHN,5811.0,0.429,medium,5295.0,-0.115,1.366,-0.438,0.175,-1.098,0.824,0.842,-0.268,-0.525
8749.0,University of Abertay Dundee,GBR,5812.0,-0.444,very low,724.0,0.311,-0.315,-1.034,-0.329,-1.066,-1.072,-1.413,-0.268,0.24
4965.0,Mokpo National University,KOR,5812.0,-0.491,very low,1399.0,-1.418,-0.259,0.18,-0.172,-1.088,-0.903,-1.413,-0.268,0.426
2672.0,Universite de Perpignan Via Domitia,FRA,5822.0,-0.063,low,2332.0,0.347,0.418,0.708,-0.389,0.661,-0.612,-1.413,-0.268,-0.299
3976.0,University of Tabriz,IRN,5824.0,0.45,medium,11124.0,0.67,1.46,0.446,0.094,-1.285,-0.953,0.449,-0.268,-0.033
10432.0,European University Institute,ITA,5828.0,-0.172,low,2644.0,2.216,0.061,-0.621,-0.545,-1.208,-1.328,-1.413,0.341,-0.764
3297.0,Fakir Mohan University,IND,5828.0,0.203,medium,646.0,-1.035,-0.559,0.812,0.668,-1.063,2.241,1.674,-0.268,2.018
4038.0,Shiraz University,IRN,5831.0,-0.415,very low,8940.0,-0.768,-0.437,-0.033,-0.23,-1.281,-0.839,-0.527,0.189,-0.391
6177.0,University of Nigeria,NGA,5831.0,0.491,medium,9389.0,0.723,0.427,0.891,0.985,-0.467,1.122,-0.35,-0.268,1.566
921.0,Sofia University,BGR,5831.0,0.26,medium,6632.0,1.035,-0.287,0.537,-0.097,2.553,2.726,0.039,-0.268,-0.11
3464.0,Tamil Nadu Agricultural University,IND,5836.0,-0.233,low,3749.0,-1.332,-0.193,0.737,0.11,-1.071,0.241,-0.129,-0.268,-0.384
762.0,Universidade de Fortaleza,BRA,5837.0,-0.045,low,1529.0,0.419,0.117,-1.557,0.343,-0.559,1.288,-0.967,-0.268,-0.52
10268.0,Nirma University,IND,5837.0,-0.234,low,3229.0,-1.31,-0.324,0.36,0.167,-1.145,-0.513,0.879,-0.268,-0.709
891.0,Universidade Tecnologica Federal do Parana,BRA,5842.0,-0.305,very low,7430.0,0.369,-0.428,0.148,-0.018,-0.858,-0.717,-1.267,-0.268,0.302
2543.0,Ecole Nationale Superieure de l'Electronique et de ses Applications,FRA,5842.0,-0.467,very low,941.0,-1.364,-0.306,0.737,-0.379,-1.169,-0.959,-1.413,-0.268,1.499
2717.0,"Universite Paul Valery, Montpellier III",FRA,5847.0,-0.333,very low,3331.0,-0.936,-0.277,-0.506,-0.514,0.91,1.686,-1.043,-0.268,-0.54
8369.0,Cankaya University,TUR,5847.0,1.064,medium,2200.0,0.756,0.53,-0.818,0.856,-1.092,0.223,7.073,-0.268,1.233
4730.0,Al-Zaytoonah University of Jordan,JOR,5852.0,0.464,medium,2275.0,-0.357,-0.334,3.392,2.601,-1.006,0.663,-0.306,-0.268,-0.304
4608.0,Shimane University,JPN,5857.0,-0.037,low,3902.0,0.064,-0.127,-0.355,-0.037,0.404,1.134,-0.428,-0.268,0.252
10186.0,Open University of Israel,ISR,5862.0,-0.134,low,1313.0,1.274,-0.202,0.089,-0.346,-0.55,0.018,-1.413,-0.268,1.169
7973.0,University of Fort Hare,ZAF,5862.0,0.054,medium,2252.0,0.041,-0.343,-0.906,1.171,-1.034,0.764,-0.096,-0.268,0.279
59237.0,"California State University, Northridge",USA,5865.0,-0.287,very low,2750.0,-0.016,-0.268,-0.937,-0.45,-0.253,0.337,-1.256,-0.268,1.593
1178.0,"Universidad de los Andes, Chile",CHL,5866.0,-0.326,very low,2294.0,0.17,-0.324,-1.04,-0.386,-0.29,1.057,-1.413,-0.268,0.26
1256.0,Minzu University of China,CHN,5866.0,-0.477,very low,3258.0,-0.298,-0.409,-0.786,-0.064,-0.887,-0.844,-1.304,-0.268,-0.567
84960.0,Binzhou Medical University,CHN,5866.0,-0.096,low,5577.0,-0.659,0.286,-1.623,0.729,-0.748,1.029,-1.27,-0.268,-0.821
1407.0,Jianghan University,CHN,5870.0,0.027,medium,3571.0,1.268,0.314,-1.019,0.142,-0.993,-0.468,-0.755,-0.268,0.073
6135.0,Covenant University,NGA,5873.0,1.157,significant,4182.0,0.137,2.071,0.451,2.54,-1.099,-1.267,0.84,-0.268,1.057
2502.0,Ecole des Mines d'Albi-Carmaux,FRA,5876.0,-0.39,very low,1140.0,-0.283,-0.531,-0.127,-0.362,-1.103,-0.739,-1.022,-0.268,1.946
5366.0,El Colegio de Mexico,MEX,5876.0,1.227,significant,841.0,-1.086,0.089,-0.016,-0.483,-1.285,0.312,-1.413,14.948,2.03
92021.0,Shaqra University,SAU,5876.0,0.819,medium,3190.0,2.01,1.31,-0.596,1.6,-0.769,1.28,-0.681,-0.268,0.081
3492.0,University of Rajasthan,IND,5882.0,0.238,medium,1473.0,-1.319,0.079,-0.152,0.767,1.071,1.546,1.036,-0.268,-0.138
1957.0,Universidad Pontificia Bolivariana,COL,5885.0,-0.13,low,2047.0,0.283,-0.268,-0.851,0.45,-0.464,0.281,-1.413,-0.268,1.037
6023.0,"Hanze University of Applied Sciences, Groningen",NLD,5885.0,-0.285,very low,822.0,1.728,-0.418,-0.54,-0.482,-0.19,-0.05,-1.413,-0.268,-0.567
8751.0,University of Bedfordshire,GBR,5885.0,-0.082,low,1448.0,1.157,-0.099,-1.533,0.032,-0.68,1.443,-0.86,-0.268,-0.461
9952.0,Aegean University,GRC,5889.0,0.133,medium,3678.0,0.498,-0.202,0.652,-0.119,1.939,0.278,0.224,0.053,-0.071
3318.0,Indian Institute of Information Technology,IND,5889.0,-0.486,very low,1740.0,-1.462,-0.437,0.337,0.325,-1.373,-1.065,-1.413,-0.268,-0.006
1003.0,University of Lethbridge,CAN,5889.0,-0.358,very low,2568.0,0.03,-0.343,0.224,-0.505,-0.559,0.032,-1.413,-0.268,0.528
5608.0,Universidad Anahuac,MEX,5889.0,-0.361,very low,1476.0,-0.093,-0.381,-1.349,-0.05,-0.743,0.364,-1.413,-0.268,0.543
11897.0,"University of Medicine, Pharmacy, Science and Technology of Targu Mures",ROU,5895.0,-0.233,low,2352.0,-0.702,-0.606,-0.198,0.543,-0.007,1.892,-1.413,-0.268,-0.118
9040.0,"University of Wollongong, Dubai Campus",ARE,5895.0,-0.21,low,637.0,-0.279,-0.127,-0.905,-0.053,-1.21,-1.445,0.502,-0.268,0.419
1440.0,Liaoning Technical University,CHN,5895.0,-0.229,low,6037.0,-0.289,0.042,1.039,0.13,-1.288,-0.924,-1.226,-0.268,-0.607
8648.0,Ajman University of Science and Technology,ARE,5895.0,1.86,significant,4494.0,3.059,3.31,-0.191,1.314,-0.839,1.117,3.071,-0.268,0.272
11615.0,Sukkur IBA University,PAK,5895.0,0.318,medium,1587.0,1.935,-0.043,-0.257,1.167,-1.171,0.297,-0.33,-0.268,0.404
525.0,Institute of Tropical Medicine Antwerp,BEL,5901.0,-0.005,low,2011.0,3.465,-0.7,-0.051,-0.494,1.098,-0.167,-0.258,-0.268,-0.684
2248.0,"Universidad de Las Americas, Ecuador",ECU,5901.0,0.404,medium,1938.0,1.021,-0.559,0.738,2.15,-0.273,0.329,0.604,-0.268,-0.664
6834.0,Instituto Politecnico do Porto,PRT,5901.0,0.524,medium,5337.0,1.852,0.22,0.328,0.806,-0.696,-0.33,1.507,-0.268,0.453
6043.0,NHL Stenden University of Applied Sciences,NLD,5901.0,-0.244,low,429.0,2.249,-0.155,-0.036,-0.424,-1.005,-2.34,-1.413,-0.268,-0.006
1185.0,Universidad de Tarapaca,CHL,5906.0,1.14,significant,3608.0,0.104,0.324,0.707,-0.183,4.171,2.019,2.787,4.769,-0.615
1556.0,Sichuan Normal University,CHN,5906.0,-0.352,very low,4679.0,0.246,-0.634,0.392,-0.021,-1.064,-0.747,-0.894,-0.268,0.096
282.0,"University of New England, Australia",AUS,5909.0,-0.262,very low,5011.0,1.136,-0.315,-0.304,-0.43,-0.631,0.232,-1.025,-0.268,-0.617
15502.0,University of Memphis,USA,5909.0,-0.148,low,5588.0,-0.666,-0.127,-0.349,-0.405,-0.936,-0.119,-0.73,-0.268,4.154
3214.0,Pazmany Peter Catholic University,HUN,5911.0,-0.238,low,1131.0,0.723,-0.287,-0.827,-0.499,-0.607,2.064,-1.413,-0.268,0.25
4530.0,Obihiro University of Agriculture and Veterinary Medicine,JPN,5911.0,-0.199,low,1182.0,2.083,-0.475,0.162,-0.457,-0.661,-1.026,-0.747,-0.268,0.088
8228.0,Mae Fah Luang University,THA,5915.0,0.339,medium,2340.0,1.429,-0.324,5.214,-0.277,-0.415,0.046,1.284,-0.268,0.101
92353.0,Riyadh Elm University,SAU,5915.0,0.138,medium,624.0,-0.727,-0.033,-1.289,1.966,-0.467,2.045,-1.413,-0.268,-0.379
96268.0,Sumathi Reddy Institute of Technology for Women,IND,5915.0,5.396,significant,440.0,-1.544,3.357,12.461,21.775,-1.401,-2.74,-1.413,-0.268,-1.186
91910.0,Ganesha University of Education,IDN,5921.0,0.96,medium,804.0,-1.02,-0.221,3.171,6.472,-0.857,-1.709,-1.413,-0.268,-0.567
4367.0,Kagawa University,JPN,5921.0,-0.055,low,3225.0,-0.48,-0.512,0.191,-0.238,0.775,1.101,0.711,-0.268,0.93
2921.0,Hochschule RheinMain,DEU,5924.0,-0.503,very low,403.0,-1.208,-0.165,-0.483,-0.545,-0.738,0.013,-1.413,-0.268,0.098
1925.0,Universidad de Santander,COL,5924.0,0.832,medium,888.0,0.31,-0.362,-1.447,0.867,0.978,2.22,-0.216,6.876,-0.339
6860.0,Universidade de Evora,PRT,5927.0,-0.161,low,4143.0,1.79,-0.315,0.741,-0.18,-0.539,-0.702,-1.413,-0.268,-0.324
59420.0,"Texas A&M University, Corpus Christi",USA,5927.0,0.31,medium,3973.0,5.499,-0.108,-1.257,-0.401,-0.515,0.446,-1.413,-0.268,2.155
8884.0,Tashkent State Agrarian University,UZB,5927.0,0.602,medium,925.0,-1.41,-0.569,9.365,1.431,-1.033,1.042,-0.647,-0.268,4.996
4578.0,Saitama University,JPN,5927.0,-0.121,low,3391.0,-0.307,-0.428,0.787,-0.268,0.883,0.89,-0.767,-0.268,1.35
3375.0,Mahatma Gandhi University,IND,5933.0,0.228,medium,2765.0,-0.274,-0.39,-1.183,0.059,-0.953,2.491,3.807,-0.268,-0.227
8368.0,Canakkale Onsekiz Mart Universitesi,TUR,5933.0,-0.357,very low,3628.0,-0.957,-0.39,0.234,0.261,-0.584,-0.138,-1.138,-0.268,-0.632
77486.0,University of Veterinary Medicine and Pharmacy,SVK,5933.0,-0.604,very low,788.0,0.09,-0.578,-0.352,-0.545,-0.754,-0.957,-1.413,-0.268,-1.186
3800.0,State University of Medan,IDN,5933.0,0.689,medium,1276.0,-1.153,-0.193,1.628,4.818,-0.716,0.435,-1.413,-0.268,-0.016
3685.0,Jember University,IDN,5942.0,0.36,medium,2839.0,-0.856,-0.324,0.912,3.374,-1.179,-0.9,-0.623,-0.268,0.309
4028.0,Shahid Beheshti University,IRN,5942.0,-0.232,low,9708.0,-0.902,0.295,0.239,-0.04,-1.186,-0.872,-1.177,-0.268,0.262
2373.0,Misr University for Science and Technology,EGY,5944.0,-0.173,low,1365.0,0.551,-0.165,-0.904,0.641,-1.01,-0.045,-1.413,-0.268,-0.818
91891.0,Christ University,IND,5948.0,0.205,medium,7650.0,-1.412,0.061,0.172,1.9,-1.306,0.234,-0.293,-0.268,0.987
2265.0,Universidad San Francisco de Quito,ECU,5948.0,0.307,medium,3017.0,1.141,-0.418,0.771,-0.078,3.025,1.609,0.7,-0.268,0.416
7967.0,Rhodes University,ZAF,5948.0,-0.027,low,4239.0,1.199,-0.061,0.829,-0.422,0.008,0.843,-0.602,-0.268,-0.821
90565.0,Qingdao University of Technology,CHN,5948.0,-0.148,low,7592.0,0.528,-0.447,0.626,-0.215,-1.017,-0.932,0.827,-0.268,-0.264
1539.0,Shenyang Aerospace University,CHN,5948.0,0.237,medium,4183.0,-0.696,1.422,0.261,0.129,-1.32,-0.321,-0.714,-0.268,0.433
4003.0,Kermanshah University of Medical Sciences,IRN,5948.0,0.179,medium,5855.0,-0.492,0.624,-1.016,0.079,-0.65,1.813,0.649,-0.268,-0.413
13271.0,Christopher Newport University,USA,5956.0,-0.158,low,721.0,-1.256,-0.259,-1.163,-0.255,3.852,3.064,-1.413,-0.268,-0.456
8230.0,Mahasarakham University,THA,5957.0,0.127,medium,3070.0,-0.799,-0.23,3.92,1.344,-1.077,-2.051,-0.853,-0.268,1.591
67401.0,Hunan University of Science and Engineering,CHN,5957.0,0.635,medium,875.0,0.256,1.639,-0.473,1.962,-1.401,-0.448,-1.008,-0.268,-0.615
4244.0,Akita University,JPN,5957.0,-0.284,very low,2782.0,-0.759,-0.55,0.087,-0.489,0.79,0.662,-0.677,-0.268,1.447
8281.0,Silpakorn University,THA,5957.0,0.416,medium,2192.0,-0.911,1.516,0.873,1.123,-1.146,-0.678,-0.497,-0.268,-0.957
68622.0,King Mongkut's Institute of Technology North Bangkok,THA,5957.0,0.207,medium,5461.0,-1.27,-0.428,1.766,1.483,-1.152,-0.615,1.321,-0.268,1.216
6438.0,Universidad Peruana Cayetano Heredia,PER,5964.0,0.014,medium,3550.0,1.529,-0.465,-0.958,-0.266,1.109,3.429,-0.748,-0.268,-0.468
6310.0,University of Malakand,PAK,5967.0,0.677,medium,2605.0,0.44,1.084,1.029,0.858,-0.963,-0.182,1.896,-0.268,-0.416
97202.0,Universita San Raffaele,ITA,5967.0,-0.206,low,536.0,1.668,-0.794,-0.989,0.137,0.366,0.986,-1.413,-0.268,-0.232
94257.0,Faculdades Pequeno Principe,BRA,5969.0,-0.325,very low,388.0,0.522,-0.672,-1.772,-0.411,1.603,2.843,-1.413,-0.268,-1.186
1366.0,Heilongjiang Bayi Agricultural University,CHN,5969.0,-0.075,low,2524.0,-0.16,0.286,-0.505,0.717,-1.112,-1.085,-0.966,-0.268,-0.592
66993.0,Tajen University,TWN,5969.0,-0.401,very low,476.0,2.45,-0.822,-1.346,0.113,-1.35,-1.191,-1.413,-0.268,-1.186
8958.0,Hanoi University of Science and Technology,VNM,5969.0,-0.149,low,5875.0,-0.416,-0.23,1.184,0.575,-1.062,-0.901,-1.413,-0.268,1.072
3598.0,University of Bengkulu,IDN,5975.0,0.31,medium,1326.0,-0.472,-0.277,2.317,3.276,-1.035,-1.026,-1.413,-0.268,-1.186
4936.0,Korea Maritime University,KOR,5979.0,-0.636,very low,2080.0,-1.336,-0.587,-0.023,-0.169,-1.226,-1.018,-1.413,-0.268,-0.215
2438.0,Haramaya University,ETH,5979.0,-0.184,low,2710.0,-0.155,-0.493,-1.506,0.052,-0.129,3.27,-0.45,-0.268,-0.816
3641.0,Haluoleo University,IDN,5979.0,1.155,significant,1577.0,-0.672,1.864,1.845,4.158,-1.001,-1.237,-0.947,-0.268,-0.555
76872.0,Ecole des Hautes Etudes en Sante Publique,FRA,5979.0,-0.009,low,2002.0,2.665,-0.371,-0.964,-0.389,1.34,0.908,-1.413,-0.268,0.349
1095.0,Wilfrid Laurier University,CAN,5987.0,-0.227,low,3700.0,-0.468,0.615,-0.742,-0.517,-0.745,0.501,-1.413,-0.181,-1.044
97019.0,Technische Hochschule Koln,DEU,5987.0,-0.425,very low,1304.0,-0.094,-0.268,-0.497,-0.425,-0.991,-1.134,-1.413,-0.268,0.99
8793.0,School of Oriental and African Studies,GBR,5992.0,-0.47,very low,2284.0,-0.001,0.051,-1.117,-0.522,-1.146,-1.062,-1.413,-0.268,-0.933
8677.0,Harper Adams University College,GBR,5992.0,-0.46,very low,701.0,0.203,-0.381,-0.543,-0.471,-0.362,0.009,-1.413,-0.268,-1.186
92014.0,Ho Chi Minh City University of Technology,VNM,5992.0,0.031,medium,4722.0,-0.667,0.248,0.789,0.417,-1.175,-0.535,-0.052,-0.268,0.359
91991.0,Istanbul Sabahattin Zaim University,TUR,5992.0,0.079,medium,853.0,-0.818,1.169,-0.925,0.986,-0.917,-1.348,-1.413,-0.268,-1.186
3394.0,National Institute of Mental Health and Neuro Sciences,IND,5992.0,-0.001,low,3844.0,-1.11,-0.071,-0.756,-0.369,0.153,1.871,2.082,-0.268,-0.789
2665.0,Universite de La Rochelle,FRA,5997.0,-0.391,very low,2780.0,-0.687,-0.447,0.858,-0.338,0.477,-0.567,-0.818,-0.268,-1.002
13961.0,New York Medical College,USA,5997.0,0.819,medium,3922.0,-0.627,2.625,-1.319,0.4,-0.138,1.969,0.35,-0.268,-0.391
6954.0,Titu Maiorescu University,ROU,5997.0,-0.147,low,851.0,-0.155,-0.493,-0.546,1.051,-0.516,-0.028,-1.413,-0.268,0.585
96281.0,ILMA University,PAK,5997.0,3.232,significant,842.0,6.54,8.063,-0.694,1.006,-1.286,-0.847,1.859,-0.268,-1.186
8431.0,Yeditepe University,TUR,5997.0,-0.076,low,2884.0,0.45,-0.353,-0.114,-0.201,1.672,0.453,0.02,-0.268,-1.01
79096.0,Erzincan Binali Yildirim University,TUR,6005.0,0.189,medium,2381.0,0.722,-0.437,1.239,0.135,2.556,0.612,0.659,-0.268,-0.761
62993.0,Air Force Engineering University,CHN,6006.0,-0.093,low,6124.0,-0.247,-0.437,0.948,0.564,-1.306,-0.253,-0.185,-0.268,0.525
13285.0,Clarkson University,USA,6006.0,-0.084,low,2365.0,-0.888,0.061,-0.077,-0.413,-0.744,-0.473,0.673,-0.268,1.864
330.0,Sigmund Freud University,AUT,6009.0,0.047,medium,1296.0,2.037,-0.559,-1.117,-0.465,1.053,0.211,1.239,-0.268,-0.004
3123.0,University of Piraeus,GRC,6009.0,0.822,medium,2596.0,-0.582,3.207,-0.087,0.099,-0.821,0.258,-0.635,-0.268,0.428
77634.0,Xuchang University,CHN,6013.0,0.075,medium,1324.0,1.578,-0.644,-0.34,1.309,-1.199,0.721,-1.096,-0.268,0.518
1658.0,Yunnan Normal University,CHN,6013.0,-0.268,very low,4664.0,-0.47,-0.137,-0.292,0.16,-1.078,-0.245,-0.777,-0.268,-0.543
1059.0,Brock University,CAN,6013.0,-0.406,very low,4733.0,-0.392,-0.193,0.296,-0.336,-0.821,-0.556,-1.18,-0.268,-0.858
189.0,"Universidad Nacional de San Martin, Argentina",ARG,6017.0,-0.139,low,2757.0,0.628,-0.306,-0.818,-0.507,1.347,2.088,-0.628,-0.268,-1.0
9341.0,Eastern Mediterranean University,CYP,6019.0,0.346,medium,2932.0,-0.188,1.573,0.768,-0.029,-1.169,-0.332,-0.469,-0.268,0.19
2377.0,October 6 University,EGY,6019.0,0.453,medium,1072.0,1.54,0.699,-0.387,0.673,-0.246,2.871,-1.413,-0.268,0.225
3142.0,University of Peloponnese,GRC,6024.0,-0.231,low,2344.0,0.277,-0.371,-0.026,-0.1,-0.873,-0.688,-1.027,-0.268,1.638
8283.0,Srinakharinwirot University,THA,6024.0,-0.327,very low,2573.0,-1.197,-0.381,-0.263,0.653,-1.061,-0.324,-1.275,-0.268,0.274
4574.0,University of the Ryukyus,JPN,6024.0,-0.176,low,3794.0,0.032,-0.465,0.038,-0.339,0.417,0.775,-0.14,-0.268,0.158
11516.0,Dhofar University,OMN,6024.0,0.342,medium,1300.0,-1.53,0.408,-0.409,3.071,-1.102,0.071,-1.413,-0.268,-0.029
96288.0,University of Swabi,PAK,6024.0,0.599,medium,1375.0,-0.102,-0.484,-0.453,2.456,-0.412,0.427,3.53,-0.268,-0.813
8233.0,Naresuan University,THA,6029.0,-0.111,low,3063.0,-0.466,0.061,-0.458,0.478,-0.886,2.159,-1.413,-0.268,-1.022
67216.0,Tokyo University of Marine Science and Technology,JPN,6029.0,-0.278,very low,1753.0,0.153,-0.39,0.768,-0.516,-0.653,0.192,-1.413,-0.268,1.591
92400.0,Almaarefa University,SAU,6029.0,1.118,significant,1519.0,0.845,0.521,-0.067,1.002,-0.666,1.848,6.576,-0.268,-0.187
77538.0,Jiangxi Science and Technology Normal University,CHN,6029.0,0.301,medium,2385.0,0.99,0.85,-0.032,0.44,-1.146,-0.876,0.27,-0.268,-0.769
92025.0,Al-Baha University,SAU,6029.0,1.318,significant,2793.0,2.819,3.019,0.24,1.157,-0.671,0.131,-0.539,-0.268,-0.103
4404.0,Kochi University,JPN,6029.0,-0.227,low,3201.0,-0.361,-0.54,-0.119,-0.399,1.944,1.705,-0.511,-0.268,-0.945
1568.0,Southwest Forestry University,CHN,6035.0,-0.314,very low,4388.0,-0.328,-0.54,0.951,-0.295,-1.13,-0.6,0.396,-0.268,-0.674
13398.0,Delaware State University,USA,6035.0,-0.512,very low,488.0,-1.009,-0.456,-0.958,-0.331,-0.903,0.165,-1.413,-0.268,0.893
5681.0,Universidad de Monterrey,MEX,6035.0,-0.194,low,884.0,-0.655,-0.315,-1.455,0.341,0.824,1.04,-0.656,-0.268,-0.602
13865.0,Middle Tennessee State University,USA,6039.0,-0.412,very low,1896.0,-0.886,-0.193,-0.407,-0.407,-1.004,-0.311,-1.212,-0.268,1.012
91905.0,Central University of Rajasthan,IND,6043.0,-0.397,very low,2133.0,-1.043,-0.287,-0.244,0.189,-1.298,-0.516,-1.038,-0.268,-0.22
4923.0,Gangneung-Wonju National University,KOR,6043.0,-0.165,low,2109.0,-1.129,-0.559,0.828,-0.198,1.523,1.031,0.484,-0.268,-0.712
35921.0,University of New Orleans,USA,6043.0,-0.138,low,1386.0,-1.224,-0.202,-0.776,-0.508,-1.103,-0.176,1.502,-0.268,2.522
1081.0,Trent University,CAN,6043.0,-0.523,very low,2223.0,-0.328,-0.353,-0.055,-0.545,-0.472,-0.425,-1.413,-0.268,-1.186
6312.0,University of Peshawar,PAK,6043.0,0.326,medium,4099.0,-0.085,0.577,0.401,0.895,-0.886,0.504,-0.065,0.072,-0.386
84512.0,North China University of Science and Technology,CHN,6043.0,0.045,medium,6989.0,-0.389,0.483,-0.152,0.374,-1.008,-0.022,-0.122,-0.268,-0.754
1677.0,Zhongnan University of Economics and Law,CHN,6050.0,0.196,medium,4020.0,-0.688,1.639,-1.343,0.767,-1.328,-1.259,-1.198,-0.268,-0.749
79229.0,Makerere University College of Health Sciences,UGA,6050.0,0.238,medium,1121.0,0.211,1.103,-1.36,-0.172,1.068,2.798,-1.413,-0.268,-0.734
6720.0,John Paul II Catholic University of Lublin,POL,6050.0,0.074,medium,2581.0,-0.652,1.244,0.041,-0.485,-0.931,0.718,-1.413,-0.268,0.799
15384.0,Western University of Health Sciences,USA,6054.0,-0.4,very low,1677.0,0.347,-0.54,-0.936,-0.203,-0.59,0.262,-0.826,-0.268,-1.186
5192.0,"University of Malaysia, Perlis",MYS,6056.0,0.628,medium,7289.0,0.172,-0.512,0.715,3.268,-1.131,-1.561,1.607,-0.268,1.526
3418.0,Pondicherry University,IND,6056.0,0.268,medium,4051.0,-0.931,1.948,-0.41,0.215,-0.945,-0.974,-1.079,-0.268,-0.312
13745.0,Liberty University,USA,6060.0,-0.49,very low,677.0,-1.256,-0.212,-0.95,-0.314,-0.863,0.833,-1.413,-0.268,-0.416
10265.0,"National Institute of Technology, Tiruchirappalli",IND,6060.0,-0.387,very low,6805.0,-1.331,-0.353,-0.208,0.184,-1.351,-0.489,-0.904,-0.268,0.704
2385.0,Qena University,EGY,6060.0,0.271,medium,4101.0,2.903,-0.277,0.421,0.983,-0.904,-0.199,-0.405,-0.268,-0.635
13372.0,Creighton University,USA,6060.0,0.187,medium,4125.0,-0.02,-0.09,-0.531,0.29,1.154,1.578,0.836,-0.268,-0.173
6035.0,HU University of Applied Sciences Utrecht,NLD,6064.0,-0.251,low,1094.0,1.461,-0.137,-0.456,-0.498,-0.424,-0.627,-1.413,-0.268,-0.255
1703.0,Chang Jung Christian University,TWN,6064.0,-0.374,very low,839.0,-0.041,-0.54,-0.66,0.202,-1.198,0.843,-1.413,-0.268,-0.59
8769.0,University of Gloucestershire,GBR,6064.0,-0.483,very low,1268.0,0.113,-0.24,-0.613,-0.463,-0.597,-1.44,-1.413,-0.268,-0.572
69208.0,King Georges Medical University,IND,6069.0,-0.174,low,2900.0,-1.57,-0.043,-1.476,0.355,0.031,1.145,-0.192,-0.268,-0.292
78769.0,"Islamic Azad University, Tehran Medical Sciences",IRN,6069.0,0.268,medium,3720.0,-0.314,0.868,-0.931,0.803,-0.977,1.695,-0.524,-0.268,-0.644
1662.0,Hubei University of Medicine,CHN,6072.0,-0.123,low,3502.0,-0.576,-0.052,-1.914,0.782,-0.472,2.807,-1.413,-0.268,-1.186
78675.0,Singapore University of Social Sciences,SGP,6072.0,0.047,medium,1137.0,1.303,-0.24,-1.213,-0.224,-0.354,0.243,0.941,-0.268,0.64
15288.0,United States Naval Academy,USA,6072.0,-0.026,low,1719.0,-1.094,-0.268,-0.108,-0.272,2.526,1.448,-0.375,-0.268,1.794
389.0,Bangladesh Agricultural University,BGD,6072.0,-0.243,low,2837.0,0.999,-0.071,0.263,-0.361,-0.896,-0.152,-1.413,-0.268,-0.831
11688.0,Cardinal Stefan Wyszynski University in Warsaw,POL,6072.0,-0.101,low,2246.0,0.013,0.324,-0.261,-0.406,-0.644,0.814,-1.08,-0.268,0.431
3988.0,Hamadan University of Medical Sciences,IRN,6081.0,1.176,significant,5203.0,-0.933,1.601,-0.714,0.087,-0.715,1.545,0.735,7.275,-0.702
79413.0,Hunan Institute of Science and Technology,CHN,6081.0,-0.313,very low,1326.0,0.367,-0.7,-0.039,0.203,-1.108,-1.697,-0.275,-0.268,0.322
2514.0,Ecole Nationale Veterinaire Agroalimentaire et de l'Alimentation de Nantes-Atlantique,FRA,6085.0,-0.818,very low,593.0,-1.175,-0.653,-0.864,-0.545,-0.787,-1.706,-1.413,-0.268,-1.186
6066.0,"Lincoln University, Lincoln",NZL,6088.0,-0.379,very low,2452.0,0.072,-0.221,-0.219,-0.439,-0.688,-0.314,-0.846,-0.268,-1.186
10246.0,Jawaharlal Nehru Centre for Advanced Scientific Research,IND,6091.0,-0.734,very low,1629.0,-0.394,-0.813,0.454,-0.545,-1.028,-1.7,-1.413,-0.268,-1.186
76861.0,Normandie Universite,FRA,6096.0,0.453,medium,3322.0,7.826,-0.606,-0.596,-0.451,1.077,0.469,-0.876,-0.268,0.185
79133.0,Universidad Europea Valencia,ESP,6099.0,-0.053,low,462.0,3.959,-0.597,-1.229,-0.545,-0.455,1.924,-1.413,-0.268,-0.093
1945.0,Universidad Industrial de Santander,COL,6099.0,0.028,medium,3040.0,-0.176,-0.353,0.673,-0.184,0.037,0.526,-0.2,1.394,0.14
13899.0,Montclair State University,USA,6099.0,-0.417,very low,2628.0,-1.072,-0.193,-1.061,-0.307,-0.265,1.648,-1.413,-0.268,-0.781
13509.0,Florida Institute of Technology,USA,6105.0,0.199,medium,2596.0,0.679,-0.362,0.737,-0.163,2.995,1.014,0.669,-0.268,-0.103
91968.0,National Quemoy University,TWN,6108.0,-0.568,very low,440.0,-0.522,-0.625,-0.844,0.523,-1.346,-1.925,-1.413,-0.268,-1.186
62216.0,National Textile University,PAK,6108.0,0.826,medium,1298.0,-0.538,3.508,-0.153,0.26,-1.027,-1.495,-0.048,-0.268,-1.186
129.0,Universidad Austral,ARG,6113.0,-0.044,low,1220.0,-0.026,0.079,-1.335,-0.46,1.962,2.781,-1.413,-0.268,0.491
4721.0,Al Al-Bayt University,JOR,6113.0,1.138,significant,2026.0,0.651,-0.362,3.885,3.503,-0.742,1.849,2.246,-0.268,0.669
6317.0,University of Veterinary and Animal Sciences,PAK,6113.0,0.778,medium,3558.0,0.208,2.878,-1.333,-0.017,-0.493,2.31,-0.764,-0.268,-0.473
92157.0,"Indian Institute of Technology, Jodhpur",IND,6113.0,-0.409,very low,3731.0,-0.81,-0.493,1.078,-0.224,-0.945,-1.302,-0.886,-0.268,0.771
7928.0,Technical University of Kosice,SVK,6118.0,0.059,medium,5682.0,-1.065,-0.4,2.427,0.117,-0.123,-0.278,-0.321,1.587,0.684
4568.0,Rikkyo University,JPN,6119.0,-0.103,low,1687.0,-0.443,-0.381,-0.223,-0.452,3.823,2.803,-0.876,-0.268,-1.186
5782.0,Universidad Panamericana,MEX,6119.0,-0.05,low,1782.0,-0.314,-0.334,-0.333,0.803,-1.019,-0.309,-0.905,0.517,0.851
59260.0,"University of Michigan, Flint",USA,6119.0,-0.438,very low,771.0,-1.148,-0.184,-1.031,-0.071,-1.054,-0.419,-1.413,-0.268,0.789
86686.0,Shandong Second Medical University,CHN,6125.0,-0.533,very low,4902.0,-0.564,-0.54,-1.128,0.531,-1.059,-1.675,-1.413,-0.268,-1.186
8809.0,University of Sunderland,GBR,6125.0,-0.09,low,1387.0,-0.36,-0.23,-1.464,0.019,-0.631,-0.603,-0.912,-0.268,5.279
8705.0,Roehampton University,GBR,6128.0,-0.445,very low,1907.0,0.072,-0.174,-1.232,-0.381,-0.802,-0.171,-1.413,-0.268,-0.898
9345.0,Near East University,CYP,6128.0,1.432,significant,6690.0,3.427,1.225,0.234,1.329,1.285,0.419,3.653,-0.268,0.409
4652.0,Tohoku Medical and Pharmaceutical University,JPN,6128.0,-0.184,low,1438.0,0.778,-0.531,-0.221,-0.255,1.317,1.533,-1.148,-0.268,-0.831
83968.0,Shenzhen Polytechnic,CHN,6133.0,-0.056,low,2737.0,1.586,-0.249,-1.169,0.6,-0.957,-0.011,-0.756,-0.268,-1.002
12174.0,Effat University,SAU,6133.0,1.325,significant,1059.0,2.891,-0.268,0.054,5.029,-1.172,-0.341,2.081,-0.268,0.041
4395.0,Kitami Institute of Technology,JPN,6137.0,2.911,significant,893.0,-1.311,10.335,0.659,0.098,-0.613,0.098,-1.413,-0.268,1.658
12075.0,South Ural State University,RUS,6138.0,1.221,significant,6563.0,2.122,2.08,-0.163,0.935,-0.824,-0.028,0.636,0.682,2.333
79916.0,Universidad Loyola Andalucia,ESP,6139.0,-0.269,very low,1421.0,-0.184,-0.08,-0.627,-0.251,-0.769,-0.275,-0.25,-0.268,-0.828
1494.0,Qinghai University,CHN,6139.0,-0.232,low,6764.0,0.506,-0.277,-0.204,-0.059,-0.934,-0.201,-0.866,-0.268,-0.145
10326.0,University of Babylon,IRQ,6143.0,2.103,significant,6965.0,-0.748,0.652,5.162,8.89,-1.359,-1.512,-0.447,-0.268,3.223
7926.0,Slovak University of Technology,SVK,6145.0,-0.221,low,5541.0,-0.324,-0.437,0.484,0.445,-0.919,-0.285,-0.857,-0.268,0.039
77743.0,Jain University,IND,6147.0,0.398,medium,7311.0,-0.984,0.173,0.415,2.556,-1.295,-0.659,0.134,-0.268,0.463
80600.0,Universidad Internacional Valenciana,ESP,6147.0,0.33,medium,1114.0,1.648,1.432,-0.91,-0.03,-0.442,-0.182,-1.413,-0.268,-0.277
83543.0,Ecole Superieure de Chimie Physique Electronique de Lyon,FRA,6147.0,-0.371,very low,1025.0,1.487,-0.728,-0.51,-0.494,0.186,-0.656,-1.413,-0.268,0.287
8866.0,Navoi State University of Mining and Technologies,UZB,6152.0,0.33,medium,362.0,-1.138,-0.23,9.006,1.619,-1.267,-2.181,-1.413,-0.268,1.588
2923.0,FernUniversitat in Hagen,DEU,6152.0,-0.278,very low,1832.0,-0.498,-0.108,0.927,-0.374,-0.964,-0.561,-1.413,-0.268,1.554
8360.0,Atilim University,TUR,6152.0,-0.393,very low,1680.0,-0.281,-0.484,-0.716,0.201,-0.736,-1.306,-1.413,-0.268,0.918
9196.0,Hainan Normal University,CHN,6152.0,-0.206,low,2765.0,0.946,-0.484,-0.456,-0.016,-1.015,-0.316,-0.132,-0.268,-0.461
72465.0,Hubei University of Economics,CHN,6160.0,1.111,significant,1198.0,0.654,5.273,-1.681,-0.153,-1.259,-3.044,-1.413,-0.268,-0.769
77445.0,British University in Egypt,EGY,6160.0,0.271,medium,2851.0,2.418,-0.484,0.795,0.462,1.375,-0.918,-0.267,-0.268,1.464
10299.0,University of Calcutta,IND,6166.0,-0.012,low,7345.0,-1.141,0.22,-0.389,0.6,-1.041,1.497,-0.566,-0.268,-0.073
6307.0,University of Gujrat,PAK,6167.0,0.885,medium,2939.0,-0.413,2.183,0.6,1.623,-1.046,0.164,0.127,-0.268,-0.503
9034.0,Higher Colleges of Technology,ARE,6167.0,-0.017,low,2334.0,-0.335,-0.202,-1.024,1.357,-1.047,0.009,-1.413,-0.268,1.531
1308.0,East China Jiaotong University,CHN,6170.0,-0.222,low,6048.0,0.421,-0.24,-0.123,0.12,-1.28,-0.621,-0.535,-0.268,-0.692
5212.0,Northern University of Malaysia,MYS,6170.0,1.008,medium,4803.0,-0.647,-0.014,-0.636,6.612,-1.093,0.592,-1.337,-0.268,-0.56
77737.0,Hubei University of Science And Technology,CHN,6170.0,-0.23,low,2026.0,0.632,-0.756,-0.59,0.976,-0.958,0.615,-1.413,-0.268,-0.938
9606.0,Modern University for Technology and Information,EGY,6177.0,-0.023,low,725.0,0.653,-0.531,0.097,1.328,-1.033,-0.486,-1.413,-0.268,0.883
71218.0,European University of Cyprus,CYP,6177.0,-0.074,low,2127.0,1.314,-0.503,-0.981,0.191,0.46,1.772,-1.413,-0.268,0.252
88973.0,Ho Chi Minh City Open University,VNM,6177.0,1.23,significant,1405.0,-0.566,1.441,0.064,5.069,-1.366,-1.037,-0.274,-0.268,0.232
35909.0,Georgia Southern University,USA,6177.0,-0.19,low,3525.0,-1.112,0.418,-0.76,-0.323,-0.939,0.64,-1.212,-0.238,1.169
4469.0,Meiji Pharmaceutical University,JPN,6182.0,-0.639,very low,651.0,-0.792,-0.738,0.792,-0.385,-0.767,-0.699,-1.413,-0.268,-1.186
2170.0,University of Veterinary and Pharmaceutical Sciences Brno,CZE,6182.0,0.78,medium,1031.0,0.462,-0.475,0.101,-0.444,-0.459,-0.402,-1.413,12.039,-1.186
13442.0,East Tennessee State University,USA,6182.0,-0.082,low,2342.0,-0.937,0.709,-1.048,0.414,-0.675,-0.06,-1.413,-0.268,-0.518
5009.0,Sungshin Womens University,KOR,6182.0,-0.614,very low,866.0,-1.352,-0.475,-0.7,-0.304,-1.261,-0.18,-1.413,-0.268,-0.016
2494.0,"Audencia Nantes, School of Management",FRA,6188.0,-0.368,very low,767.0,0.485,-0.118,-1.611,-0.477,-0.768,1.221,-1.413,-0.268,-1.186
4273.0,Chuo University,JPN,6190.0,-0.274,very low,2414.0,-0.633,-0.306,0.519,-0.026,-0.536,0.589,-1.413,-0.268,0.518
6269.0,Mehran University of Engineering and Technology Jamshoro,PAK,6190.0,-0.104,low,1759.0,0.942,-0.625,0.23,1.118,-0.932,-0.117,-1.219,-0.268,-0.9
11734.0,Pedagogical University of Kielce,POL,6195.0,-0.349,very low,2571.0,-0.458,-0.484,1.028,-0.403,0.45,0.259,-0.974,-0.268,-0.791
1099.0,University of Prince Edward Island,CAN,6195.0,-0.398,very low,1778.0,0.055,-0.484,-0.754,-0.457,-0.595,0.612,-0.439,-0.268,-1.186
15224.0,Tennessee State University,USA,6195.0,-0.461,very low,1236.0,-0.909,-0.353,-0.986,-0.207,-0.478,0.135,-1.116,-0.268,-0.356
3462.0,Siksha O Anusandhan University,IND,6200.0,1.052,medium,8476.0,-1.345,1.469,1.617,3.067,-1.178,-0.623,0.765,-0.268,1.829
8995.0,Vinh University,VNM,6203.0,0.342,medium,2286.0,-0.112,0.183,0.658,2.014,-0.923,0.937,-0.954,-0.268,-0.307
1649.0,Yanbian University,CHN,6203.0,-0.414,very low,3361.0,-0.092,-0.634,-0.327,0.294,-1.083,-0.265,-1.183,-0.268,-0.885
4353.0,Iwate University,JPN,6207.0,-0.28,very low,1846.0,-0.258,-0.428,0.784,-0.319,-0.401,1.005,-1.413,-0.268,0.739
1510.0,Shandong University of Finance,CHN,6210.0,-0.114,low,2781.0,-0.543,-0.08,-1.056,1.108,-1.322,-1.04,-0.267,-0.268,-0.647
91840.0,Henan University of Animal Husbandry and Economy,CHN,6210.0,0.339,medium,965.0,1.227,-0.118,-1.595,2.486,-1.25,1.193,-1.413,-0.268,0.111
1644.0,Xinyang Normal University,CHN,6210.0,0.036,medium,3165.0,0.003,-0.324,0.771,0.577,0.939,-0.046,-0.111,-0.268,-0.553
1218.0,Anhui Polytechnic University,CHN,6210.0,-0.32,very low,4693.0,0.682,-0.531,0.041,-0.078,-1.282,0.042,-1.044,-0.268,-0.443
1038.0,Universite de Moncton,CAN,6220.0,-0.098,low,1450.0,0.291,-0.409,-0.613,-0.113,-0.597,-0.237,0.876,-0.268,0.587
4279.0,Dokkyo Medical University,JPN,6225.0,-0.156,low,3047.0,-0.348,-0.55,-0.494,0.055,1.731,1.43,-0.397,-0.268,-0.682
68425.0,Haute Ecole Specialisee Bernoise,CHE,6225.0,-0.288,very low,1626.0,1.491,-0.306,-0.438,-0.417,-0.266,-0.31,-1.413,-0.268,-0.873
2287.0,Fayoum University,EGY,6225.0,0.487,medium,4203.0,1.061,0.821,0.233,0.362,1.251,0.383,0.135,-0.268,-0.349
83392.0,Saint Petersburg Mining University,RUS,6229.0,0.388,medium,3096.0,-1.457,0.136,11.123,1.125,-1.322,-2.728,-1.413,-0.268,1.645
12523.0,Sumy State University,UKR,6229.0,1.487,significant,2970.0,0.616,0.352,5.196,1.97,-0.82,-1.554,-0.039,5.887,4.0
90183.0,Karamanoglu Mehmetbey University,TUR,6229.0,0.186,medium,2234.0,0.873,-0.334,0.511,0.133,2.718,-0.401,0.83,-0.268,-0.513
6764.0,Opole University,POL,6229.0,-0.239,low,2290.0,-0.415,-0.428,-1.38,-0.249,0.539,4.324,-1.413,-0.268,-0.513
91871.0,Longyan University,CHN,6229.0,-0.33,very low,894.0,1.428,-0.691,-0.971,-0.136,-0.993,-0.763,-1.413,-0.268,1.318
53801.0,University of Sialkot,PAK,6238.0,-0.139,low,709.0,1.132,-0.146,-0.303,0.634,-1.093,-1.859,-0.858,-0.268,-1.186
892.0,Universidade Tiradentes,BRA,6240.0,-0.077,low,959.0,0.412,-0.54,-0.502,-0.164,-0.413,-0.13,1.624,-0.268,-0.13
9455.0,Hertie School of Governance,DEU,6242.0,-0.383,very low,730.0,0.585,-0.033,-1.39,-0.474,-0.935,0.129,-1.413,-0.268,-1.186
10986.0,Sophia University,JPN,6242.0,-0.363,very low,1699.0,-0.637,-0.184,0.239,-0.392,-0.801,-0.435,-1.205,-0.268,0.635
10312.0,Diyala University,IRQ,6242.0,4.561,significant,2785.0,-1.102,10.589,2.366,7.089,-1.235,-0.269,-0.777,-0.268,2.763
91908.0,Central University of Punjab,IND,6246.0,-0.203,low,2544.0,-0.38,-0.381,-0.259,0.297,-0.943,1.646,-0.964,-0.268,-0.18
84592.0,Guangdong University of Petrochemical Technology,CHN,6248.0,0.188,medium,2542.0,2.531,0.615,-1.082,0.112,-1.21,-0.596,-0.613,-0.268,-0.793
1380.0,Huaibei Normal University,CHN,6248.0,-0.25,low,1830.0,1.428,-0.418,-1.005,0.368,-1.149,-1.107,-1.191,-0.268,-0.639
15360.0,"Wesleyan University, Middletown",USA,6252.0,-0.364,very low,1461.0,-0.682,-0.268,-0.752,-0.438,0.311,1.708,-1.413,-0.268,-0.456
2435.0,Bahir Dar University,ETH,6256.0,0.101,medium,4917.0,0.84,0.408,-0.967,-0.025,-0.71,2.405,-1.05,-0.268,-0.108
97211.0,Universita eCampus,ITA,6256.0,-0.505,very low,696.0,-0.446,-0.503,-0.4,-0.17,-0.424,-0.865,-1.413,-0.268,-0.458
5335.0,Centro Nacional de Investigacion y Desarrollo Tecnologico,MEX,6256.0,0.545,medium,649.0,-1.328,0.906,-1.227,1.628,-0.84,-0.911,2.772,-0.268,-0.413
1955.0,Universidad Pedagogica y Tecnologica de Colombia,COL,6256.0,0.677,medium,1632.0,-0.152,0.521,-0.008,0.511,-0.821,0.862,-1.413,5.399,0.667
6328.0,Islamic University of Gaza,PSE,6256.0,0.674,medium,1095.0,-0.436,0.577,0.414,1.411,-0.27,-1.498,3.008,-0.268,1.121
80561.0,Cracow University of Economics,POL,6256.0,-0.462,very low,1332.0,-1.256,-0.24,0.364,-0.035,-1.091,-0.63,-1.413,-0.268,-0.421
8998.0,Hanoi Medical University,VNM,6262.0,0.653,medium,2053.0,0.764,-0.606,-1.89,2.915,1.296,5.353,-0.256,-0.268,-0.205
13468.0,Embry-Riddle Aeronautical University-Prescott campus,USA,6262.0,0.099,medium,432.0,-1.192,-0.155,-1.251,-0.425,2.927,5.334,-0.32,-0.268,1.156
77430.0,National Defense Academy of Japan,JPN,6265.0,-0.122,low,1111.0,-1.064,-0.334,0.214,-0.498,0.653,3.265,-1.413,-0.268,2.915
86258.0,Guangxi University of Chinese Medicine,CHN,6267.0,0.116,medium,3031.0,-0.612,1.084,-1.063,0.73,-1.08,0.081,-1.045,-0.268,-1.186
13172.0,Bowling Green State University,USA,6267.0,-0.212,low,2754.0,-0.808,0.624,-0.374,-0.488,-0.845,0.598,-1.413,-0.268,-0.433
3079.0,Universitat Passau,DEU,6267.0,-0.244,low,1785.0,-0.4,-0.043,0.008,-0.458,-0.884,-1.314,-1.001,-0.268,2.746
1721.0,Hung Kuang University,TWN,6267.0,0.116,medium,946.0,1.553,1.047,-1.291,0.007,-1.272,0.021,-1.413,-0.268,-1.186
10837.0,Nagaoka University of Technology,JPN,6267.0,-0.1,low,2224.0,-0.845,0.098,0.281,-0.451,-0.582,1.193,-0.947,-0.268,2.453
3854.0,Riau University,IDN,6273.0,0.759,medium,2612.0,-1.063,1.019,3.039,3.055,-0.927,0.765,-1.283,-0.268,-0.803
91918.0,Sunan Gunung Djati State Islamic University,IDN,6273.0,0.057,medium,1231.0,-0.813,-0.08,1.475,1.789,-1.223,-0.573,-1.136,-0.268,-0.781
77693.0,NMIMS University,IND,6278.0,-0.093,low,3384.0,-1.119,-0.052,-1.036,1.153,-1.243,-0.331,-0.471,-0.268,0.16
5178.0,UCSI University,MYS,6278.0,0.197,medium,4080.0,0.655,0.042,-0.344,1.119,-1.044,0.181,-0.39,-0.268,0.419
84869.0,Prince Mohammad Bin Fahd University,SAU,6282.0,0.67,medium,2816.0,-0.102,0.483,-0.288,0.327,-1.16,0.705,3.046,-0.268,4.591
13907.0,Morehouse School of Medicine,USA,6282.0,-0.191,low,1342.0,-0.329,-0.578,-1.638,0.973,0.535,1.17,-1.159,-0.268,-0.801
4172.0,Universita degli Studi di Bergamo,ITA,6282.0,-0.443,very low,3729.0,-0.733,-0.202,0.386,-0.363,-0.463,-1.288,-1.413,-0.268,-0.001
96819.0,VNU University of Science,VNM,6285.0,0.267,medium,2848.0,1.067,0.943,0.387,-0.215,0.202,0.281,-0.985,-0.268,0.046
1678.0,Zhongyuan University of Technology,CHN,6285.0,-0.283,very low,3008.0,0.302,-0.597,-0.545,0.132,-1.167,0.056,-0.331,-0.268,-0.354
3796.0,Universitas Negeri Jakarta,IDN,6285.0,1.084,medium,2777.0,-1.284,-0.212,2.152,6.754,-0.981,-0.993,-0.922,-0.268,0.697
84485.0,Xinxiang University,CHN,6290.0,0.023,medium,901.0,-0.012,-0.569,-1.428,2.469,-1.104,0.538,-1.413,-0.268,-0.632
1634.0,Hubei University of Arts and Science,CHN,6292.0,0.432,medium,1833.0,0.653,1.488,-0.795,0.481,-1.003,0.448,-0.633,-0.268,-0.369
77370.0,University of Agriculture,PAK,6292.0,0.039,medium,2218.0,-0.488,0.295,-0.295,0.538,-0.547,1.441,-0.845,-0.172,-0.731
851.0,Universidade Federal do Piaui,BRA,6292.0,-0.197,low,4482.0,0.324,-0.39,0.379,-0.044,-0.675,-0.549,-0.119,-0.268,-0.451
69798.0,Posts and Telecommunications Institute of Technology,VNM,6292.0,-0.291,very low,743.0,-0.887,-0.268,0.741,0.439,-1.27,-2.27,-0.848,-0.268,0.843
13844.0,Mercer University,USA,6292.0,0.179,medium,2059.0,-0.973,-0.334,-0.864,1.053,2.207,2.858,0.046,-0.268,-0.436
97243.0,Davangere University,IND,6300.0,0.377,medium,1055.0,-1.366,-0.043,2.265,1.832,-1.102,-0.927,2.343,-0.268,-1.186
3999.0,Isfahan University of Technology,IRN,6300.0,-0.018,low,7917.0,-0.373,0.38,0.134,-0.453,-0.147,-0.396,0.315,0.166,-0.644
12598.0,"Vietnam National University, Ho Chi Minh City",VNM,6300.0,-0.27,very low,7320.0,-0.477,-0.221,0.955,0.061,-1.073,-0.891,-0.764,-0.268,-0.297
53248.0,Karakoram International University,PAK,6304.0,-0.134,low,820.0,0.686,-0.54,-0.246,1.875,-0.72,-3.418,-1.413,-0.268,-0.572
7907.0,University of Nis,SRB,6304.0,0.938,medium,4686.0,-1.026,2.606,0.841,0.179,-0.867,-0.69,-1.01,3.518,0.16
5194.0,"University of Malaysia, Sarawak",MYS,6306.0,0.764,medium,4149.0,0.623,0.887,-0.405,1.268,-0.927,1.106,-0.92,2.893,-0.091
5634.0,Universidad Autonoma de Sinaloa,MEX,6310.0,0.626,medium,2044.0,-0.716,0.878,-0.958,0.732,2.412,4.645,0.012,-0.268,0.168
84855.0,Anyang Normal University,CHN,6311.0,0.855,medium,1033.0,0.82,2.559,-0.453,1.528,-1.025,-0.458,-1.413,-0.268,-0.704
4602.0,Shibaura Institute of Technology,JPN,6314.0,-0.059,low,3200.0,-0.61,-0.353,1.4,-0.219,0.39,0.666,-0.737,-0.268,2.589
61764.0,Centro de Educacion Medica e Investigaciones Clinicas Norberto Quirno,ARG,6314.0,-0.013,low,749.0,-0.744,-0.428,-1.666,-0.266,4.531,4.462,-1.413,-0.268,0.905
91990.0,Biruni University,TUR,6316.0,1.187,significant,2153.0,2.646,0.22,0.814,2.924,-0.251,-1.449,3.261,-0.268,0.334
1186.0,Universidad de Valparaiso,CHL,6316.0,-0.039,low,3434.0,0.711,0.126,-0.166,-0.363,0.119,1.113,-1.413,-0.206,0.664
90157.0,ESIC Universidad,ESP,6316.0,0.078,medium,615.0,0.67,-0.249,-1.468,1.578,-0.967,2.383,-1.413,-0.268,-1.186
4376.0,Kanazawa Medical University,JPN,6316.0,-0.33,very low,1523.0,-0.278,-0.691,-0.277,-0.065,1.405,0.777,-1.413,-0.268,-0.175
2249.0,Universidad del Azuay,ECU,6316.0,1.085,medium,790.0,1.54,-0.465,-0.24,3.025,1.027,3.278,3.171,-0.268,-0.55
2445.0,Hanken School of Economics,FIN,6324.0,-0.171,low,1059.0,3.233,-0.033,-1.503,-0.496,-1.24,-1.388,-1.413,-0.268,-0.212
1965.0,Universidad Tecnologica de Pereira,COL,6326.0,0.053,medium,1386.0,2.021,-0.353,-0.569,0.208,-0.998,-1.095,0.433,-0.268,0.637
8072.0,University of Sri Jayewardenepura,LKA,6326.0,-0.181,low,2108.0,-0.198,-0.193,-1.008,0.223,-0.618,0.362,-0.231,-0.268,-0.704
384.0,"American International University, Bangladesh",BGD,6326.0,-0.201,low,1588.0,-1.128,0.361,0.329,0.145,-1.279,-1.408,-0.529,-0.268,-0.555
92369.0,Deraya University,EGY,6326.0,0.654,medium,709.0,6.119,-0.569,0.619,0.413,-0.956,-2.383,2.288,-0.268,1.278
73555.0,Henan Institute of Science and Technology,CHN,6326.0,-0.06,low,2688.0,1.416,-0.625,0.422,0.796,-0.904,-0.403,-1.13,-0.268,0.207
6150.0,Ladoke Akintola University of Technology,NGA,6335.0,0.055,medium,1878.0,-0.052,-0.4,0.981,1.43,-0.845,-1.924,-0.91,-0.268,2.035
80659.0,Beijing Electronic Science and Technology Institute,CHN,6335.0,0.159,medium,629.0,1.588,-0.409,-0.876,1.116,-1.324,0.794,-1.413,-0.268,2.763
1579.0,Taiyuan University of Science and Technology,CHN,6340.0,-0.145,low,4547.0,0.444,-0.4,0.397,-0.27,-1.155,1.394,0.084,-0.268,-0.582
80642.0,North China Institute of Science and Technology,CHN,6340.0,-0.346,very low,1176.0,0.668,-0.663,-0.928,0.476,-0.967,-0.159,-1.413,-0.268,-0.761
81067.0,Bingol University,TUR,6340.0,0.178,medium,1938.0,0.783,-0.475,0.697,-0.006,3.247,0.074,0.895,-0.268,-0.406
4408.0,Kogakuin University,JPN,6345.0,0.108,medium,1457.0,-0.919,-0.277,0.033,-0.545,0.082,3.48,-1.17,-0.268,7.127
6127.0,Ahmadu Bello University,NGA,6345.0,0.116,medium,3954.0,0.886,0.032,-0.895,-0.096,0.189,3.23,-0.932,-0.268,0.607
376.0,Arabian Gulf University,BHR,6348.0,0.118,medium,1197.0,0.624,-0.409,-1.377,0.109,-0.083,2.505,1.261,-0.268,0.088
2864.0,Technische Hochschule Deggendorf,DEU,6348.0,-0.339,very low,601.0,1.02,-0.343,0.245,-0.111,-0.876,-1.994,-1.413,-0.268,-0.336
5958.0,Universite Cadi Ayyad,MAR,6348.0,0.096,medium,6336.0,0.934,-0.061,1.327,0.139,0.868,0.215,-0.819,-0.268,-0.364
8701.0,"Queen Margaret University, Edinburgh",GBR,6352.0,-0.37,very low,861.0,0.479,-0.24,-0.284,-0.364,-0.611,-0.639,-1.413,-0.268,-0.575
4718.0,Al-Hussein Bin Talal University,JOR,6352.0,0.458,medium,1272.0,-0.001,-0.315,0.694,2.001,-0.79,0.676,0.701,-0.268,1.601
71713.0,North Sichuan Medical College,CHN,6354.0,-0.136,low,4267.0,-1.366,-0.033,-1.379,1.303,-0.798,0.998,-1.413,-0.268,-0.471
96821.0,VNU University of Engineering and Technology,VNM,6358.0,-0.447,very low,1262.0,0.043,-0.371,-0.049,-0.09,-0.901,-2.149,-1.413,-0.268,0.014
7982.0,University of Venda,ZAF,6358.0,-0.283,very low,2023.0,-0.179,-0.39,0.412,0.049,-0.909,-0.281,-1.212,-0.268,0.577
35741.0,Universidad Antonio de Nebrija,ESP,6358.0,-0.099,low,1678.0,3.949,-0.315,0.085,-0.358,-1.039,-1.361,-1.413,-0.268,-0.883
92028.0,Northern Border University,SAU,6358.0,1.239,significant,3411.0,1.644,2.54,-0.058,1.828,-0.839,-0.303,0.383,-0.268,-0.083
78637.0,Obuda University,HUN,6363.0,1.604,significant,3288.0,2.583,1.648,1.27,-0.1,-0.965,0.217,2.082,5.554,1.643
3859.0,Sam Ratulangi University,IDN,6366.0,0.729,medium,1178.0,-1.181,-0.287,0.046,3.756,0.042,4.643,0.102,-0.268,-0.759
797.0,Universidade do Vale do Rio dos Sinos,BRA,6366.0,0.006,medium,2711.0,-0.04,0.051,-0.485,-0.179,-0.684,-0.871,-1.152,1.953,1.047
91851.0,Yunnan Minzu University,CHN,6366.0,-0.205,low,1709.0,0.46,-0.522,1.282,0.219,-1.159,-0.647,-1.206,-0.268,0.712
99048.0,Hanoi University of Pharmacy,VNM,6373.0,-0.594,very low,439.0,-0.548,-0.597,-0.501,-0.426,-0.792,0.351,-1.413,-0.268,-1.186
11984.0,National University of Science and Technology MISIS,RUS,6373.0,0.567,medium,7798.0,1.962,0.389,1.919,0.232,-0.196,-0.478,-0.03,-0.268,3.503
92077.0,Indian Institute of Technology Mandi,IND,6373.0,-0.109,low,3312.0,-1.025,0.108,0.743,-0.277,-1.247,-0.17,-0.011,-0.268,1.561
84857.0,Moscow Polytechnic University,RUS,6373.0,0.778,medium,2165.0,0.007,0.192,4.586,2.446,-1.165,-3.275,-1.08,-0.268,7.154
8666.0,Canterbury Christ Church University,GBR,6373.0,-0.283,very low,1993.0,0.153,-0.306,-0.382,-0.152,-0.524,-0.659,-0.379,-0.268,-0.659
69249.0,Chang Gung University of Science and Technology,TWN,6373.0,0.288,medium,1772.0,4.7,0.727,-0.724,-0.221,-1.099,-1.714,-1.213,-0.268,-0.617
4908.0,Hoseo University,KOR,6380.0,2.134,significant,1150.0,-1.405,7.565,0.516,0.954,-0.979,-1.875,-0.694,-0.268,0.558
4445.0,Kyoto Institute of Technology,JPN,6380.0,-0.237,low,2501.0,-0.405,-0.353,1.441,-0.148,-1.022,-0.365,-0.983,-0.268,1.236
8390.0,Harran University,TUR,6380.0,-0.224,low,2945.0,-1.052,-0.381,0.033,1.069,-0.824,-1.345,-0.678,-0.268,-0.334
79072.0,Hochschule Furtwangen,DEU,6380.0,0.156,medium,980.0,2.353,-0.343,1.069,-0.066,-0.831,-1.228,0.943,-0.268,0.374
8813.0,University of the Arts London,GBR,6390.0,-0.445,very low,1090.0,-0.636,0.023,-1.399,-0.258,-0.955,-0.871,-1.413,-0.268,-0.143
96283.0,Khyber Medical University,PAK,6390.0,0.634,medium,1083.0,0.444,1.188,-1.413,1.722,-0.639,2.092,-0.977,-0.268,0.225
8387.0,Gebze Technical University,TUR,6390.0,-0.363,very low,3507.0,0.384,-0.343,-0.122,-0.292,-1.2,-1.146,-0.661,-0.268,-0.473
3206.0,Central European University,AUT,6390.0,-0.33,very low,2147.0,1.087,-0.033,-0.919,-0.521,-0.937,-0.088,-1.413,-0.268,-1.186
80581.0,Mackay Medical College,TWN,6394.0,-0.271,very low,1978.0,3.029,-0.663,-0.877,-0.334,-0.554,-0.445,-1.413,-0.268,-0.93
74688.0,"Indian Institute of Technology, Gandhinagar",IND,6398.0,-0.355,very low,3447.0,-0.07,-0.475,-0.184,-0.485,-0.704,0.715,-0.865,-0.268,0.274
7936.0,Pavol Jozef Safarik University in Kosice,SVK,6398.0,-0.01,low,3743.0,-0.253,-0.447,0.383,-0.085,1.239,1.689,-0.477,0.536,-0.096
3242.0,"Atal Bihari Vajpayee Indian Institute of Information Technology and Management, Gwalior",IND,6398.0,-0.55,very low,902.0,-1.385,-0.353,-0.776,0.207,-1.401,-1.94,-1.413,-0.268,0.53
1704.0,Chaoyang University of Technology,TWN,6406.0,0.353,medium,3312.0,2.05,-0.371,0.736,0.575,-1.284,-0.931,0.175,2.037,-0.053
8383.0,Galatasaray University,TUR,6406.0,0.116,medium,558.0,-0.977,-0.296,-1.128,3.106,-1.183,-1.338,-1.413,-0.268,0.647
6194.0,Inland Norway University of Applied Sciences,NOR,6410.0,-0.007,low,2268.0,3.372,-0.324,-0.069,-0.499,-0.545,-0.221,-0.528,-0.268,-0.508
13841.0,Meharry Medical College,USA,6413.0,-0.369,very low,1061.0,-0.733,-0.465,-1.43,-0.201,0.727,2.167,-1.03,-0.268,-1.186
62182.0,Hawassa University,ETH,6413.0,0.158,medium,3195.0,0.436,0.361,-1.262,0.436,-0.724,1.18,0.139,-0.268,-0.553
59238.0,"California State University, Sacramento",USA,6417.0,0.252,medium,1977.0,1.237,-0.221,-0.338,-0.493,3.597,2.19,0.936,-0.268,-0.925
8761.0,University of Cumbria,GBR,6417.0,-0.342,very low,476.0,-0.017,-0.155,-0.508,-0.326,-0.534,1.023,-1.413,-0.268,-1.186
8317.0,"University of the West Indies, St. Augustine Campus",TTO,6420.0,0.256,medium,2530.0,-0.722,1.507,-0.325,-0.277,-0.576,2.971,-1.413,-0.268,-0.068
10988.0,St. Luke's International University,JPN,6420.0,-0.227,low,937.0,0.465,-0.681,-1.037,-0.434,0.465,2.474,-0.181,-0.268,-0.644
8425.0,"Suleyman Demirel University, Isparta",TUR,6425.0,-0.223,low,3749.0,-0.965,-0.306,-0.267,0.29,-0.812,2.085,-1.315,-0.268,0.307
97647.0,Van Lang University,VNM,6425.0,0.028,medium,2259.0,-1.01,0.333,0.05,1.12,-1.068,-1.695,-0.501,-0.268,0.364
97777.0,Noroff University College,NOR,6430.0,3.71,significant,472.0,3.413,6.86,-1.432,2.443,-1.195,-0.182,9.928,-0.268,-0.076
4449.0,Kyoto Sangyo University,JPN,6430.0,-0.026,low,923.0,0.364,-0.39,-0.666,-0.206,1.861,1.162,-1.413,-0.268,2.927
6945.0,Politehnica University of Timisoara,ROU,6430.0,-0.401,very low,3005.0,-0.722,-0.475,0.622,0.341,-1.167,-1.649,-1.3,-0.268,0.24
5687.0,Universidad de Sonora,MEX,6430.0,-0.055,low,2746.0,-1.046,-0.503,0.673,-0.07,2.401,1.744,0.412,-0.268,-0.818
840.0,Universidade Federal de Sergipe,BRA,6434.0,0.031,medium,4926.0,-0.106,0.089,-0.652,-0.089,-0.228,2.937,-0.175,-0.268,-0.518
80137.0,"Universidad de Puerto Rico, Rio Piedras",PRI,6434.0,-0.529,very low,972.0,-0.941,-0.447,-1.073,-0.33,0.098,0.829,-1.413,-0.268,-1.186
8114.0,Stockholm School of Economics,SWE,6436.0,-0.188,low,1081.0,2.09,-0.071,-1.55,-0.545,-0.503,-1.073,-0.988,-0.268,0.299
1426.0,Jinzhou Medical University,CHN,6436.0,0.132,medium,2923.0,-0.867,1.394,-1.262,0.902,-1.01,-1.724,-1.027,-0.268,-1.012
5963.0,Universite Ibn Tofail,MAR,6436.0,0.347,medium,6284.0,-0.478,-0.362,2.826,1.342,0.554,0.062,0.472,-0.268,0.851
13870.0,Midwestern University,USA,6436.0,-0.476,very low,2025.0,-0.459,-0.456,-0.964,-0.133,-0.741,0.399,-1.413,-0.268,-0.672
15385.0,Western Washington University,USA,6440.0,-0.452,very low,2010.0,-0.89,-0.165,-0.761,-0.545,-0.338,1.046,-1.413,-0.268,-0.664
2515.0,Bordeaux Sciences Agro,FRA,6442.0,-0.248,low,1951.0,0.4,-0.362,0.103,-0.438,-0.007,-0.227,-1.413,-0.268,1.663
92521.0,Faculte des Sciences Ben M'Sick,MAR,6444.0,0.141,medium,2485.0,-0.395,-0.39,2.122,1.199,-1.196,-1.532,0.783,-0.268,0.727
3590.0,Atma Jaya Yogyakarta University,IDN,6448.0,-0.052,low,551.0,0.575,-0.268,-0.02,1.635,-1.401,-2.055,-1.413,-0.268,-0.279
6445.0,Universidad Cesar Vallejo,PER,6448.0,1.462,significant,3011.0,-1.177,-0.043,3.002,7.488,-0.917,1.26,-0.82,-0.268,0.731
97016.0,Ostbayerische Technische Hochschule Regensburg,DEU,6451.0,-0.315,very low,742.0,-0.111,-0.221,1.288,-0.545,-0.55,-1.532,-1.413,-0.268,1.578
6289.0,Mirpur University of Science & Technology,PAK,6451.0,0.249,medium,1381.0,0.678,0.295,-0.472,2.027,-0.926,-2.389,-0.558,-0.268,-0.823
1710.0,Chinese Culture University,TWN,6453.0,-0.657,very low,1332.0,-1.069,-0.578,-1.31,-0.035,-1.219,-0.691,-1.413,-0.268,-0.808
8426.0,TOBB Economics and Technology University,TUR,6453.0,0.28,medium,1977.0,-0.248,-0.381,0.847,-0.308,4.383,2.087,1.235,-0.268,0.361
53261.0,University of Bisha,SAU,6456.0,0.755,medium,2455.0,2.177,0.277,-0.06,2.157,-0.887,-0.34,1.216,-0.268,-0.153
92151.0,National Institute of Technology Raipur,IND,6456.0,0.249,medium,4339.0,-1.454,1.704,0.471,0.586,-1.379,-1.915,-1.229,-0.268,1.139
6309.0,University of Karachi,PAK,6456.0,0.201,medium,4544.0,0.371,0.333,0.013,0.029,-1.032,1.151,0.877,-0.268,-0.18
71625.0,Tarim University,CHN,6456.0,-0.117,low,2286.0,1.434,0.108,-0.591,-0.111,-1.114,-0.112,-1.264,-0.268,-0.53
3664.0,Islamic University of Indonesia,IDN,6456.0,0.648,medium,2404.0,1.118,-0.249,-0.329,4.062,-1.169,-0.402,-0.512,-0.268,-0.562
76812.0,Ecole Normale Superieure Paris-Saclay,FRA,6467.0,0.194,medium,3461.0,5.402,-0.39,-0.003,-0.47,-0.328,-0.597,-1.413,-0.268,1.596
3961.0,Bushehr University of Medical Sciences,IRN,6467.0,0.623,medium,1381.0,-0.245,1.93,-0.936,0.211,-0.416,0.295,1.295,-0.268,-0.458
62586.0,National Research Nuclear University MEPhI,RUS,6471.0,1.505,significant,9370.0,2.11,2.334,0.64,0.358,2.336,1.085,1.127,0.868,2.396
62922.0,Information Engineering University,CHN,6471.0,-0.116,low,5326.0,-0.029,-0.259,0.015,0.926,-1.282,-0.694,-0.672,-0.268,-0.577
92010.0,University of Economics Ho Chi Minh City,VNM,6473.0,0.513,medium,2394.0,1.726,1.009,-0.756,0.677,-1.188,-0.225,0.554,-0.268,-0.346
92027.0,Islamic University of Madinah,SAU,6473.0,0.719,medium,1971.0,2.045,1.122,0.271,0.462,-1.105,-0.396,1.449,-0.268,0.59
1548.0,Shenyang University of Technology,CHN,6476.0,0.274,medium,7066.0,-0.571,0.342,1.414,-0.109,-1.27,-0.848,0.405,2.866,-0.833
68822.0,Karabuk University,TUR,6476.0,-0.412,very low,3040.0,-0.501,-0.4,0.221,0.09,-1.129,-0.531,-1.271,-0.268,-0.692
4135.0,Reichman University,ISR,6480.0,-0.195,low,1875.0,1.25,-0.277,-0.113,-0.518,-0.663,-0.389,-1.133,-0.268,1.3
8067.0,University of Colombo,LKA,6480.0,0.246,medium,3029.0,0.667,-0.268,-1.023,-0.028,2.799,4.323,0.211,-0.268,-0.679
436.0,Sher-e-Bangla Agricultural University,BGD,6480.0,0.18,medium,995.0,2.152,0.446,-1.254,-0.073,-1.059,-1.312,1.132,-0.268,-1.186
12595.0,"Vietnam National University, Hanoi",VNM,6480.0,0.524,medium,1796.0,0.982,0.756,-1.693,1.026,-0.441,3.294,-0.062,-0.268,-0.622
13403.0,DePaul University,USA,6486.0,0.032,medium,3221.0,-1.014,1.056,-0.504,-0.497,-0.813,-0.754,-0.134,-0.268,1.184
96284.0,National university of technology,PAK,6486.0,0.143,medium,667.0,0.682,0.014,-0.576,0.473,-0.782,-1.368,1.242,-0.268,0.309
2739.0,University of the Gambia,GMB,6486.0,0.199,medium,382.0,1.344,-0.569,-1.982,0.822,0.951,5.68,-1.413,-0.268,0.133
80157.0,Termez State University,UZB,6491.0,0.31,medium,294.0,-1.531,-0.371,4.289,1.587,-0.988,-1.399,-0.119,-0.268,4.007
3983.0,Ferdowsi University of Mashhad,IRN,6492.0,-0.236,low,10590.0,-0.709,0.502,0.067,-0.141,-1.266,-0.776,-1.303,-0.268,-0.642
90174.0,Ankara Yildirim Beyazit University,TUR,6492.0,-0.344,very low,4483.0,-0.889,-0.371,-0.867,-0.033,-0.426,-0.588,-0.591,-0.268,0.848
77080.0,Universite Rennes,FRA,6492.0,-0.411,very low,1901.0,-1.02,-0.118,-0.249,-0.38,-0.762,-0.221,-1.413,-0.043,0.188
3673.0,Universitas Islam Malang,IDN,6492.0,0.461,medium,344.0,-0.521,-0.052,0.885,3.859,-0.695,-0.507,-1.413,-0.268,-1.186
35891.0,San Francisco State University,USA,6492.0,-0.272,very low,3092.0,0.103,-0.165,-0.945,-0.478,-0.474,-0.393,-0.798,-0.268,1.193
4566.0,Rakuno Gakuen University,JPN,6499.0,-0.581,very low,645.0,-0.763,-0.418,-0.458,-0.545,-0.987,0.589,-1.413,-0.268,-1.186
8600.0,Vasyl Stefanyk Carpathian National University,UKR,6499.0,0.791,medium,1294.0,-1.124,-0.099,3.435,4.461,-0.913,-1.297,-1.413,-0.268,2.947
15075.0,Saint Joseph's University,USA,6503.0,-0.417,very low,1176.0,-1.042,-0.249,-1.371,-0.235,-0.41,1.162,-1.413,-0.268,0.158
1648.0,Yanan University,CHN,6503.0,-0.111,low,2826.0,1.315,-0.165,-1.002,0.305,-1.066,-0.64,-0.596,-0.268,-0.654
3739.0,University of Mataram,IDN,6503.0,0.29,medium,1292.0,-0.484,-0.108,0.37,2.164,-0.837,2.996,-1.413,-0.268,-0.411
59362.0,"University of Tennessee, Chattanooga",USA,6507.0,-0.398,very low,1771.0,-0.601,-0.202,-0.329,-0.398,-0.907,-0.618,-1.213,-0.268,0.861
13751.0,Lincoln Memorial University,USA,6507.0,-0.453,very low,495.0,-0.592,-0.334,-0.701,0.193,-0.763,-0.636,-1.413,-0.268,-1.186
90175.0,Istanbul Medeniyet University,TUR,6510.0,-0.301,very low,3161.0,-0.828,0.211,-1.401,-0.017,0.028,-0.375,-1.284,-0.268,-0.707
85761.0,Hunan Institute of Engineering,CHN,6510.0,-0.307,very low,1435.0,0.54,-0.7,-0.849,0.62,-1.282,-0.207,-1.413,-0.268,0.202
6031.0,Rotterdam University of Applied Sciences,NLD,6515.0,-0.348,very low,510.0,1.258,-0.259,-0.974,-0.341,-0.972,-1.07,-1.413,-0.268,-0.18
15415.0,Williams College,USA,6515.0,-0.204,low,1253.0,-0.562,-0.174,-0.928,-0.504,0.731,1.363,-1.413,-0.268,2.294
5638.0,Universidad Autonoma de Yucatan,MEX,6518.0,0.051,medium,2116.0,-0.447,0.399,0.386,-0.101,-0.69,-1.056,-1.413,2.526,-0.947
2901.0,Fachhochschule Munster,DEU,6518.0,-0.448,very low,722.0,0.11,-0.315,-0.266,-0.545,-0.93,-2.234,-1.413,-0.268,1.69
8961.0,Can Tho University,VNM,6524.0,0.244,medium,3887.0,0.287,-0.381,1.47,1.712,-0.864,1.857,-0.887,-0.268,-0.413
4470.0,Meijo University,JPN,6524.0,-0.228,low,1789.0,0.399,-0.437,1.621,-0.4,-0.614,-0.19,-0.966,-0.268,0.515
79106.0,Kazimierz Wielki University,POL,6524.0,-0.29,very low,1581.0,-1.038,-0.418,1.749,0.05,-0.894,-0.509,-1.156,-0.268,1.084
7925.0,Slovak University of Agriculture in Nitra,SVK,6530.0,0.834,medium,2382.0,0.427,-0.221,-0.163,0.266,-0.657,0.536,0.933,7.632,-0.766
5622.0,Universidad Autonoma de Coahuila,MEX,6530.0,-0.301,very low,1839.0,-1.054,-0.371,-0.176,-0.204,-1.031,-1.554,0.684,-0.268,1.054
6449.0,Universidad San Ignacio de Loyola,PER,6530.0,0.863,medium,2060.0,-0.209,2.033,0.741,1.179,-0.871,0.358,0.631,-0.268,-0.192
8385.0,Gaziantep University,TUR,6535.0,0.038,medium,3931.0,-1.259,-0.24,0.578,0.491,2.299,0.232,0.232,-0.268,-0.287
781.0,Universidade do Estado de Santa Catarina,BRA,6535.0,-0.196,low,3879.0,-0.463,-0.277,0.099,-0.155,-0.932,-0.696,-1.132,1.617,-0.143
8403.0,Kahramanmaras Sutcu Imam University,TUR,6542.0,-0.47,very low,2301.0,-1.399,-0.381,-0.753,0.386,-0.451,-0.531,-1.413,-0.268,-0.751
5773.0,Universidad Michoacana de San Nicolas de Hidalgo,MEX,6542.0,-0.088,low,3628.0,-0.685,-0.353,0.939,-0.214,0.633,0.158,-0.44,1.184,-0.63
3958.0,Baqiyatallah Medical Sciences University,IRN,6542.0,0.933,medium,3531.0,-1.071,0.587,-1.152,-0.072,-0.92,2.255,0.586,8.411,-0.615
6956.0,Universitatea Valahia din Targoviste,ROU,6542.0,-0.306,very low,561.0,-1.294,-0.315,-0.021,0.386,-0.925,0.511,-1.413,-0.268,0.607
4861.0,Daegu University,KOR,6547.0,-0.554,very low,1399.0,-1.525,-0.522,0.334,0.015,-1.019,-0.437,-1.413,-0.268,-0.466
6770.0,University of Bialystok,POL,6547.0,-0.004,low,2214.0,-1.253,-0.371,-0.789,-0.427,0.255,3.55,-1.413,3.325,-0.488
909.0,Medical University of Varna Prof Dr Paraskev Stoyano,BGR,6549.0,-0.137,low,1128.0,-1.274,-0.324,-1.597,0.242,0.407,4.591,-1.111,-0.268,0.153
1427.0,Jishou University,CHN,6549.0,-0.228,low,1983.0,0.786,-0.625,-0.072,0.166,-1.242,0.627,-0.315,-0.268,-1.186
2836.0,Deutsche Sporthochschule Koln,DEU,6549.0,-0.058,low,2020.0,0.875,-0.456,0.882,-0.545,-0.704,-0.698,1.113,-0.268,0.833
5620.0,Universidad Autonoma de Chihuahua,MEX,6549.0,-0.461,very low,1532.0,-0.972,-0.334,-0.445,-0.17,-0.862,-1.216,-0.676,-0.268,-0.187
2853.0,Hochschule Aalen,DEU,6549.0,-0.277,very low,802.0,-0.006,-0.315,1.881,-0.285,-0.856,-2.088,-0.971,-0.268,1.034
73481.0,Indian Institute of Technology Patna,IND,6549.0,-0.341,very low,4211.0,-1.342,-0.484,2.278,-0.223,-1.349,-1.646,0.45,-0.268,0.016
1192.0,Universidad Diego Portales,CHL,6549.0,0.171,medium,2883.0,1.721,-0.221,0.796,-0.382,0.157,1.286,-0.125,0.44,-0.043
6871.0,Universidade Lusofona de Humanidades e Tecnologias,PRT,6557.0,0.138,medium,3024.0,3.65,-0.4,0.174,-0.2,-0.678,-1.42,-0.068,0.407,-0.088
2176.0,University of West Bohemia,CZE,6557.0,-0.248,low,3391.0,-0.476,-0.259,0.651,-0.114,-0.592,-0.007,-1.216,0.143,0.101
1930.0,"Universidad del Norte, Barranquilla",COL,6557.0,-0.068,low,2468.0,0.085,-0.334,-0.044,0.259,-0.407,-0.533,-1.413,1.91,-0.572
3484.0,University of Kashmir,IND,6557.0,-0.237,low,5277.0,-1.173,-0.287,1.552,0.276,-1.097,-1.269,-0.396,-0.268,0.359
2434.0,Arba Minch University,ETH,6563.0,1.451,significant,2228.0,0.218,4.296,-1.443,1.213,-0.377,2.952,-1.413,-0.268,0.188
77741.0,Graphic Era University,IND,6563.0,0.768,medium,9094.0,0.764,-0.061,1.725,0.851,-1.198,-0.486,3.859,-0.268,3.568
2159.0,University of Ostrava,CZE,6567.0,-0.041,low,2668.0,0.569,-0.315,0.524,0.101,-0.391,1.139,-1.143,0.336,-0.138
8380.0,Eskisehir Osmangazi University,TUR,6569.0,-0.248,low,4784.0,-1.254,-0.014,0.005,0.317,-0.076,-0.254,-1.262,-0.268,-0.24
78656.0,Zewail City of Science and Technology,EGY,6575.0,0.7,medium,1265.0,5.105,-0.663,-0.406,1.395,1.862,-0.209,0.63,-0.268,0.205
1436.0,Lanzhou University of Technology,CHN,6575.0,0.001,medium,11925.0,-0.405,0.436,1.224,-0.129,-1.24,-0.684,0.278,-0.268,-0.6
96286.0,Lahore Garrison University,PAK,6575.0,0.27,medium,732.0,0.032,-0.644,-1.149,2.952,-1.069,1.162,-0.947,-0.268,0.876
2241.0,Universidad Central del Ecuador,ECU,6582.0,0.309,medium,1285.0,1.419,-0.343,-0.815,2.463,-0.664,0.41,-1.413,-0.268,-0.011
5633.0,Universidad Autonoma de San Luis Potosi,MEX,6582.0,-0.43,very low,3810.0,-0.736,-0.522,-0.315,-0.203,0.154,-0.003,-0.979,-0.268,-0.525
59415.0,"University of Alaska, Anchorage",USA,6582.0,0.138,medium,1446.0,0.081,-0.193,-0.174,-0.329,3.905,1.504,0.429,-0.268,-0.478
9924.0,"University of Wales, Trinity Saint David",GBR,6586.0,-0.319,very low,616.0,-0.125,-0.061,-1.086,0.048,-0.652,0.327,-1.413,-0.268,-1.186
76207.0,Universidade da Integracao Internacional da Lusofonia Afro-Brasileira,BRA,6586.0,-0.406,very low,769.0,-0.106,-0.24,2.127,-0.206,-0.927,-2.942,-1.413,-0.268,-0.53
6006.0,University of Namibia,NAM,6588.0,0.489,medium,1924.0,0.918,0.727,-0.317,0.622,1.173,2.833,-0.833,-0.268,-0.394
403.0,East West University,BGD,6588.0,-0.072,low,1034.0,-0.813,0.136,-0.796,0.364,-1.072,0.365,-0.157,-0.268,0.267
62061.0,University of the Philippines Los Banos,PHL,6588.0,-0.151,low,2542.0,0.442,-0.137,-0.217,0.051,-0.608,1.606,-1.274,-0.268,-0.987
78762.0,"Islamic Azad University, Urmia",IRN,6588.0,-0.429,very low,701.0,-0.777,-0.465,-0.917,0.796,-1.228,-2.601,-0.833,-0.268,-0.468
4735.0,University Mutah,JOR,6593.0,0.32,medium,2435.0,-0.207,-0.324,1.277,2.458,-1.122,0.364,-1.262,-0.268,1.477
4287.0,University of Fukui,JPN,6593.0,-0.114,low,2936.0,-0.462,0.042,0.387,-0.385,0.518,0.75,-1.297,-0.268,1.412
3765.0,Muhammadiyah University of Malang,IDN,6593.0,0.976,medium,1475.0,-0.202,1.441,2.175,3.847,-0.726,-1.476,-1.182,-0.268,-1.186
1176.0,Universidad de La Serena,CHL,6593.0,0.206,medium,1487.0,0.255,-0.371,0.394,-0.194,4.51,2.807,0.14,-0.268,-0.843
4052.0,Urmia University of Medical Sciences,IRN,6597.0,-0.25,low,2923.0,-0.978,-0.4,-1.455,0.473,-0.446,2.676,-1.269,-0.268,-0.235
6789.0,Lazarski University,POL,6597.0,-0.426,very low,483.0,-1.078,-0.39,-0.458,-0.113,-0.295,0.6,-1.413,-0.268,-0.058
9243.0,Shanghai Polytechnic University,CHN,6597.0,-0.327,very low,1649.0,0.02,-0.334,-1.138,0.215,-1.062,-1.503,-0.466,-0.268,-0.264
6238.0,Dow University of Health Sciences,PAK,6601.0,0.679,medium,3546.0,-1.374,0.568,-1.776,3.904,-0.922,3.174,-0.791,-0.268,-1.042
3785.0,Muhammadiyah University of Yogyakarta,IDN,6601.0,0.749,medium,2932.0,-0.354,-0.324,2.068,5.031,-1.285,-1.086,-0.746,-0.268,-0.165
3198.0,Corvinus University of Budapest,HUN,6604.0,0.124,medium,2334.0,1.035,0.032,0.101,-0.12,-0.818,1.014,-1.413,1.206,0.804
12829.0,The Royal College of Surgeons in Ireland – Medical University of Bahrain,BHR,6604.0,0.399,medium,669.0,3.587,-0.634,-2.015,0.001,0.595,4.135,1.803,-0.268,-1.186
15457.0,University of San Diego,USA,6609.0,-0.494,very low,1558.0,-0.337,-0.127,-0.967,-0.512,-0.731,-0.857,-1.413,-0.268,-0.483
97941.0,Jinzhong University,CHN,6610.0,-0.173,low,729.0,0.794,-0.709,-0.957,1.39,-1.201,-0.327,-1.413,-0.268,-0.503
3397.0,National Institute of Technology Karnataka,IND,6612.0,-0.216,low,5757.0,-1.433,0.089,0.743,0.516,-1.35,-1.378,-1.089,-0.268,0.65
4722.0,Princess Sumaya University of Technology,JOR,6612.0,0.174,medium,1457.0,-0.962,0.032,0.346,1.821,-1.268,-0.393,-0.549,-0.268,0.876
59417.0,"Texas A&M University, Kingsville",USA,6612.0,0.212,medium,1441.0,-0.432,0.22,-0.644,0.325,-0.862,0.294,1.409,-0.268,1.419
6921.0,University of Craiova,ROU,6615.0,0.391,medium,2569.0,-0.107,-0.268,1.168,0.492,-1.127,-1.073,-0.591,4.545,0.806
13394.0,Davidson College,USA,6619.0,-0.468,very low,652.0,-0.698,-0.184,-1.248,-0.545,0.237,0.88,-1.413,-0.268,-1.186
5571.0,Instituto Tecnologico de Tijuana,MEX,6619.0,0.785,medium,857.0,-1.318,-0.569,1.117,1.649,-1.372,-1.994,5.415,-0.268,7.114
631.0,University of East Sarajevo,BIH,6621.0,-0.053,low,940.0,-0.446,-0.343,0.042,0.4,-0.213,1.087,0.025,-0.268,-0.128
4348.0,Ibaraki University,JPN,6621.0,-0.034,low,2682.0,-0.575,-0.409,0.701,-0.156,0.826,0.707,-0.89,-0.268,3.627
5643.0,Universidad Autonoma del Estado de Morelos,MEX,6621.0,-0.174,low,2554.0,-0.596,0.521,0.009,-0.136,-0.897,-0.549,-1.244,-0.268,-0.399
10522.0,Applied Science Private University,JOR,6627.0,1.593,significant,3781.0,3.948,1.31,1.815,2.895,-0.804,-1.227,1.97,-0.268,1.34
61924.0,Escola Superior d'Administracio i Direccio d'Empreses,ESP,6627.0,-0.37,very low,703.0,1.033,-0.165,-1.62,-0.545,-0.676,0.549,-1.413,-0.268,-1.186
8730.0,The University of Bolton,GBR,6627.0,0.288,medium,1005.0,-0.187,1.31,-1.09,-0.13,-1.135,0.822,0.167,-0.268,0.394
4500.0,Nagoya Institute of Technology,JPN,6627.0,0.085,medium,4030.0,-0.563,0.596,1.639,-0.234,-0.901,-0.03,-0.879,-0.268,1.777
3010.0,Otto-Friedrich-Universitat Bamberg,DEU,6627.0,-0.421,very low,2420.0,-0.331,-0.071,0.327,-0.481,-0.919,-1.34,-1.413,-0.268,-0.108
9589.0,Estonian University of Life Sciences,EST,6632.0,-0.026,low,1966.0,1.406,-0.493,-0.597,-0.465,1.341,1.577,-0.199,-0.268,0.108
97051.0,Medizinische Hochschule Brandenburg Theodor Fontane,DEU,6632.0,-0.118,low,1984.0,1.427,-0.503,-0.329,-0.414,0.998,1.068,-0.672,-0.268,-0.399
297.0,Donau Universitat Krems,AUT,6638.0,-0.141,low,1304.0,1.477,-0.409,-0.803,-0.305,-0.265,1.466,-0.799,-0.268,-0.371
5851.0,University of Montenegro,MNE,6638.0,0.346,medium,2982.0,-0.442,-0.296,1.262,0.173,2.54,2.2,1.152,-0.268,1.116
8213.0,Burapha University,THA,6638.0,-0.411,very low,2408.0,-0.983,-0.287,-0.199,0.214,-1.048,-0.389,-1.228,-0.268,-0.769
81190.0,Suez University,EGY,6638.0,1.103,significant,2522.0,1.981,2.512,1.627,0.449,0.236,-0.481,0.236,-0.268,-0.083
1153.0,Universidad Adolfo Ibanez,CHL,6638.0,0.314,medium,2941.0,1.693,0.22,0.425,-0.492,-0.031,0.252,-0.075,1.157,0.729
2440.0,Mekelle University,ETH,6644.0,0.122,medium,2073.0,2.077,-0.212,-1.691,0.261,-0.113,3.396,-0.799,-0.268,-0.942
6665.0,Wroclaw University of Economics,POL,6644.0,-0.558,very low,1343.0,-1.075,-0.409,0.806,-0.351,-1.076,-1.224,-1.159,-0.268,-0.798
7955.0,"Central University of Technology, Free State",ZAF,6649.0,-0.467,very low,1197.0,-1.171,-0.277,-0.13,0.328,-1.157,-1.233,-1.413,-0.268,-0.766
1628.0,Xian Shiyou University,CHN,6649.0,0.066,medium,5637.0,-0.233,0.493,0.228,0.641,-1.233,-0.265,-1.218,-0.268,0.501
78772.0,Jadara University,JOR,6649.0,1.428,significant,1421.0,1.539,-0.277,5.352,5.998,-0.786,-2.7,0.277,-0.268,1.27
3263.0,Birla Institute of Technology,IND,6649.0,0.199,medium,4640.0,-1.284,1.066,0.249,0.558,-0.998,-0.574,-0.61,-0.268,1.002
6903.0,Ion Ionescu de la Brad University of Life Sciences of Iasi,ROU,6658.0,-0.367,very low,671.0,-0.767,0.145,0.078,0.155,-0.641,-2.182,-1.413,-0.268,-1.186
96489.0,Milli Savunma University,TUR,6658.0,0.89,medium,1359.0,3.973,-0.418,0.085,0.185,3.869,0.407,4.128,-0.268,-0.446
96318.0,University of Humanistic Studies,NLD,6658.0,-0.546,very low,472.0,-0.24,-0.155,0.069,-0.545,-0.835,-2.009,-1.413,-0.268,-1.186
84914.0,Universidad Senor de Sipan,PER,6663.0,-0.052,low,691.0,-0.653,-0.381,0.089,1.647,-0.909,-2.812,0.296,-0.268,-0.458
8354.0,Adnan Menderes University,TUR,6665.0,-0.369,very low,3164.0,-1.039,-0.118,-0.628,0.165,-0.05,-0.348,-1.413,-0.268,-0.868
8336.0,Universite de Tunis El Manar,TUN,6668.0,0.263,medium,12063.0,2.032,0.277,-0.046,0.468,-0.835,0.936,-1.235,-0.268,0.612
3721.0,Petra Christian University,IDN,6672.0,0.491,medium,528.0,0.017,-0.277,1.41,4.105,-1.309,-1.479,-1.413,-0.268,-0.23
66243.0,Faculdade de Medicina de Sao Jose do Rio Preto,BRA,6672.0,1.173,significant,859.0,0.208,3.667,-1.802,-0.241,1.313,4.367,-0.97,-0.268,0.597
4147.0,Libera Universita Internazionale degli Studi Sociali Guido Carli,ITA,6672.0,-0.349,very low,1827.0,0.716,-0.043,-0.718,-0.488,-1.255,-0.879,-1.413,-0.268,0.014
398.0,Daffodil International University,BGD,6672.0,0.896,medium,4177.0,3.463,0.192,0.089,2.143,-1.029,-0.971,1.967,-0.268,-0.212
10525.0,German Jordanian University,JOR,6672.0,1.386,significant,1452.0,-0.589,5.217,-0.151,0.534,-1.083,0.769,-1.178,-0.268,-1.186
98827.0,Rashtreeya Vidyalaya College of Engineering,IND,6679.0,0.21,medium,2187.0,-0.943,-0.212,-0.02,2.99,-1.368,-1.475,-1.053,-0.268,0.895
707.0,Universidade Nove de Julho,BRA,6686.0,0.122,medium,1571.0,1.122,-0.447,-0.307,0.785,-0.706,-0.73,-0.077,0.759,0.108
3897.0,Tadulako University,IDN,6687.0,0.634,medium,1457.0,-0.945,-0.362,1.654,4.869,-0.951,0.096,-1.413,-0.268,-0.16
59512.0,State University of Gorontalo,IDN,6687.0,0.923,medium,750.0,-0.729,0.051,1.684,5.445,-0.883,0.257,-1.413,-0.268,0.143
35793.0,Universidad San Jorge,ESP,6687.0,-0.498,very low,755.0,0.174,-0.475,-0.057,-0.476,-0.918,-0.022,-1.413,-0.268,-1.186
8421.0,Pamukkale University,TUR,6693.0,-0.437,very low,4089.0,-1.501,-0.315,-0.675,0.336,-0.195,-0.192,-1.33,-0.268,-0.94
4896.0,Hankyong National University,KOR,6693.0,-0.549,very low,1304.0,-1.464,-0.587,0.563,-0.185,-1.252,-0.084,-1.413,-0.268,0.347
7557.0,Pirogov Russian National Research Medical University,RUS,6698.0,0.388,medium,8487.0,-0.561,0.38,0.38,-0.391,-0.042,2.662,-0.625,1.125,4.156
62458.0,Noakhali Science and Technology University,BGD,6698.0,0.382,medium,1692.0,1.502,1.413,0.148,-0.144,-0.956,0.292,-0.661,-0.268,-0.888
2511.0,Ecole Nationale d'Ingenieurs de Metz,FRA,6698.0,-0.612,very low,754.0,-1.05,-0.54,0.236,-0.337,-1.111,-0.78,-1.413,-0.268,-0.523
4380.0,Kansai University,JPN,6698.0,-0.402,very low,2341.0,-0.686,-0.315,0.751,-0.345,-0.841,-1.399,-1.413,-0.268,1.447
9026.0,University of Zimbabwe,ZWE,6698.0,0.087,medium,2915.0,0.195,0.399,-0.267,-0.187,0.598,2.084,-0.666,-0.268,-0.833
92012.0,Industrial University of Ho Chi Minh City,VNM,6705.0,0.157,medium,2893.0,-0.395,-0.437,0.895,2.47,-1.292,-0.182,-1.295,-0.268,0.369
443.0,University of Asia Pacific,BGD,6710.0,0.061,medium,780.0,-0.419,-0.409,1.775,0.258,-0.965,2.061,0.521,-0.268,0.098
7736.0,Tomsk State University,RUS,6713.0,0.956,medium,8772.0,2.208,-0.296,1.523,-0.176,0.423,1.708,0.599,5.212,1.916
5202.0,"Technical University of Malaysia, Melaka",MYS,6713.0,0.561,medium,4938.0,-0.361,-0.108,1.094,1.74,-1.121,0.726,-0.868,2.149,2.381
1551.0,Shijiazhuang Tiedao University,CHN,6715.0,-0.281,very low,4211.0,-0.318,-0.371,-0.071,0.311,-1.234,-0.466,-0.668,-0.268,-0.356
91885.0,GLA University,IND,6715.0,1.11,significant,7624.0,-1.258,2.089,2.013,1.647,-1.187,0.265,1.85,-0.268,1.337
35923.0,Purdue University Northwest,USA,6718.0,0.677,medium,1339.0,-1.436,-0.268,0.214,-0.272,6.396,3.426,2.506,-0.268,4.591
70701.0,Mongolian National University of Medical Sciences,MNG,6718.0,-0.081,low,561.0,0.666,-0.55,-1.783,-0.173,1.239,6.135,-1.413,-0.268,-1.186
98379.0,University of Health and Rehabilitation Sciences,CHN,6718.0,-0.079,low,3937.0,-0.572,-0.155,-1.61,1.299,-0.704,0.055,-0.523,-0.268,-0.863
1937.0,Universidad Distrital Francisco Jose de Caldas,COL,6718.0,1.637,significant,1832.0,0.579,1.385,2.783,3.39,-1.109,0.711,0.499,2.783,0.766
6158.0,Obafemi Awolowo University,NGA,6718.0,-0.015,low,4522.0,-0.113,-0.024,-0.75,0.078,-0.037,2.745,-0.859,-0.268,0.048
3255.0,Bharathiar University,IND,6724.0,0.248,medium,4146.0,-0.581,0.371,-0.555,1.42,-1.284,0.649,-0.071,-0.268,0.091
83496.0,Hebei North University,CHN,6724.0,-0.245,low,1395.0,-0.315,-0.343,-0.975,1.215,-1.279,-0.268,-1.413,-0.268,-1.186
66997.0,Siberian Federal University,RUS,6727.0,1.445,significant,5927.0,1.146,-0.4,3.239,1.076,-0.917,0.554,-0.368,10.073,2.41
15412.0,William Paterson University,USA,6727.0,-0.55,very low,789.0,-1.147,-0.155,-0.989,-0.347,-0.878,-2.377,-0.548,-0.268,-0.505
94043.0,Istanbul University Cerrahpasa,TUR,6729.0,-0.23,low,9642.0,-0.863,-0.418,-0.522,0.078,0.488,0.576,-0.665,-0.268,0.647
6243.0,Ghulam Ishaq Khan Institute of Engineering Sciences and Technology,PAK,6729.0,-0.108,low,1634.0,-0.169,-0.268,0.525,0.03,-1.044,-0.791,0.731,-0.268,0.041
6669.0,Jan Dlugosz University,POL,6729.0,-0.393,very low,1136.0,0.492,-0.625,1.106,-0.315,-0.525,-1.427,-1.413,-0.268,0.384
69280.0,Al-Farabi Kazakh National University,KAZ,6735.0,0.543,medium,6264.0,0.898,0.361,0.364,1.673,-0.668,1.233,-0.892,-0.268,1.588
848.0,Universidade Federal do Maranhao,BRA,6735.0,-0.302,very low,4051.0,0.053,-0.334,0.903,-0.197,-0.46,-0.357,-1.238,-0.268,-0.438
9375.0,"Hochschule fur Technik, Wirtschaft und Kultur Leipzig",DEU,6735.0,-0.324,very low,548.0,-0.483,-0.259,0.281,0.122,-1.135,-0.92,-1.413,-0.268,0.684
1168.0,Universidad de Antofagasta,CHL,6741.0,0.033,medium,1821.0,0.271,0.342,0.081,-0.488,0.492,2.453,-0.779,-0.268,-0.91
8971.0,National Economics University,VNM,6745.0,1.684,significant,1296.0,-1.019,0.727,0.845,8.605,-1.026,-2.469,0.075,-0.268,-0.026
6441.0,Universidad Peruana Union,PER,6745.0,0.242,medium,790.0,-0.706,-0.343,1.965,2.166,-0.756,-1.276,0.082,-0.268,0.086
11189.0,L. N. Gumilov Eurasian National University,KAZ,6745.0,1.591,significant,3951.0,-0.156,2.38,2.223,4.387,-0.436,-0.716,-0.54,-0.268,0.846
6916.0,West University of Timisoara,ROU,6749.0,0.187,medium,2614.0,-0.643,-0.409,1.387,-0.086,3.187,1.889,0.956,-0.268,-0.021
3099.0,University for Development Studies,GHA,6751.0,-0.33,very low,2602.0,0.275,-0.249,-0.19,0.117,-1.0,-0.953,-1.413,-0.268,-0.607
59245.0,"California State Polytechnic University, Pomona",USA,6751.0,-0.423,very low,1728.0,-0.997,-0.174,-1.139,-0.303,-0.797,0.782,-1.413,-0.268,0.299
91518.0,Pingdingshan University,CHN,6755.0,0.479,medium,981.0,1.292,-0.249,-1.327,3.502,-1.228,0.312,-1.413,-0.268,0.086
91867.0,Wollo University,ETH,6755.0,-0.223,low,2237.0,-0.572,-0.353,-1.65,0.085,-0.457,2.945,-0.439,-0.268,-0.96
912.0,Medical University of Sofia,BGR,6755.0,0.383,medium,3248.0,3.307,-0.249,-1.015,-0.079,0.909,3.781,-1.413,1.288,-0.565
77701.0,JSS Academy of Higher Education and Research,IND,6759.0,0.502,medium,3987.0,-1.136,-0.212,-0.915,2.927,-0.488,3.548,0.278,-0.268,-0.297
8386.0,Gaziosmanpasa University,TUR,6759.0,0.048,medium,2766.0,-0.559,0.662,-0.308,0.229,-0.4,0.501,-0.668,-0.268,-0.734
4418.0,Konan University,JPN,6759.0,0.467,medium,994.0,-0.772,-0.371,0.464,-0.335,6.415,3.87,1.557,-0.268,1.126
6379.0,Universidad Nacional de Asuncion,PRY,6764.0,0.114,medium,1343.0,-0.396,-0.24,-1.033,-0.273,1.492,4.088,-0.114,-0.268,1.829
3701.0,Widya Mandala Catholic University of Surabaya,IDN,6764.0,0.278,medium,564.0,1.517,-0.456,-0.233,1.307,-1.057,0.468,0.843,-0.268,-0.304
12502.0,State University Kyiv Aviation Institute,UKR,6764.0,0.76,medium,2508.0,-1.176,0.136,6.25,2.683,-0.404,-1.955,-0.435,-0.268,3.518
6258.0,Iqra University,PAK,6767.0,0.146,medium,471.0,0.586,0.915,-1.508,0.12,-1.298,0.371,-0.577,-0.268,-0.106
80558.0,University of Social Sciences and Humanities,POL,6767.0,-0.2,low,1798.0,0.937,-0.306,-0.009,-0.516,-0.077,0.353,-1.413,-0.268,1.121
7954.0,Cape Peninsula University of Technology,ZAF,6767.0,-0.29,very low,2623.0,-0.552,-0.043,0.001,-0.127,-1.012,-0.184,-1.283,-0.268,0.361
80326.0,James Cook University Singapore,SGP,6771.0,-0.313,very low,633.0,0.303,-0.306,-0.351,-0.05,-0.787,0.844,-1.413,-0.268,-1.186
13436.0,Duquesne University,USA,6771.0,-0.411,very low,2075.0,-0.606,-0.043,-1.07,-0.495,-0.219,-0.092,-1.223,-0.268,-0.416
92846.0,Kingdom University,BHR,6771.0,0.531,medium,353.0,-1.156,-0.324,-0.545,5.374,-0.988,-1.955,-1.413,-0.268,0.23
785.0,Universidade do Extremo Sul Catarinense,BRA,6771.0,-0.356,very low,932.0,1.335,-0.569,-0.54,-0.209,0.006,-1.734,-1.047,-0.268,-0.639
8738.0,The University of Northampton,GBR,6776.0,-0.224,low,1211.0,-0.663,-0.184,-1.4,-0.157,-0.619,2.001,-1.413,-0.268,1.958
92200.0,Al Mustaqbal University,IRQ,6776.0,3.387,significant,4278.0,-0.897,9.096,0.29,2.556,-0.816,0.554,2.184,-0.268,0.868
77600.0,Jiangsu Teachers University of Technology,CHN,6776.0,-0.305,very low,2599.0,0.498,-0.428,-0.227,0.299,-1.205,-0.317,-1.413,-0.268,-0.61
4252.0,Asahikawa Medical University,JPN,6776.0,-0.355,very low,1346.0,-0.668,-0.587,-1.148,-0.196,0.998,1.408,-1.16,-0.268,0.143
1661.0,Yunnan University of Traditional Chinese Medicine,CHN,6783.0,0.247,medium,1891.0,-0.044,1.347,-0.825,0.864,-1.067,-0.074,-1.413,-0.268,-1.186
68917.0,"Curtin University, Malaysia",MYS,6783.0,-0.069,low,1595.0,-0.732,-0.212,-1.161,0.961,-0.96,0.581,-0.409,-0.268,0.406
6678.0,Maritime University of Szczecin,POL,6783.0,-0.609,very low,548.0,-1.76,-0.775,0.792,-0.164,-0.958,0.446,-1.413,-0.268,-0.277
6940.0,Ovidius University,ROU,6783.0,0.84,medium,1632.0,-1.101,-0.418,0.163,1.055,-0.449,1.469,-1.413,9.286,0.359
15523.0,University of North Florida,USA,6789.0,-0.166,low,2395.0,-0.514,0.465,-0.989,-0.393,-0.894,0.363,-0.564,-0.268,-0.327
1777.0,"Soochow University, Taipei",TWN,6789.0,-0.483,very low,1090.0,-1.278,-0.512,-1.083,0.125,-1.178,-0.752,0.104,-0.268,-1.186
3085.0,Universitat Trier,DEU,6795.0,-0.298,very low,2617.0,-0.42,-0.202,0.472,-0.506,-0.529,-0.736,-0.24,-0.268,-0.083
80387.0,Sodertorn University,SWE,6795.0,-0.35,very low,1438.0,0.622,-0.061,-0.727,-0.473,-0.996,-0.818,-1.413,-0.268,-0.078
745.0,Universidade Catolica de Brasilia,BRA,6795.0,0.018,medium,1054.0,3.008,-0.456,-0.343,-0.099,-0.249,-1.56,0.429,-0.268,-0.699
92604.0,University of Information Technology and Communications,IRQ,6795.0,0.217,medium,606.0,0.192,-0.296,-0.948,4.282,-0.8,-5.105,-1.413,-0.268,-1.186
7976.0,University of Limpopo,ZAF,6795.0,0.705,medium,2835.0,0.688,-0.306,0.672,0.8,-1.024,-0.537,0.484,-0.268,11.806
80709.0,Jilin Institute of Chemical Technology,CHN,6803.0,-0.217,low,1341.0,0.473,-0.127,-0.91,0.701,-1.274,-0.585,-1.413,-0.268,-1.186
3743.0,Mercu Buana University,IDN,6805.0,1.647,significant,1173.0,-0.944,-0.127,3.376,8.763,-0.552,-1.367,-0.451,-0.268,0.515
97031.0,Hang Seng University of Hong Kong,HKG,6805.0,0.07,medium,958.0,0.558,0.483,-0.526,-0.218,-1.35,0.613,0.08,-0.268,-0.108
77732.0,Fujian University of Technology,CHN,6805.0,0.36,medium,3893.0,0.877,0.812,-0.228,1.253,-1.257,-1.042,-0.54,-0.268,-0.287
2693.0,Universite de Toulon,FRA,6805.0,0.201,medium,3658.0,4.934,-0.437,-0.081,-0.36,0.298,0.479,-1.413,-0.268,0.885
1943.0,Universidad ICESI,COL,6810.0,0.006,medium,1545.0,-0.195,-0.381,-1.791,0.368,0.438,4.893,-1.413,0.567,-0.53
799.0,Universidade Estacio de Sa,BRA,6810.0,0.319,medium,720.0,2.336,-0.259,-1.927,1.341,-0.018,3.331,-1.413,-0.268,-0.118
91912.0,Sharda University,IND,6815.0,0.385,medium,4998.0,-0.536,0.427,-0.472,0.803,-1.022,0.287,1.545,-0.268,1.655
8655.0,British University in Dubai,ARE,6816.0,0.245,medium,835.0,0.087,-0.315,0.087,2.145,-1.052,-2.289,1.195,-0.268,-0.562
13443.0,Texas A&M University-Commerce,USA,6816.0,-0.491,very low,1127.0,-1.152,-0.221,-0.585,-0.221,-0.647,-0.709,-1.052,-0.268,-0.721
10355.0,University of Isfahan,IRN,6816.0,-0.376,very low,5643.0,-0.963,-0.212,-0.445,-0.175,-1.229,0.463,-1.067,0.094,-0.476
98618.0,Indian Institute of Technology Palakkad,IND,6819.0,-0.363,very low,1396.0,-1.023,-0.418,2.386,-0.471,-1.314,-2.458,-0.652,-0.268,2.4
5814.0,Al Ain University,ARE,6821.0,1.051,medium,3246.0,0.924,0.521,-0.662,2.786,-1.012,2.259,2.322,-0.268,0.205
10689.0,Japan Advanced Institute of Science and Technology,JPN,6825.0,-0.114,low,3099.0,0.768,-0.146,0.459,-0.225,-1.048,-0.62,-0.867,-0.268,1.439
73483.0,"Indian Institute of Technology, Bhubaneswar",IND,6825.0,0.35,medium,3114.0,-0.372,1.019,0.903,-0.277,2.038,-0.698,0.462,-0.268,0.113
2691.0,Universite du Littoral Cote d'Opale,FRA,6825.0,-0.019,low,2206.0,2.13,-0.146,0.372,-0.285,-0.388,-0.123,-1.413,-0.268,0.881
1240.0,Beijing Union University,CHN,6829.0,-0.143,low,2024.0,-0.365,-0.306,-1.391,1.623,-1.233,-0.936,-1.244,-0.268,-0.192
2709.0,Universite Paris Nanterre,FRA,6829.0,-0.324,very low,3841.0,-0.456,-0.099,-0.506,-0.505,-0.554,0.821,-1.222,-0.268,0.262
3900.0,Universitas Tanjungpura,IDN,6829.0,0.524,medium,1051.0,-0.414,-0.184,2.804,2.338,-0.13,1.607,-1.413,-0.268,2.135
80324.0,Zhytomyr Polytechnic State University,UKR,6829.0,1.125,significant,608.0,0.432,0.22,3.373,5.125,-0.882,-1.426,-0.183,-0.268,-0.359
3797.0,State University of Makassar,IDN,6834.0,0.845,medium,1131.0,-0.934,-0.212,0.29,6.198,-0.757,-0.627,-1.413,-0.268,-0.304
5567.0,Instituto Tecnologico de Sonora,MEX,6834.0,-0.282,very low,854.0,-1.068,-0.371,-0.386,0.739,-1.117,-0.705,-0.752,-0.268,0.006
4591.0,Seikei University,JPN,6839.0,0.62,medium,696.0,-0.895,-0.353,0.602,1.106,-0.913,0.719,-1.413,-0.268,14.839
98162.0,"Shiv Nadar University, Greater Noida",IND,6839.0,-0.328,very low,2381.0,-0.454,-0.127,0.017,-0.282,-1.197,-0.506,-0.504,-0.268,-0.538
8391.0,Inonu University,TUR,6839.0,0.002,medium,3559.0,-1.39,-0.456,0.792,0.937,-0.33,0.364,0.003,-0.268,1.506
12875.0,Universidade Federal de Campina Grande,BRA,6842.0,0.13,medium,4656.0,-0.425,-0.306,2.495,0.195,-0.561,-0.862,-0.514,2.041,0.376
12460.0,National Taipei College of Nursing,TWN,6842.0,-0.386,very low,1498.0,1.574,-0.578,-1.525,-0.022,-1.125,-0.12,-1.413,-0.268,-1.186
11219.0,Universite Saint-Joseph,LBN,6842.0,-0.212,low,2696.0,-0.197,-0.418,-0.672,-0.158,0.049,1.109,-0.873,-0.268,1.099
4898.0,Hannam University,KOR,6842.0,1.819,significant,1071.0,-1.56,7.02,-0.938,0.333,-1.265,-0.711,-1.07,-0.268,1.643
15214.0,Swarthmore College,USA,6842.0,-0.241,low,1102.0,-0.513,-0.165,-1.045,-0.545,1.287,1.344,-0.972,-0.268,0.277
3436.0,Sanjay Gandhi Postgraduate Institute of Medical Sciences,IND,6842.0,-0.106,low,3039.0,-1.023,-0.343,-0.94,-0.287,0.085,2.952,1.208,-0.268,-0.846
3622.0,Dian Nuswantoro University,IDN,6851.0,0.438,medium,781.0,-1.044,-0.08,1.023,3.602,-1.152,-1.554,-0.472,-0.268,0.088
2745.0,Abu Dhabi University,ARE,6851.0,0.321,medium,2418.0,0.972,-0.296,-0.759,0.967,-0.738,1.189,1.371,-0.268,0.488
15518.0,University of New Haven,USA,6851.0,-0.338,very low,1042.0,-0.114,-0.277,-1.297,-0.345,-0.865,-0.317,-0.645,-0.268,0.826
6839.0,Egas Moniz Cooperativa de Ensino Superior,PRT,6851.0,0.044,medium,956.0,3.817,-0.691,-1.283,-0.49,-0.156,2.513,-0.535,-0.268,-0.113
6211.0,Norwegian School of Economics,NOR,6851.0,-0.295,very low,1045.0,1.699,-0.052,-1.314,-0.545,-1.006,-0.903,-1.413,-0.268,-0.215
199.0,Universidad Nacional del Sur,ARG,6851.0,-0.252,low,3020.0,-1.088,0.38,0.863,-0.424,-0.854,-0.262,-1.413,-0.09,-0.185
8571.0,Taras Shevchenko National University of Kyiv,UKR,6858.0,0.326,medium,9077.0,-0.667,-0.033,2.677,1.578,-0.489,0.55,-1.309,-0.268,2.15
78815.0,"Islamic Azad University, Ardabil Branch",IRN,6858.0,1.066,medium,596.0,-0.529,4.259,-0.432,0.331,-1.279,0.924,-1.413,-0.268,-0.346
9414.0,Hochschule Karlsruhe - Technik und Wirtschaft,DEU,6858.0,0.17,medium,761.0,2.736,-0.334,1.508,-0.408,-0.954,-1.203,-0.361,-0.268,3.476
4532.0,Ochanomizu University,JPN,6858.0,0.522,medium,1600.0,-0.368,-0.287,1.836,-0.48,5.595,4.005,2.072,-0.268,-0.232
8434.0,Zonguldak Bulent Ecevit University,TUR,6858.0,-0.458,very low,2370.0,-1.248,-0.296,-0.358,0.38,-0.612,-1.637,-1.413,-0.268,-0.446
72015.0,Universidade de Caxias do Sul,BRA,6864.0,-0.384,very low,1301.0,-0.186,-0.428,-1.2,-0.103,-0.822,1.848,-1.413,-0.268,-0.798
91982.0,Acibadem University,TUR,6864.0,-0.264,very low,2889.0,-0.894,0.314,-1.224,-0.292,0.742,0.471,-1.413,-0.268,-0.833
8068.0,University of Jaffna,LKA,6864.0,-0.153,low,842.0,0.323,-0.381,0.441,0.509,-0.766,-1.247,-0.977,-0.268,0.597
7983.0,University of Zululand,ZAF,6864.0,-0.031,low,1822.0,0.215,-0.268,-0.047,0.659,1.131,0.501,-1.413,-0.268,-0.292
8552.0,Interregional Academy of Personnel Management,UKR,6870.0,2.432,significant,1010.0,-0.987,0.23,6.972,11.816,-0.92,-1.289,-1.413,-0.268,0.565
1306.0,Dongbei University of Finance and Economics,CHN,6873.0,-0.495,very low,2045.0,-0.722,-0.127,-0.577,0.042,-1.365,-2.185,-1.246,-0.268,-0.697
3256.0,Bharathidasan University,IND,6873.0,0.287,medium,4848.0,-0.715,0.342,0.761,1.814,-1.271,-0.489,-0.934,-0.268,1.263
1351.0,Harbin Normal University,CHN,6873.0,0.434,medium,2869.0,-0.213,1.648,-0.356,0.438,-1.13,0.113,0.018,-0.268,-0.662
4301.0,Gakushuin University,JPN,6873.0,-0.585,very low,709.0,-0.313,-0.381,-0.57,-0.545,-1.093,-1.12,-1.413,-0.268,-0.461
59312.0,"University of North Carolina, Wilmington",USA,6878.0,-0.464,very low,2543.0,-1.082,-0.184,-0.822,-0.463,-0.15,0.551,-1.413,-0.268,-0.374
4538.0,Okayama University of Science,JPN,6878.0,0.023,medium,1529.0,-0.554,-0.484,0.65,-0.033,-0.051,0.384,-0.89,-0.268,5.93
95303.0,Altinbas University,TUR,6881.0,0.235,medium,1387.0,-0.387,0.493,-0.927,1.451,-1.156,-0.532,-0.741,-0.268,1.352
5188.0,University of Kuala Lumpur,MYS,6881.0,0.279,medium,3676.0,-0.37,-0.202,-0.685,2.908,-1.077,-0.559,-1.056,-0.268,0.871
83558.0,Universita degli Studi di Enna Kore,ITA,6883.0,-0.233,low,2077.0,-0.679,-0.493,0.64,-0.243,0.879,-1.555,0.956,-0.268,-0.697
59397.0,"University of Missouri, Saint Louis",USA,6883.0,-0.229,low,2856.0,1.518,-0.174,-0.918,-0.472,-0.134,0.004,-1.413,-0.268,-0.264
94644.0,"Touro University, California",USA,6883.0,0.348,medium,629.0,0.595,0.803,-1.091,-0.047,-0.822,1.889,-1.413,-0.268,4.524
5965.0,Universite Mohammed Premier Oujda,MAR,6883.0,0.65,medium,4877.0,-0.998,-0.165,2.73,2.347,1.646,0.581,0.855,-0.268,0.468
1952.0,Universidad Nacional Abierta y a Distancia,COL,6883.0,0.397,medium,534.0,1.447,-0.268,-1.615,2.487,0.009,1.902,-1.413,-0.268,-0.225
98682.0,Muthayammal Engineering College,IND,6888.0,0.293,medium,785.0,-1.733,0.202,4.88,0.719,-1.37,-1.122,1.328,-0.268,0.729
1731.0,Ming Hsin University of Science and Technology,TWN,6892.0,-0.417,very low,505.0,-0.171,-0.456,-0.574,-0.028,-1.209,-0.852,-1.413,-0.268,0.841
8414.0,Mugla University,TUR,6892.0,-0.019,low,3267.0,-0.708,0.681,-0.184,0.27,-0.591,-0.116,-0.991,-0.268,-0.724
4534.0,Oita University,JPN,6892.0,0.096,medium,2588.0,-0.607,0.352,-0.304,0.323,1.404,1.022,-0.977,-0.268,0.096
9207.0,Huanghe Science and Technology University,CHN,6892.0,0.228,medium,560.0,1.161,0.079,-1.352,2.067,-1.184,0.578,-1.413,-0.268,-1.186
92032.0,Homi Bhabha National Institute,IND,6892.0,0.331,medium,12281.0,-1.081,1.113,1.424,0.425,0.062,0.1,-0.089,-0.268,-0.468
6172.0,University of Ilorin,NGA,6898.0,0.287,medium,4642.0,0.769,0.089,1.809,0.445,-0.616,0.691,0.105,-0.268,0.339
9190.0,Fujian University of Traditional Chinese Medicine,CHN,6898.0,-0.316,very low,1808.0,0.514,-0.653,-1.033,1.073,-1.199,-1.757,-0.999,-0.268,-1.186
8529.0,Kryvyi Rih National University,UKR,6898.0,0.317,medium,554.0,0.698,-0.324,6.538,1.529,-0.875,-1.253,-1.413,-0.268,-0.282
13210.0,Campbell University,USA,6903.0,-0.468,very low,752.0,-0.566,-0.287,-1.612,-0.198,-0.529,0.979,-1.413,-0.268,-1.186
3439.0,Sathyabama Institute of Science and Technology,IND,6903.0,0.754,medium,6319.0,-1.255,1.939,-0.216,2.224,-1.332,-0.066,-1.07,-0.268,1.352
77071.0,Ecole Nationale Superieure des Mines de Saint-Etienne,FRA,6907.0,0.224,medium,2410.0,2.283,0.361,-0.452,-0.437,-0.373,0.224,-1.244,-0.268,3.133
4985.0,Semyung University,KOR,6907.0,-0.282,very low,767.0,-1.682,-0.606,-0.887,1.021,-0.958,0.395,-1.413,-0.268,2.088
4009.0,Mazandaran University of Medical Sciences,IRN,6907.0,1.488,significant,5186.0,-0.809,-0.259,-1.096,0.452,-0.474,3.14,0.732,14.392,-0.699
13772.0,Loyola Marymount University,USA,6907.0,-0.455,very low,1198.0,-1.203,-0.043,-1.402,-0.458,-0.813,1.253,-1.413,-0.268,-0.279
26314.0,Jawaharlal Institute of Postgraduate Medical Education and Research,IND,6907.0,-0.379,very low,3436.0,-1.57,-0.456,-1.735,0.032,-0.609,2.699,-0.386,-0.268,-0.885
3310.0,Guru Gobind Singh Indraprastha University,IND,6914.0,-0.033,low,3114.0,-0.083,-0.193,-0.509,1.686,-1.315,-0.522,-1.413,-0.268,-0.371
15340.0,Washington and Lee University,USA,6914.0,-0.516,very low,560.0,-0.891,-0.071,-1.441,-0.545,-0.881,0.01,-1.413,-0.268,-0.247
6011.0,Tribhuvan University,NPL,6914.0,0.115,medium,6332.0,-0.542,-0.165,-0.42,1.286,-0.442,2.149,-0.52,-0.268,-0.486
97164.0,Istinye University,TUR,6919.0,0.587,medium,4158.0,2.3,-0.268,0.481,-0.018,2.284,-1.376,3.847,-0.268,0.277
6756.0,Academy of Physical Education in Katowice,POL,6921.0,-0.302,very low,885.0,0.628,-0.55,2.379,0.045,-1.154,-1.431,-1.413,-0.268,-0.615
2682.0,Universite de Technologie de Troyes,FRA,6921.0,-0.453,very low,1249.0,0.262,-0.428,-0.6,-0.127,-1.051,-1.54,-1.413,-0.268,0.036
90177.0,Hasan Kalyoncu University,TUR,6921.0,-0.609,very low,994.0,-1.137,-0.39,-0.983,0.19,-0.741,-2.047,-1.413,-0.268,-1.186
68393.0,Institut de Hautes Etudes Internationales et du Developpement,CHE,6925.0,-0.419,very low,1309.0,0.205,0.014,-1.131,-0.465,-0.919,-0.401,-1.413,-0.268,-1.186
15170.0,Southern Illinois University School of Medicine,USA,6925.0,-0.483,very low,1357.0,-1.119,-0.418,-1.535,-0.276,0.245,0.881,-1.413,-0.268,-0.046
1744.0,National Formosa University,TWN,6928.0,-0.522,very low,1409.0,-1.048,-0.522,-0.469,-0.063,-1.229,-0.532,-1.413,-0.268,0.637
69285.0,National Center for Theoretical Sciences,TWN,6928.0,0.496,medium,1146.0,8.332,0.079,-0.4,-0.545,-0.32,-0.21,-1.413,-0.268,-0.749
8713.0,Southampton Solent University,GBR,6931.0,-0.494,very low,643.0,-0.682,-0.137,-1.162,-0.139,-1.136,-0.292,-1.413,-0.268,-1.186
92479.0,Ecole Nationale des Sciences Appliquees de Kenitra,MAR,6931.0,-0.064,low,885.0,-1.292,-0.315,1.333,1.049,-1.346,0.163,-1.413,-0.268,2.209
1257.0,Central University of Finance and Economics,CHN,6933.0,-0.253,low,3779.0,-0.992,0.615,-1.285,-0.062,-1.285,-0.916,-1.413,0.186,-0.587
77604.0,Hefei Normal University,CHN,6933.0,-0.055,low,1232.0,2.035,-0.475,-1.211,0.854,-0.908,0.933,-1.413,-0.268,-1.186
8070.0,University of Peradeniya,LKA,6933.0,0.125,medium,3345.0,0.712,0.587,-1.139,-0.202,-0.378,3.687,-1.197,-0.268,-0.883
201.0,Universidad Tecnologica Nacional,ARG,6933.0,-0.017,low,2020.0,1.233,-0.353,0.105,-0.209,0.57,1.098,-0.77,-0.268,0.443
4002.0,Kerman University of Medical Sciences,IRN,6940.0,-0.034,low,5950.0,-0.067,-0.052,-0.603,0.087,-0.785,1.477,0.267,-0.268,-0.679
98291.0,Bangladesh University of Business and Technology,BGD,6940.0,0.473,medium,515.0,-0.761,1.61,1.049,1.382,-1.212,-1.174,-0.572,-0.268,-1.186
96983.0,University of Health and Allied Sciences,GHA,6942.0,0.013,medium,1705.0,0.443,-0.738,-1.491,0.527,0.621,5.154,-0.582,-0.268,-0.89
2601.0,EDHEC Business School,FRA,6942.0,-0.261,low,640.0,-1.028,-0.033,-1.605,-0.382,-1.021,-1.093,0.37,-0.268,2.083
2018.0,Universite de Kinshasa,COD,6942.0,0.402,medium,1437.0,1.467,0.972,-0.712,-0.291,1.471,2.811,-1.413,-0.268,0.227
94170.0,Ross University School of Veterinary Medicine,KNA,6946.0,-0.206,low,556.0,3.362,-0.587,-0.412,-0.451,-0.658,0.104,-1.413,-0.268,-1.186
2708.0,"Universite Pantheon Sorbonne, Paris",FRA,6947.0,-0.349,very low,5016.0,-0.451,-0.033,-0.725,-0.452,-0.588,0.625,-1.413,-0.268,-0.014
7934.0,Constantine the Philosopher University in Nitra,SVK,6947.0,0.796,medium,1757.0,-0.236,0.643,1.198,0.852,-0.848,0.911,-1.413,5.791,-0.895
4734.0,Jerash Private University,JOR,6949.0,1.477,significant,540.0,-0.857,2.193,0.079,5.259,-0.277,0.889,-1.413,-0.268,-0.262
3352.0,Kannur University,IND,6949.0,-0.124,low,567.0,-0.771,0.267,0.269,1.205,-1.23,-1.86,-1.413,-0.268,-1.186
1959.0,Universidad Santiago de Cali,COL,6949.0,0.02,medium,769.0,0.755,-0.475,-0.908,1.425,-1.148,2.648,-1.413,-0.268,-1.186
6324.0,Al-Quds University,PSE,6952.0,0.039,medium,1071.0,-0.242,-0.559,-1.246,1.991,0.594,1.204,-1.082,-0.268,-1.186
2284.0,Al-Ahram Canadian University,EGY,6952.0,-0.249,low,749.0,1.491,-0.7,0.138,-0.196,-1.012,-1.634,0.286,-0.268,-0.508
1938.0,Universidad EAFIT,COL,6952.0,0.073,medium,1553.0,0.762,-0.296,0.142,0.161,-1.026,0.123,-0.703,1.393,0.448
80584.0,National Chin-Yi University of Technology,TWN,6956.0,0.262,medium,2313.0,1.688,0.23,0.018,0.335,-1.338,-0.419,0.765,-0.268,-0.101
6439.0,Universidad Peruana de Ciencias Aplicadas,PER,6956.0,1.887,significant,2940.0,-1.199,3.902,0.53,4.696,-0.815,0.222,-0.646,-0.268,-0.163
2727.0,Universite Vincennes-Saint-Denis - Paris,FRA,6956.0,-0.182,low,3550.0,0.044,0.192,0.045,-0.457,-0.751,-0.064,-1.099,-0.268,0.451
2612.0,INSEAD,FRA,6956.0,-0.598,very low,800.0,-0.501,-0.165,-1.561,-0.545,-0.551,-1.136,-1.413,-0.268,-1.186
92001.0,Heriot-Watt University Malaysia,MYS,6956.0,-0.325,very low,626.0,-0.611,-0.39,-0.32,0.873,-1.129,-1.243,-1.413,-0.268,-0.384
1640.0,Xinjiang Medical University,CHN,6964.0,-0.284,very low,6283.0,-1.25,-0.428,-1.134,0.818,-0.056,1.111,-1.204,-0.268,-0.861
4069.0,University of Mosul,IRQ,6964.0,1.591,significant,5974.0,-1.266,2.071,4.915,5.007,-1.271,-1.354,-0.668,-0.268,1.484
6394.0,Universidad Cientifica del Sur,PER,6968.0,0.154,medium,2926.0,1.724,-0.296,0.104,0.133,0.085,0.591,0.524,-0.268,-0.409
2230.0,Escuela Superior Politecnica del Litoral,ECU,6968.0,0.225,medium,2662.0,1.462,0.183,1.328,0.829,-0.79,-0.667,-1.009,-0.268,-0.148
91981.0,Iskenderun Technical University,TUR,6968.0,-0.39,very low,1194.0,-0.405,-0.578,-0.43,0.067,-1.015,-0.543,-1.094,-0.268,0.915
8373.0,Dicle University,TUR,6968.0,-0.243,low,2852.0,-1.447,-0.306,0.112,0.92,-0.098,-0.371,-1.215,-0.268,-0.481
911.0,Medical University - Plovdiv,BGR,6968.0,0.008,medium,1721.0,0.763,-0.381,0.429,0.062,0.151,1.49,-0.277,-0.268,-0.302
2383.0,Sinai University,EGY,6975.0,0.102,medium,768.0,2.938,-0.447,2.678,0.951,-1.306,-3.042,-0.781,-0.268,-1.186
94678.0,"Dr APJ Abdul Kalam Technical University, Lucknow",IND,6977.0,0.232,medium,1549.0,2.196,-0.371,-1.091,1.815,-1.244,-1.037,-0.668,-0.268,0.466
13101.0,Ball State University,USA,6980.0,0.15,medium,2472.0,-1.03,1.798,-1.181,-0.44,-0.242,0.681,-1.275,-0.268,-0.135
6667.0,Poznan University of Economics and Business,POL,6980.0,-0.424,very low,1429.0,-0.613,-0.315,-0.454,0.04,-1.112,-1.183,-1.413,-0.268,0.592
6734.0,Opole University of Technology,POL,6980.0,0.314,medium,2201.0,0.227,0.615,0.418,0.428,-0.904,-0.573,1.144,-0.268,-0.269
93090.0,Rabdan Academy,ARE,6985.0,-0.256,low,770.0,0.395,-0.493,0.647,0.676,-1.086,-1.724,-0.885,-0.268,-1.186
14067.0,Pepperdine University,USA,6985.0,-0.504,very low,962.0,-1.192,-0.108,-1.283,-0.219,-0.947,-0.483,-1.413,-0.268,-0.088
12211.0,Dalarna University,SWE,6985.0,0.251,medium,1566.0,4.091,-0.381,-1.65,-0.412,-0.207,2.755,-0.818,-0.268,2.053
92444.0,Horus University,EGY,6985.0,0.678,medium,933.0,4.131,0.465,2.914,0.462,-1.01,-0.685,0.049,-0.268,-0.115
4638.0,Tamagawa University,JPN,6985.0,-0.351,very low,447.0,0.156,-0.334,0.834,-0.195,-0.858,-3.444,-1.413,-0.268,2.289
2994.0,Katholische Universitat Eichstatt-Ingolstadt,DEU,6993.0,-0.476,very low,1078.0,-0.229,-0.118,-0.103,-0.545,-0.838,-0.68,-1.413,-0.268,-1.186
3285.0,Dibrugarh University,IND,6993.0,0.111,medium,1710.0,-1.551,-0.127,0.536,2.235,-0.634,0.323,-1.413,-0.268,0.284
77629.0,Yulin Normal University,CHN,6993.0,0.193,medium,1294.0,1.541,-0.587,0.31,1.917,-0.988,-1.57,-0.866,-0.268,1.139
8819.0,University of Worcester,GBR,6998.0,-0.199,low,1123.0,0.052,0.305,-0.793,-0.359,-0.255,0.646,-1.413,-0.268,-0.712
4684.0,Tokyo Dental College,JPN,6998.0,-0.465,very low,1221.0,-0.979,-0.578,-0.205,-0.075,0.607,0.581,-1.413,-0.268,-1.186
85354.0,Chuzhou University,CHN,6998.0,0.133,medium,1515.0,2.691,0.211,-0.683,0.489,-1.257,-0.448,-1.413,-0.268,-0.197
673.0,Centro Universitario de Maringa,BRA,6998.0,-0.029,low,584.0,0.953,-0.287,-0.92,-0.098,-0.902,1.624,-0.762,0.836,-0.322
10786.0,Kyoto Prefectural University,JPN,7005.0,0.305,medium,679.0,-0.08,1.62,-0.669,-0.469,-0.257,0.922,-1.413,-0.268,1.792
80122.0,"Royal Melbourne Institute of Technology, Viet Nam",VNM,7005.0,-0.437,very low,1015.0,-0.856,-0.052,-0.802,0.021,-0.875,-2.077,-1.413,-0.268,0.327
5177.0,INTI International University & Colleges,MYS,7009.0,0.897,medium,2561.0,0.904,-0.118,0.763,3.391,-0.908,-2.093,2.983,-0.268,0.086
5172.0,Asia Pacific University of Technology and Innovation,MYS,7009.0,1.342,significant,1467.0,-1.36,1.263,2.4,4.262,-1.252,-1.217,1.816,-0.268,1.904
2499.0,Ecole des Hautes Etudes en Sciences Sociales,FRA,7009.0,-0.302,very low,4318.0,0.107,-0.033,-0.665,-0.497,-0.816,0.399,-1.191,-0.268,-0.073
96280.0,National University of Medical Sciences,PAK,7009.0,-0.275,very low,3154.0,-1.397,-0.071,-1.779,-0.247,-1.062,5.671,-1.28,-0.268,-1.027
6687.0,University of National Education Commission,POL,7014.0,-0.315,very low,1938.0,-1.068,-0.315,0.216,0.263,-0.699,-0.142,-1.413,-0.268,0.667
2690.0,Universite du Havre,FRA,7014.0,-0.239,low,1572.0,0.127,0.333,-0.329,-0.279,-0.999,-1.004,-1.413,-0.268,-0.21
13052.0,Appalachian State University,USA,7014.0,-0.442,very low,2705.0,-0.872,-0.146,-0.948,-0.371,-0.746,-0.656,-1.146,-0.229,0.361
95822.0,Hanoi University of Industry,VNM,7020.0,-0.07,low,1410.0,-0.774,-0.249,2.47,1.677,-1.246,-2.622,-1.413,-0.268,-0.299
67801.0,Cheongju University,KOR,7020.0,-0.274,very low,902.0,-1.371,-0.343,-1.195,1.308,-1.132,-0.136,-1.413,-0.268,-0.078
5828.0,Nicolae Testemitanu State University of Medicine and Pharmacy,MDA,7020.0,-0.153,low,698.0,-1.345,-0.287,-1.56,-0.096,1.278,5.077,-1.413,-0.268,0.302
845.0,Universidade Federal do Amazonas,BRA,7020.0,-0.209,low,3885.0,0.207,-0.362,0.251,0.073,0.018,0.917,-1.413,-0.268,-0.538
8274.0,Ramkhamhaeng University,THA,7020.0,-0.213,low,663.0,-0.961,-0.475,0.031,1.425,-0.778,-0.637,-1.413,-0.268,-0.433
1890.0,Universidad Antonio Narino,COL,7025.0,0.854,medium,1121.0,-0.201,-0.437,1.676,0.014,9.082,3.505,3.76,-0.268,-1.186
96287.0,University of Sahiwal,PAK,7025.0,-0.498,very low,562.0,-0.339,-0.7,-1.108,0.57,-0.537,-2.615,-0.689,-0.268,-1.186
68786.0,"Presidency University, Kolkata",IND,7025.0,0.502,medium,1699.0,-1.034,2.024,-0.373,-0.146,-0.415,-0.9,1.529,-0.268,-0.282
8544.0,Danylo Halytsky Lviv National Medical University,UKR,7025.0,0.031,medium,1813.0,-0.857,-0.08,1.151,0.982,-0.852,2.426,-1.21,-0.268,-0.888
8376.0,Dumlupinar University,TUR,7025.0,0.903,medium,1421.0,-0.993,3.367,0.058,0.337,-1.162,-0.797,0.877,-0.268,-0.823
15230.0,Texas Christian University,USA,7025.0,-0.488,very low,2773.0,-0.896,-0.221,-0.938,-0.376,-0.832,0.806,-1.413,-0.268,-0.813
4249.0,Aoyama Gakuin University,JPN,7025.0,0.11,medium,1580.0,-0.682,-0.287,0.182,-0.38,2.164,2.659,0.065,-0.268,2.204
4864.0,Daejin University,KOR,7032.0,-0.483,very low,462.0,-1.125,-0.437,-1.445,1.151,-1.296,-3.186,-1.413,-0.268,-0.103
94140.0,College of Medicine and Medical Sciences,BHR,7032.0,0.02,medium,620.0,0.328,-0.456,-0.735,-0.124,-0.304,1.701,1.613,-0.268,-0.366
76280.0,"Instituto Federal de Educacao, Ciencia e Tecnologia de Santa Catarina",BRA,7032.0,-0.331,very low,769.0,0.917,-0.324,-0.849,-0.206,-0.99,0.049,-1.413,-0.268,-0.533
84961.0,Gautam Buddha University,IND,7032.0,0.889,medium,1059.0,-0.814,3.808,-1.075,0.737,-1.332,-0.903,-1.413,-0.268,0.292
2960.0,Hochschule fur Technik und Wirtschaft Dresden,DEU,7032.0,-0.473,very low,490.0,-1.267,-0.277,0.311,0.094,-0.955,-0.44,-1.413,-0.268,-1.186
454.0,"University of the West Indies, Cave Hill Campus",BRB,7040.0,-0.27,very low,790.0,-0.8,-0.277,-1.479,-0.281,0.781,4.229,-1.413,-0.268,-1.186
3371.0,Maharshi Dayanand University,IND,7040.0,0.026,medium,3605.0,-1.197,-0.437,2.604,1.31,-1.212,-1.325,0.41,-0.268,-0.061
8433.0,Yuzuncu Yil University,TUR,7040.0,-0.023,low,4209.0,-1.166,-0.353,0.971,0.572,-0.836,-0.56,-1.051,1.75,0.724
8416.0,Nigde Omer Halisdemir University,TUR,7040.0,-0.369,very low,2304.0,-0.901,-0.23,-0.506,0.362,-0.874,-0.587,-1.413,-0.268,-0.312
1071.0,Nipissing University,CAN,7048.0,-0.438,very low,701.0,-0.812,-0.277,0.836,-0.322,-0.57,-1.803,-0.833,-0.268,-0.451
11664.0,University of Wah,PAK,7048.0,0.398,medium,940.0,0.325,1.648,-1.143,0.955,-0.962,0.265,-1.413,-0.268,-1.186
91882.0,Universite TELUQ,CAN,7048.0,-0.389,very low,466.0,-0.676,-0.202,-0.788,-0.321,-0.88,-1.044,-1.413,-0.268,2.147
8208.0,Asian Institute of Technology,THA,7051.0,-0.391,very low,2473.0,-0.232,-0.447,-0.734,-0.102,-0.871,-0.596,-0.585,-0.268,-0.364
1904.0,Universidad Cooperativa de Colombia,COL,7051.0,4.733,significant,1251.0,0.998,15.078,0.247,1.459,-0.799,0.653,-1.413,-0.268,-0.381
91964.0,Tel-Hai College,ISR,7055.0,-0.379,very low,1221.0,0.72,-0.381,0.481,-0.503,-1.003,-0.906,-1.413,-0.268,0.073
6273.0,National College of Business Administration and Economics,PAK,7055.0,0.437,medium,724.0,-0.085,0.634,-0.688,2.413,-1.133,0.202,-0.942,-0.268,-0.498
1737.0,National Chengchi University,TWN,7060.0,-0.328,very low,2837.0,-0.551,-0.146,-0.77,-0.361,-1.144,-0.263,-1.413,0.527,0.813
5200.0,Islamic Science University of Malaysia,MYS,7060.0,-0.056,low,1982.0,-0.505,-0.221,-0.621,1.853,-0.837,-0.952,-1.413,-0.268,-0.426
13113.0,Barnard College,USA,7060.0,-0.328,very low,1220.0,-0.149,-0.193,-1.141,-0.503,1.246,-0.084,-0.693,-0.268,-1.186
98115.0,Capital University of Physical Education and Sports,CHN,7060.0,-0.147,low,407.0,-0.355,-0.09,-0.9,1.508,-1.282,-0.996,-1.413,-0.268,-1.186
83760.0,Xuzhou University of Technology,CHN,7060.0,-0.15,low,2263.0,0.766,-0.644,-0.833,0.748,-1.165,-1.241,-0.625,-0.268,1.36
1730.0,Ming Chuan University,TWN,7060.0,0.158,medium,1351.0,-0.016,1.479,-0.887,0.499,-1.257,-0.985,-1.413,-0.268,-1.186
77595.0,GH Raisoni College of Engineering,IND,7060.0,0.527,medium,1584.0,-1.126,-0.221,5.755,2.324,-1.309,-2.091,-1.148,-0.268,5.299
3335.0,International Institute for Population Sciences,IND,7072.0,0.628,medium,1213.0,-1.406,2.409,-0.602,-0.244,-0.46,3.646,0.307,-0.268,-0.766
1188.0,Universidad del Bio-Bio,CHL,7072.0,-0.066,low,2459.0,0.951,-0.428,0.089,0.262,-0.927,-0.135,-1.274,0.781,0.252
73495.0,Mackay Junior College of Medicine Nursing and Management,TWN,7072.0,-0.038,low,762.0,6.288,-0.709,-1.423,-0.408,-1.082,-0.389,-1.413,-0.268,-1.186
6827.0,Instituto Politecnico de Leiria,PRT,7077.0,0.033,medium,2538.0,3.577,-0.4,-0.33,0.052,-0.846,-1.332,-0.534,-0.268,-0.18
4067.0,University of Basrah,IRQ,7077.0,1.006,medium,5203.0,-0.414,-0.165,3.451,5.66,-1.308,-0.097,-1.257,-0.268,0.302
822.0,Universidade Federal de Alagoas,BRA,7077.0,-0.254,low,4400.0,0.125,-0.381,0.553,-0.023,-0.468,0.145,-1.07,-0.268,-0.5
7619.0,St Petersburg Pavlov State Medical University,RUS,7081.0,0.122,medium,3613.0,-0.331,0.164,-0.132,-0.517,0.03,3.684,-0.672,-0.268,2.492
3862.0,Sanata Dharma University,IDN,7081.0,0.093,medium,547.0,0.41,-0.259,1.379,1.747,-1.09,-1.053,-1.413,-0.268,-0.269
3412.0,Osmania University,IND,7084.0,0.114,medium,3544.0,-0.996,0.474,0.613,1.224,-1.216,-1.123,-1.172,-0.268,1.146
8685.0,Leeds Trinity University,GBR,7084.0,-0.383,very low,462.0,-0.152,-0.155,-1.499,-0.545,-1.138,1.824,-1.413,-0.268,-0.058
73272.0,Port Said University,EGY,7086.0,0.231,medium,2912.0,3.114,-0.296,1.164,0.334,-1.109,-0.887,-0.125,-0.268,0.456
15124.0,Seton Hall University,USA,7086.0,-0.419,very low,1296.0,-0.016,-0.118,-1.118,-0.465,-0.989,0.443,-1.413,-0.268,-0.759
79045.0,University West,SWE,7086.0,-0.32,very low,1177.0,1.186,-0.324,0.064,-0.457,-0.204,-1.598,-1.413,-0.268,0.111
6264.0,Kohat University of Science and Technology,PAK,7090.0,0.055,medium,1644.0,-0.248,-0.221,-0.445,1.679,-0.751,-0.532,-0.551,-0.268,-0.421
5964.0,Universite Ibn Zohr,MAR,7090.0,-0.077,low,4454.0,-0.187,-0.362,2.147,0.569,-1.036,-1.249,-0.441,-0.268,0.284
13763.0,Long Island University,USA,7090.0,-0.436,very low,1041.0,0.02,-0.343,-1.221,-0.194,-0.771,0.621,-1.413,-0.268,-1.186
77738.0,Shaanxi University of Technology,CHN,7093.0,-0.155,low,2129.0,1.159,-0.381,-0.539,0.093,-1.07,1.247,-1.413,-0.268,0.225
3379.0,Malaviya National Institute of Technology,IND,7093.0,0.594,medium,5864.0,-0.923,2.352,0.835,0.149,-0.987,-1.305,-0.024,-0.268,1.059
96930.0,Adama Science and Technology University,ETH,7093.0,-0.187,low,1915.0,-0.478,-0.249,0.13,0.3,-1.173,-0.976,-0.55,-0.268,1.166
6241.0,Foundation University Islamabad,PAK,7093.0,0.13,medium,1172.0,-1.306,-0.193,-2.038,1.461,0.691,5.764,-1.088,-0.268,-1.186
8275.0,Rangsit University,THA,7093.0,0.237,medium,1480.0,-1.28,0.652,1.145,1.466,-0.859,-0.377,-1.183,-0.268,0.508
4692.0,Toyo University,JPN,7098.0,-0.141,low,1780.0,-0.34,-0.362,0.115,-0.311,-0.501,1.025,-1.413,-0.268,3.993
6304.0,University of Education,PAK,7098.0,-0.139,low,3753.0,-0.697,0.07,-0.058,0.276,-0.948,0.041,-0.242,-0.268,-0.918
5745.0,Universidad Juarez del Estado de Durango,MEX,7098.0,-0.528,very low,821.0,-0.717,-0.39,0.039,-0.227,-0.75,-0.609,-1.413,-0.268,-1.186
70986.0,Thiruvalluvar University,IND,7098.0,0.369,medium,825.0,-0.541,1.892,-0.605,0.658,-1.283,-0.31,-1.413,-0.268,0.031
8353.0,Abant Izzet Baysal University,TUR,7103.0,-0.49,very low,2839.0,-1.186,-0.306,-0.282,-0.122,-0.58,-1.207,-0.748,-0.268,-1.007
8406.0,Kirikkale University,TUR,7105.0,-0.337,very low,2278.0,-1.428,-0.061,-0.592,0.395,-0.74,-0.544,-1.079,-0.268,-0.523
92344.0,University of Hafr Al-Batin,SAU,7105.0,-0.382,very low,1907.0,-0.387,-0.475,-0.491,0.386,-0.739,-0.307,-1.413,-0.268,-0.659
4995.0,Seoul Womens University,KOR,7107.0,-0.716,very low,685.0,-1.409,-0.569,-0.726,-0.164,-1.33,-1.56,-1.413,-0.268,-0.446
6952.0,Gheorghe Asachi Technical University of Iasi,ROU,7107.0,0.42,medium,3457.0,-1.077,0.342,0.823,2.28,-1.155,-0.603,-0.392,-0.268,1.631
7929.0,Technical University in Zvolen,SVK,7107.0,0.469,medium,1385.0,-0.602,-0.475,1.38,-0.357,0.72,0.239,-1.157,7.652,-0.463
8392.0,Istanbul Bilgi University,TUR,7107.0,0.643,medium,1706.0,1.335,-0.287,-0.414,-0.27,7.039,2.255,2.463,-0.268,-0.279
15542.0,University of Central Arkansas,USA,7107.0,-0.501,very low,768.0,-1.373,-0.174,-1.141,-0.341,-1.053,1.185,-1.413,-0.268,-0.495
80512.0,KTO Karatay University,TUR,7116.0,0.34,medium,754.0,-0.718,-0.447,1.13,-0.13,5.683,1.021,2.328,-0.268,-0.523
81051.0,Izmir Katip Celebi University,TUR,7116.0,-0.421,very low,3621.0,-0.624,-0.277,-0.985,0.104,-0.489,-1.242,-1.304,-0.268,-0.063
6453.0,Universidad Ricardo Palma,PER,7116.0,0.288,medium,1101.0,0.18,-0.071,1.48,1.779,-0.916,0.014,-0.078,-0.268,-1.186
4625.0,Soka University,JPN,7122.0,0.146,medium,654.0,-0.453,1.46,0.793,-0.385,-0.733,0.317,-1.413,-0.268,-0.406
97909.0,World Maritime University,SWE,7122.0,-0.465,very low,439.0,-0.662,-0.174,-0.326,-0.307,-0.903,0.078,-1.413,-0.268,-1.186
80416.0,Sultan Zainal Abidin University,MYS,7122.0,1.441,significant,3296.0,-0.013,2.334,-0.416,3.575,-0.502,2.326,-0.482,-0.268,0.64
3523.0,University of Swat,PAK,7125.0,0.01,medium,1036.0,0.198,-0.493,-0.816,0.614,0.052,4.343,-1.021,-0.268,-0.699
4060.0,University of Anbar,IRQ,7125.0,1.543,significant,4576.0,-0.886,1.131,2.486,6.338,-1.279,-0.395,-0.587,-0.268,1.39
77067.0,Ecole Centrale de Lyon,FRA,7125.0,0.119,medium,4026.0,2.231,0.145,1.161,-0.416,-0.677,-0.982,-1.227,-0.268,2.199
10538.0,University of Petra,JOR,7125.0,0.384,medium,1232.0,-0.662,-0.353,1.266,1.999,-1.125,1.233,-0.21,-0.268,2.701
3949.0,Arak University of Medical Sciences,IRN,7125.0,0.807,medium,1839.0,-1.21,2.812,-1.825,0.449,0.051,4.402,-0.778,-0.268,-0.637
84959.0,Jilin Jianzhu University,CHN,7125.0,-0.301,very low,1708.0,0.322,-0.447,-0.908,0.495,-1.102,0.167,-1.413,-0.268,-0.749
627.0,University of Mostar,BIH,7125.0,-0.39,very low,643.0,0.426,-0.381,-0.287,-0.139,-0.532,-0.452,-1.413,-0.268,-1.186
4745.0,Kenyatta University,KEN,7133.0,-0.26,low,1464.0,-0.36,-0.127,-0.259,0.061,-0.688,0.156,-1.413,-0.268,0.2
8620.0,Horbachevsky Ternopil State Medical University,UKR,7133.0,1.297,significant,1380.0,-0.968,-0.043,4.915,3.656,-0.943,0.96,0.184,-0.268,8.741
1962.0,"Universidad Simon Bolivar, Barranquilla",COL,7133.0,2.405,significant,1124.0,0.717,5.517,-1.066,3.824,-0.343,1.471,-1.413,0.88,-0.736
97740.0,MCI The Entrepreneurial School,AUT,7137.0,-0.558,very low,454.0,0.401,-0.24,-1.102,-0.43,-0.973,-2.171,-1.413,-0.268,-1.186
1909.0,Universidad de Cartagena,COL,7139.0,0.33,medium,2043.0,0.716,-0.409,-1.249,1.372,-0.141,5.028,-0.013,-0.268,-0.935
8412.0,Mersin University,TUR,7139.0,-0.002,low,3797.0,-0.782,0.07,-0.447,0.074,0.741,0.372,-0.145,0.241,-0.056
994.0,Athabasca University,CAN,7143.0,-0.243,low,1136.0,-0.047,-0.193,-0.536,-0.407,-0.674,-1.994,-1.413,2.382,-0.714
59425.0,"Southern University, Baton Rouge",USA,7143.0,0.807,medium,693.0,-0.945,-0.221,-1.292,-0.168,9.495,5.047,2.43,-0.268,2.445
67396.0,Guangxi University of Science and Technology,CHN,7145.0,-0.293,very low,3050.0,1.199,-0.644,-0.15,0.174,-0.971,-0.37,-1.185,-0.268,-0.697
1878.0,Instituto Tecnologico Metropolitano,COL,7145.0,0.242,medium,1148.0,0.49,-0.362,0.436,2.549,-1.168,-1.052,-1.413,-0.268,0.985
8363.0,Baskent University,TUR,7149.0,0.117,medium,3832.0,-1.297,-0.014,-1.245,-0.055,-0.007,0.287,-0.585,4.053,-0.724
86156.0,North Minzu University,CHN,7152.0,0.607,medium,3295.0,0.314,1.779,2.677,0.136,-1.239,-1.563,0.534,-0.268,-0.123
6313.0,University of Sargodha,PAK,7152.0,0.507,medium,4808.0,-0.103,1.037,0.986,1.106,-0.719,-0.327,0.243,-0.268,-0.19
10642.0,University of Hyogo,JPN,7152.0,-0.289,very low,3005.0,-0.548,-0.428,0.39,-0.424,-0.375,1.154,-1.413,-0.268,1.775
1753.0,National Pingtung University,TWN,7152.0,-0.366,very low,742.0,-1.054,-0.475,-1.093,0.229,-0.714,-0.314,-1.413,-0.268,2.212
2227.0,Escuela Politecnica Nacional,ECU,7159.0,0.554,medium,2401.0,0.212,-0.493,0.954,1.826,3.058,1.768,0.603,-0.268,-0.14
609.0,Universidad Mayor de San Andres,BOL,7159.0,-0.032,low,721.0,1.603,-0.343,-1.275,-0.473,2.371,2.842,-1.413,-0.268,-0.476
91996.0,University of Phayao,THA,7161.0,0.197,medium,2289.0,-1.042,-0.362,2.043,0.687,-1.125,-0.232,0.507,-0.268,4.286
6240.0,"Federal Urdu University of Arts, Science and Technology",PAK,7163.0,0.009,medium,1094.0,-0.389,-0.447,-0.792,1.221,-1.09,0.193,0.278,-0.268,0.428
8101.0,Omdurman Islamic University,SDN,7163.0,0.354,medium,585.0,3.404,-0.465,-1.58,2.044,-0.695,0.854,-1.413,-0.268,-0.329
81052.0,Istanbul Aydin University,TUR,7163.0,0.248,medium,2246.0,0.38,-0.23,-0.644,0.292,2.707,1.753,0.591,-0.268,-0.041
3303.0,Govind Ballabh Pant University of Agriculture and Technology,IND,7167.0,-0.174,low,2274.0,-1.169,0.032,-0.343,-0.017,-1.081,1.899,-0.461,-0.268,-0.289
3387.0,Mohan Lal Sukhadia University,IND,7167.0,-0.508,very low,924.0,-1.423,-0.493,-0.065,0.416,-1.033,-0.922,-1.413,-0.268,-0.637
284.0,University of Notre Dame Australia,AUS,7169.0,0.165,medium,3543.0,4.092,0.155,-0.619,-0.427,-0.236,-0.113,-0.776,-0.268,-1.039
7949.0,University of Primorska,SVN,7169.0,0.155,medium,2425.0,0.691,-0.343,0.286,-0.114,-0.41,-0.454,-0.418,2.569,0.498
6340.0,Universidad de Panama,PAN,7169.0,0.881,medium,753.0,0.312,2.437,-0.938,0.981,0.501,3.443,-1.413,-0.268,-1.186
183.0,Universidad Nacional de Quilmes,ARG,7169.0,-0.27,very low,1051.0,1.571,-0.306,0.191,-0.545,-0.8,0.63,-1.413,-0.268,-1.186
3103.0,University of Mines and Technology,GHA,7169.0,-0.245,low,410.0,0.305,-0.052,-0.734,0.219,-1.282,-0.726,-1.413,-0.268,0.034
765.0,Universidade de Marilia,BRA,7169.0,0.03,medium,391.0,4.083,-0.371,0.947,-0.545,-0.283,-2.42,-0.474,-0.268,0.093
9016.0,Copperbelt University,ZMB,7176.0,-0.375,very low,668.0,0.528,-0.437,-1.313,-0.389,-0.238,0.958,-1.413,-0.268,-0.431
12239.0,University of Gavle,SWE,7176.0,0.001,medium,1591.0,1.823,0.38,-0.065,-0.283,-1.08,-0.942,-0.646,-0.268,-0.865
768.0,Universidade de Pernambuco,BRA,7176.0,-0.308,very low,3057.0,-0.01,-0.353,-0.245,0.036,-0.257,-0.23,-1.186,-0.268,-0.523
3239.0,Annamalai University,IND,7176.0,1.581,significant,5995.0,-1.328,2.042,0.137,5.781,-1.332,0.039,-1.1,-0.268,2.783
53689.0,Shifa Tameer-e-Millat University,PAK,7181.0,-0.08,low,970.0,0.297,0.042,-1.207,0.801,-0.8,0.902,-1.413,-0.268,-1.186
84905.0,Universite de Guyane,GUF,7181.0,-0.247,low,704.0,-0.267,-0.493,-0.421,-0.397,1.875,1.537,-0.929,-0.268,-0.456
2054.0,Instituto Tecnologico de Costa Rica,CRI,7184.0,-0.139,low,1033.0,1.05,-0.268,0.4,-0.09,-0.602,0.86,-1.413,-0.268,-0.215
2536.0,Ecole Nationale Superieure d'Ingenieurs de Caen et Centre de Recherche,FRA,7187.0,0.498,medium,2808.0,4.703,-0.616,0.74,-0.322,2.136,0.39,0.923,-0.268,0.967
5968.0,Universite Moulay Ismail,MAR,7187.0,0.025,medium,5316.0,0.045,-0.268,2.021,0.703,-1.186,-1.209,-0.436,-0.268,0.99
8065.0,Sabaragamuwa University of Sri Lanka,LKA,7187.0,-0.369,very low,721.0,-0.078,-0.174,-1.152,-0.328,-0.761,0.883,-1.413,-0.268,-0.481
4694.0,Toyohashi University of Technology,JPN,7187.0,-0.257,low,2280.0,-0.546,-0.409,1.064,-0.156,-1.018,-1.067,-0.458,-0.268,1.499
96905.0,University North,HRV,7187.0,0.042,medium,998.0,-0.113,-0.437,-1.854,0.083,1.008,5.624,-0.598,-0.268,0.322
90836.0,Tianjin Sino-German University of Applied Sciences,CHN,7187.0,-0.046,low,444.0,1.52,-0.306,-1.646,0.749,-1.346,1.305,-1.413,-0.268,-0.063
96193.0,Uttaranchal University,IND,7187.0,0.85,medium,4563.0,0.442,1.347,1.229,0.313,-0.848,-0.856,4.156,-0.268,-0.523
70809.0,Muhimbili University of Health and Allied Sciences,TZA,7195.0,-0.049,low,2048.0,0.777,0.004,-0.074,-0.316,1.065,1.39,-1.221,-0.268,-0.692
88968.0,Thu Dau Mot University,VNM,7195.0,0.047,medium,1656.0,-0.116,-0.484,-0.437,2.01,-1.254,-0.875,-0.668,-0.268,0.476
15490.0,University of West Florida,USA,7197.0,0.195,medium,1158.0,-0.825,1.789,-1.209,-0.094,-0.835,0.455,-1.413,-0.268,0.145
59265.0,"University of Wisconsin, Whitewater",USA,7197.0,-0.544,very low,786.0,-1.336,-0.014,-1.183,-0.279,-0.876,-1.052,-1.413,-0.268,-0.523
81087.0,Jozef Pilsudski University of Physical Education in Warsaw,POL,7200.0,-0.474,very low,773.0,-1.602,-0.362,-0.075,-0.343,-0.553,2.452,-1.413,-0.268,-1.186
15364.0,West Texas A&M University,USA,7200.0,-0.62,very low,564.0,-1.385,-0.202,-1.285,-0.082,-0.755,-1.506,-1.413,-0.268,-1.186
15260.0,Trinity University,USA,7203.0,-0.346,very low,829.0,-0.834,-0.118,-1.696,-0.482,0.298,3.329,-1.413,-0.268,-1.186
9059.0,Yerevan State Medical University,ARM,7203.0,0.211,medium,942.0,0.678,-0.409,-0.84,0.896,0.197,2.372,0.314,-0.268,-0.091
4749.0,Moi University,KEN,7203.0,-0.288,very low,1254.0,0.563,-0.447,-0.537,-0.129,1.077,-0.079,-1.413,-0.268,-0.784
97821.0,Paris School of Business,FRA,7203.0,-0.36,very low,524.0,1.414,-0.324,-1.833,-0.246,-1.169,0.448,-1.413,-0.268,-1.186
828.0,Universidade Federal de Mato Grosso,BRA,7203.0,-0.057,low,4088.0,0.033,0.577,0.239,-0.226,-0.498,0.785,-1.413,-0.268,-0.938
81064.0,Erzurum Technical University,TUR,7209.0,-0.523,very low,1095.0,-0.813,-0.578,0.647,0.027,-1.068,-1.879,-1.413,-0.268,0.185
4743.0,Jomo Kenyatta University of Agriculture and Technology,KEN,7209.0,-0.065,low,1954.0,0.186,0.511,-0.586,0.203,-0.693,-0.647,-1.205,-0.268,-0.672
8714.0,"St Mary's University, Twickenham",GBR,7209.0,-0.414,very low,834.0,0.928,-0.212,-0.416,-0.483,-0.877,-1.743,-1.413,-0.268,-0.535
4001.0,Kashan University of Medical Sciences and Health Services,IRN,7209.0,0.62,medium,2481.0,-0.484,1.629,-1.193,0.802,-0.784,1.711,1.088,-0.268,-0.982
8415.0,Mustafa Kemal University,TUR,7209.0,-0.32,very low,2143.0,-1.181,-0.287,-0.181,0.503,-0.529,0.004,-1.07,-0.268,-0.95
831.0,Universidade Federal de Ouro Preto,BRA,7214.0,-0.241,low,3851.0,-0.187,-0.409,0.243,-0.206,-0.663,-0.669,-1.321,1.547,-0.528
96804.0,Shandong Technology and Business University,CHN,7214.0,-0.164,low,1759.0,-0.763,0.126,-0.672,0.167,-1.318,0.217,0.012,-0.268,-0.903
91311.0,Changsha Medical University,CHN,7214.0,-0.282,very low,841.0,0.95,-0.634,-0.304,0.573,-1.083,-0.097,-1.413,-0.268,-1.186
858.0,Universidade Federal Rural do Rio de Janeiro,BRA,7214.0,-0.173,low,3689.0,-0.274,-0.249,0.601,0.021,-0.92,-0.156,-0.744,0.752,-1.049
3217.0,Szechenyi Istvan University,HUN,7214.0,0.33,medium,2408.0,2.452,-0.315,1.492,0.778,-1.149,-0.13,-0.263,-0.268,1.323
467.0,Belarusian State University,BLR,7219.0,0.474,medium,3529.0,-0.529,0.699,0.581,-0.249,2.259,3.667,-0.019,-0.268,1.41
91967.0,National Taichung University of Science and Technology,TWN,7219.0,-0.501,very low,1237.0,-0.626,-0.381,-0.48,-0.123,-1.362,-0.818,-1.413,-0.268,0.039
6044.0,Open University Netherlands,NLD,7219.0,0.21,medium,2223.0,3.28,0.54,-0.425,-0.475,-0.877,-0.039,-1.012,-0.268,0.205
14015.0,Occidental College,USA,7225.0,-0.496,very low,630.0,-0.857,-0.221,-1.28,-0.545,0.757,-0.497,-1.413,-0.268,-0.322
92441.0,Badr University in Cairo,EGY,7225.0,1.32,significant,1340.0,5.267,0.962,3.912,2.496,-1.038,-2.022,0.026,-0.268,-0.25
73484.0,"Indian Institute of Technology, Ropar",IND,7225.0,-0.474,very low,3991.0,-0.595,-0.531,0.971,-0.427,-1.139,-1.249,-1.104,-0.268,0.776
3248.0,Babasaheb Bhimrao Ambedkar University,IND,7225.0,0.199,medium,2214.0,0.209,-0.071,0.756,1.696,-1.269,-0.844,-0.092,-0.268,-0.716
78703.0,Institute of Space Technology,PAK,7230.0,-0.218,low,1375.0,-0.211,-0.362,0.12,0.29,-0.995,0.22,-0.821,-0.268,-0.093
91911.0,Sultan Ageng Tirtayasa University,IDN,7230.0,0.928,medium,1109.0,-0.612,-0.137,0.863,6.144,-0.919,-0.27,-1.413,-0.268,-0.287
13629.0,Idaho State University,USA,7235.0,-0.201,low,2166.0,-0.807,-0.277,-0.004,-0.521,0.269,1.027,-0.171,-0.268,0.933
92945.0,University of Buraimi,OMN,7235.0,0.299,medium,348.0,-0.536,-0.014,7.168,2.157,-1.261,-4.297,-1.413,-0.268,0.262
80692.0,Changshu Institute of Technology,CHN,7235.0,-0.286,very low,2763.0,1.152,-0.54,-0.573,0.192,-1.137,-0.741,-1.413,-0.268,0.262
14087.0,Ponce Health Sciences University,PRI,7240.0,-0.38,very low,443.0,-0.221,-0.522,-1.031,-0.074,-0.085,1.929,-1.413,-0.268,-1.186
96783.0,PLA Space Engineering University,CHN,7240.0,-0.457,very low,1953.0,-1.374,-0.39,0.639,-0.197,-1.301,-0.679,-0.99,-0.268,0.597
13282.0,Clark Atlanta University,USA,7244.0,0.515,medium,616.0,-1.443,-0.184,0.413,-0.545,8.847,1.087,3.507,-0.268,-0.359
1165.0,Universidad Catolica del Norte,CHL,7244.0,-0.083,low,3494.0,1.769,-0.437,0.698,-0.247,-0.025,-0.166,-1.068,0.255,-0.466
1012.0,Thompson Rivers University,CAN,7246.0,-0.443,very low,1040.0,-0.903,-0.23,-1.061,-0.445,-0.56,0.777,-1.413,-0.268,0.314
96234.0,Gokaraju Rangaraju Institute of Engineering & Technology,IND,7250.0,-0.068,low,3066.0,-1.425,-0.569,2.942,0.75,-1.393,-1.257,-0.091,-0.268,2.324
5730.0,"Universidad Iberoamericana, Mexico",MEX,7250.0,0.905,medium,1411.0,-1.014,1.188,0.589,-0.175,6.394,3.427,2.148,-0.268,-0.461
5975.0,Universidade Eduardo Mondlane,MOZ,7258.0,0.095,medium,1498.0,1.65,-0.465,-1.418,-0.336,1.776,3.948,-0.353,-0.268,-0.334
1164.0,Universidad Catolica del Maule,CHL,7258.0,0.346,medium,3259.0,1.852,0.493,1.111,0.352,-0.552,-0.947,0.089,-0.268,-0.411
3068.0,Universitat Hildesheim,DEU,7258.0,-0.368,very low,1088.0,-0.669,-0.118,0.27,-0.449,-0.441,0.727,-1.413,-0.268,-0.707
96517.0,Thuy Loi University,VNM,7258.0,-0.105,low,1389.0,-0.101,-0.465,0.433,1.561,-1.086,-1.584,-1.413,-0.268,0.26
4573.0,Ryukoku University,JPN,7262.0,-0.119,low,1197.0,0.395,-0.362,-0.756,-0.501,0.303,2.976,-0.964,-0.268,0.95
11625.0,Lahore College for Women University,PAK,7263.0,0.895,medium,1875.0,-0.549,3.432,-1.125,0.653,-0.935,0.937,-1.224,-0.268,-0.103
3401.0,National Institute of Technology Warangal,IND,7265.0,-0.298,very low,6010.0,-1.236,0.079,0.609,0.202,-1.361,-1.68,-1.086,-0.268,0.369
3697.0,Atma Jaya Catholic University of Indonesia,IDN,7267.0,0.472,medium,1435.0,-0.54,-0.268,-0.234,3.969,-0.352,-0.184,-0.627,-0.268,-1.186
6776.0,Warsaw School of Economics,POL,7267.0,-0.42,very low,1736.0,-0.706,-0.071,-0.339,-0.154,-1.149,-0.69,-1.179,-0.268,-0.883
3422.0,I K Gujral Punjab Technical University,IND,7269.0,0.171,medium,2651.0,0.033,-0.306,-0.472,1.977,-1.099,-0.567,0.002,-0.268,-0.048
85847.0,Sanming University,CHN,7269.0,0.456,medium,811.0,1.052,0.267,-0.445,2.095,-1.012,-1.045,0.011,-0.268,0.046
6395.0,"Universidad Continental, Peru",PER,7269.0,2.349,significant,2036.0,-0.779,6.757,1.314,2.38,-0.554,-0.787,-0.137,-0.268,-0.689
91986.0,Bartin University,TUR,7269.0,0.805,medium,2149.0,-0.857,2.869,0.747,0.135,-1.288,-0.817,0.528,-0.268,0.908
1735.0,National Changhua University of Education,TWN,7269.0,-0.472,very low,1653.0,-0.43,-0.465,-0.397,-0.04,-1.151,-1.051,-1.413,-0.268,0.337
3786.0,Mulawarman University,IDN,7269.0,0.295,medium,1535.0,-0.152,-0.23,1.836,2.96,-0.784,-0.761,-1.413,-0.268,-1.186
3121.0,University of Macedonia,GRC,7269.0,-0.43,very low,1910.0,-1.096,-0.268,-0.403,0.029,-0.981,-1.386,-1.022,-0.268,0.436
5744.0,Universidad Juarez Autonoma de Tabasco,MEX,7278.0,-0.286,very low,1418.0,-1.256,-0.39,-0.004,0.56,-1.024,-0.449,-0.127,-0.268,-0.831
3337.0,Jadavpur University,IND,7278.0,-0.143,low,10631.0,-1.106,-0.071,1.323,0.275,-1.273,-1.314,-0.173,-0.268,0.821
77730.0,Xiamen University of Technology,CHN,7278.0,-0.272,very low,4256.0,-0.129,-0.155,-0.432,0.228,-1.161,0.13,-1.277,-0.268,-0.6
8372.0,Cumhuriyet University,TUR,7282.0,-0.087,low,4202.0,-1.415,-0.465,0.924,0.076,-0.754,0.669,0.176,0.832,0.729
3485.0,University of Kerala,IND,7282.0,-0.347,very low,4030.0,-0.709,-0.428,-0.085,0.388,-1.027,0.399,-1.224,-0.268,-0.808
71921.0,Universidade Federal da Grande Dourados,BRA,7285.0,-0.25,low,1993.0,0.159,-0.155,-0.115,0.32,-0.755,-0.49,-1.413,-0.268,-0.933
98371.0,Saint Camillus International University of Health Sciences,ITA,7285.0,0.213,medium,1498.0,2.609,-0.634,-0.599,0.675,0.836,2.108,-0.923,-0.268,0.19
98177.0,Sumatera Institute of Technology,IDN,7289.0,-0.167,low,1082.0,2.525,-0.559,0.349,0.179,-0.84,-0.701,-1.413,-0.268,-1.186
90953.0,Beijing University of Civil Engineering & Architecture,CHN,7289.0,-0.42,very low,4731.0,-0.323,-0.484,-0.226,-0.214,-1.206,-1.143,-0.329,-0.268,-0.232
1654.0,Ludong University,CHN,7289.0,-0.443,very low,4322.0,0.01,-0.503,0.353,-0.171,-1.002,-1.557,-0.852,-0.268,-0.724
98530.0,University of Lakki Marwat,PAK,7294.0,1.107,significant,548.0,0.771,-0.672,-0.509,2.314,-0.515,0.114,5.578,-0.268,5.662
1499.0,Xi'an Medical University,CHN,7294.0,0.198,medium,3700.0,-1.281,1.441,-1.785,0.994,-0.791,0.471,-1.413,-0.268,-0.635
98455.0,Wenzhou-Kean University,CHN,7296.0,0.042,medium,1194.0,1.049,0.511,-0.045,0.199,-1.055,-1.265,-0.732,-0.268,-0.764
77446.0,Nile University,EGY,7298.0,0.495,medium,1470.0,4.401,-0.296,-0.276,1.373,-1.087,-1.024,0.14,-0.268,0.021
84963.0,MacEwan University,CAN,7302.0,-0.499,very low,953.0,-0.57,-0.184,-0.973,-0.545,-0.968,0.392,-1.413,-0.268,-0.637
1715.0,Da-Yeh University,TWN,7303.0,-0.147,low,1015.0,1.397,-0.033,-0.837,0.124,-1.353,-0.465,-1.077,-0.268,-0.679
84962.0,Anhui Jianzhu University,CHN,7303.0,0.04,medium,3527.0,0.701,0.371,0.122,0.299,-1.215,-1.738,-0.297,-0.268,-0.053
97987.0,Hunan University of Finance and Economics,CHN,7305.0,0.556,medium,641.0,1.29,2.071,-1.747,1.003,-1.249,-0.342,-1.413,-0.268,-1.186
9342.0,European University of Lefke,CYP,7306.0,0.989,medium,958.0,1.197,1.498,-0.31,1.581,-1.223,0.711,2.312,-0.268,-1.186
90180.0,Namik Kemal University,TUR,7306.0,-0.286,very low,2626.0,-1.443,0.051,-0.056,0.529,-0.717,-0.69,-1.413,-0.268,-0.421
97234.0,Suresh Gyan Vihar University,IND,7306.0,1.417,significant,1007.0,1.36,-0.024,1.0,3.346,0.118,0.362,4.541,-0.268,2.363
4226.0,Universitas Mercatorum,ITA,7306.0,-0.42,very low,587.0,0.045,-0.409,-0.953,-0.19,-0.946,-0.259,-0.698,-0.268,-1.186
5674.0,Universidad de las Americas Puebla,MEX,7313.0,-0.516,very low,1016.0,-0.181,-0.4,-1.182,-0.237,-0.78,-0.105,-1.413,-0.268,-1.186
70922.0,Kalasalingam Academy of Research and Education,IND,7313.0,0.103,medium,4795.0,-1.203,0.032,1.585,1.285,-1.32,-1.355,-0.226,-0.268,1.216
67042.0,Hangzhou City University,CHN,7316.0,-0.132,low,3337.0,2.357,-0.559,-0.792,0.175,-1.095,-0.554,-0.564,-0.268,-0.585
79113.0,Central Taiwan University of Science and Technology,TWN,7316.0,-0.047,low,664.0,1.22,0.371,-0.044,0.005,-1.218,0.179,-1.413,-0.268,-1.186
96937.0,Madda Walabu University,ETH,7316.0,-0.244,low,506.0,-0.026,-0.738,-2.183,-0.236,1.382,5.881,-1.413,-0.268,-1.186
35743.0,Universidad Camilo Jose Cela,ESP,7316.0,-0.169,low,954.0,0.896,-0.4,-0.334,0.44,-0.714,0.13,-0.945,-0.268,-1.186
77749.0,Suzhou Vocational University,CHN,7321.0,0.363,medium,314.0,-0.396,0.248,-1.062,2.948,-1.169,1.537,-1.413,-0.268,-1.186
1215.0,Anhui University of Finance and Economics,CHN,7321.0,0.328,medium,1469.0,-0.621,1.019,-1.443,1.268,-1.302,-1.633,1.016,-0.268,-0.505
8355.0,Afyon Kocatepe University,TUR,7321.0,-0.244,low,1913.0,-1.482,0.136,0.027,0.356,-0.957,0.02,-1.221,-0.268,-0.262
13864.0,Middlebury College,USA,7321.0,-0.469,very low,1065.0,-0.702,-0.137,-1.371,-0.545,-0.443,0.865,-1.413,-0.268,-0.672
80235.0,Neapolis University Pafos,CYP,7321.0,-0.193,low,450.0,1.42,-0.287,0.65,-0.081,-0.861,-1.057,-1.413,-0.268,-0.021
1047.0,Acadia University,CAN,7321.0,-0.395,very low,1087.0,-0.518,-0.268,-0.291,-0.545,-0.262,-0.248,-0.749,-0.268,-0.23
83625.0,Jinling Institute Of Technology,CHN,7321.0,0.121,medium,1807.0,0.882,-0.033,-1.123,1.507,-1.347,1.565,-1.413,-0.268,-0.91
8370.0,Manisa Celal Bayar University,TUR,7328.0,0.015,medium,3197.0,-0.883,0.54,0.008,-0.022,0.217,0.101,-0.588,-0.268,0.309
6165.0,University of Abuja,NGA,7328.0,-0.028,low,1063.0,-0.512,0.145,-0.861,0.044,1.477,2.857,-1.413,-0.268,-0.699
1307.0,East China Institute of Technology,CHN,7328.0,-0.399,very low,5196.0,0.261,-0.493,0.627,-0.173,-0.994,-1.094,-0.974,-0.268,-0.898
77740.0,Nitte University,IND,7328.0,0.049,medium,2623.0,-1.304,-0.324,-0.491,2.422,-1.049,1.36,-1.413,-0.268,-0.61
735.0,Pontificia Universidade Catolica de Sao Paulo,BRA,7333.0,0.648,medium,1560.0,2.168,-0.005,-1.373,-0.077,-0.95,0.494,-1.152,6.97,-0.853
15007.0,Reed College,USA,7333.0,-0.441,very low,634.0,-0.193,-0.23,-1.208,-0.545,-0.367,0.417,-1.413,-0.268,-0.351
2452.0,University of Lapland,FIN,7333.0,-0.311,very low,1176.0,0.148,-0.043,0.087,-0.545,-0.389,-0.123,-1.413,-0.268,-0.284
12203.0,Sudan University for Science and Technology,SDN,7333.0,0.504,medium,950.0,3.445,0.155,-0.254,1.324,-0.685,0.883,-1.413,-0.268,0.394
80196.0,Maharishi Markandeshwar University,IND,7337.0,0.408,medium,3873.0,-1.167,0.183,-0.763,1.977,-1.056,2.076,0.23,-0.268,1.315
70484.0,Astana Medical University,KAZ,7337.0,0.625,medium,710.0,-0.772,-0.08,-0.164,4.237,0.651,-0.519,-1.413,-0.268,0.962
6157.0,Nnamdi Azikiwe University,NGA,7339.0,0.268,medium,2491.0,0.409,-0.137,2.896,0.524,-0.631,0.568,0.167,-0.268,0.63
8630.0,National University of Water and Environmental Engineering,UKR,7339.0,0.523,medium,1039.0,-1.191,-0.249,4.567,2.974,-1.12,0.18,-1.413,-0.268,2.177
71633.0,Tokyo University of Technology,JPN,7341.0,0.082,medium,1142.0,-0.078,-0.334,1.044,-0.363,-0.869,0.333,1.459,-0.268,2.356
98012.0,Velammal Institute of Technology,IND,7341.0,0.521,medium,522.0,-1.302,0.108,2.743,1.857,-1.354,-2.114,1.075,-0.268,4.067
15277.0,Union College,USA,7346.0,-0.502,very low,518.0,-0.984,-0.23,-0.664,-0.545,-0.229,-0.09,-1.413,-0.268,-0.168
1638.0,Xinjiang Agricultural University,CHN,7351.0,-0.415,very low,4007.0,0.298,-0.39,-0.245,-0.206,-1.171,-0.352,-1.308,-0.268,-0.811
81116.0,Yuanpei University of Medical Technology,TWN,7351.0,1.443,significant,600.0,3.627,4.165,-1.3,0.151,-0.753,0.935,-1.413,-0.268,0.496
6901.0,King Michael I University of Life Sciences,ROU,7351.0,-0.515,very low,893.0,-1.171,-0.55,-0.021,-0.019,-0.313,-1.048,-1.016,-0.268,-0.625
78773.0,American University of Madaba,JOR,7351.0,-0.275,very low,388.0,-0.895,-0.437,-0.659,1.339,-0.337,-0.904,-1.413,-0.268,-1.186
80496.0,Far Eastern Federal University,RUS,7358.0,0.663,medium,3443.0,0.109,1.535,1.445,0.547,-0.717,-0.031,-0.323,-0.268,2.12
181.0,Universidad Nacional de Mar del Plata,ARG,7358.0,-0.252,low,3100.0,-0.926,0.032,0.334,-0.478,-0.774,0.224,-1.413,0.841,-0.115
1768.0,National University of Kaohsiung,TWN,7358.0,-0.249,low,1261.0,0.52,-0.559,-0.3,-0.172,-1.074,-0.55,-0.102,-0.268,0.687
733.0,Pontificia Universidade Catolica de Campinas,BRA,7358.0,0.024,medium,1033.0,-0.111,-0.221,-0.733,0.062,-0.719,0.327,-1.413,2.23,1.268
91988.0,Kirklareli University,TUR,7358.0,-0.438,very low,1092.0,-1.336,-0.343,-0.626,0.698,-1.245,-1.326,-1.413,-0.268,-0.264
72481.0,Philadelphia College of Osteopathic Medicine,USA,7358.0,-0.301,very low,978.0,-0.972,-0.428,-1.838,0.95,-0.309,-0.176,-1.413,-0.268,0.369
35746.0,Universidad Catolica de Avila,ESP,7368.0,-0.163,low,475.0,1.197,-0.55,2.253,0.445,-0.941,-2.767,-0.474,-0.268,-1.186
1543.0,Shenyang Medical College,CHN,7368.0,-0.66,very low,924.0,-0.99,-0.841,-1.709,0.303,-0.902,-0.217,-1.413,-0.268,-1.186
9209.0,Huizhou University,CHN,7368.0,-0.14,low,1420.0,0.626,-0.221,-1.132,0.448,-1.093,-0.249,-0.859,-0.268,0.217
3501.0,Veer Narmad South Gujarat University,IND,7373.0,-0.669,very low,552.0,-1.625,-0.597,1.261,-0.072,-1.181,-1.793,-1.413,-0.268,-1.186
4059.0,Zanjan University of Medical Sciences,IRN,7373.0,0.08,medium,2504.0,-0.366,0.652,-1.441,-0.003,-0.383,3.335,-0.978,-0.268,-0.582
98670.0,Vishwakarma University,IND,7373.0,0.024,medium,565.0,-0.988,-0.334,-0.274,1.859,-1.1,-1.88,0.096,-0.268,0.615
13039.0,Amherst College,USA,7373.0,-0.334,very low,1050.0,-0.115,-0.118,-0.853,-0.545,-0.407,0.691,-1.413,-0.268,0.361
78052.0,Universidad Privada del Norte,PER,7373.0,0.84,medium,2829.0,-0.777,1.704,2.885,1.689,-0.766,-0.391,0.155,-0.268,-0.125
1487.0,Panzhihua University,CHN,7380.0,-0.314,very low,1422.0,0.315,-0.475,-0.836,0.888,-1.196,-1.379,-1.413,-0.268,-0.836
92519.0,Ecole Normale Superieure de Fes,MAR,7380.0,-0.249,low,404.0,-1.612,-0.55,0.595,1.265,-0.98,-1.094,-1.413,-0.268,1.318
642.0,"Instituto Federal de Educacao, Ciencia e Tecnologia da Bahia",BRA,7380.0,-0.037,low,518.0,1.09,-0.334,-0.896,0.564,-0.932,1.277,-1.413,-0.268,0.746
92461.0,Batterjee Medical College,SAU,7383.0,1.476,significant,837.0,5.187,0.756,-0.5,3.137,-0.589,0.111,2.38,-0.268,-1.186
1463.0,Nanjing Xiaozhuang University,CHN,7383.0,-0.173,low,1989.0,0.376,0.145,-1.092,0.242,-1.303,-1.2,-1.242,-0.268,0.57
875.0,Universidade Paulista,BRA,7383.0,0.045,medium,1294.0,2.207,0.22,-1.191,0.02,-0.65,0.691,-1.413,-0.268,-0.394
83439.0,Universidad Europea del Atlantico,ESP,7386.0,2.395,significant,649.0,6.007,6.55,-1.351,0.179,-0.802,1.151,-0.705,-0.268,-1.186
15252.0,"Touro University, New York",USA,7388.0,-0.098,low,871.0,-0.293,-0.212,-1.393,0.354,-0.62,1.311,-0.148,-0.268,0.006
6159.0,Olabisi Onabanjo University,NGA,7388.0,0.004,medium,1202.0,-0.55,-0.024,-0.803,0.411,-0.593,3.117,-1.413,-0.268,1.328
1927.0,Universidad del Atlantico,COL,7388.0,0.845,medium,1169.0,0.149,2.014,-0.02,1.287,-0.321,-0.396,-0.313,0.743,-0.751
8401.0,Kadir Has University,TUR,7388.0,-0.451,very low,1262.0,-0.106,-0.24,-0.48,-0.214,-1.016,-1.517,-1.091,-0.268,-0.779
81140.0,Swedish Defence University,SWE,7392.0,-0.375,very low,404.0,0.708,0.051,0.107,-0.545,-1.161,-1.447,-1.413,-0.268,-1.186
1601.0,University of International Business and Economics,CHN,7392.0,-0.434,very low,3218.0,-0.858,-0.23,-0.931,0.185,-1.31,-1.518,-0.728,-0.268,-0.562
8532.0,Kyiv National Economics University,UKR,7392.0,1.498,significant,651.0,-1.08,1.047,0.525,7.399,-0.991,-0.297,-1.413,-0.268,0.359
5627.0,Universidad Autonoma de la Ciudad de Mexico,MEX,7396.0,-0.435,very low,547.0,-1.349,-0.475,-0.467,0.41,-0.913,1.135,-1.413,-0.268,-1.186
3496.0,Kavayitri Bahinabai Chaudhari North Maharashtra University,IND,7396.0,-0.062,low,613.0,-1.237,-0.061,-0.119,1.5,-1.322,-0.907,-1.413,-0.268,1.318
811.0,Universidade Estadual do Ceara,BRA,7396.0,-0.113,low,2467.0,0.932,-0.315,1.024,-0.058,-0.633,-0.594,-0.652,-0.268,0.036
6664.0,University of Economics in Katowice,POL,7399.0,-0.442,very low,875.0,-1.229,-0.334,-0.476,0.47,-0.985,-0.843,-1.413,-0.268,-0.597
98151.0,Government College Women University Sialkot,PAK,7401.0,0.042,medium,707.0,-0.927,1.141,-0.707,0.563,-0.851,-0.287,-1.413,-0.268,-1.186
3471.0,Tezpur University,IND,7401.0,-0.049,low,3142.0,-1.069,0.84,0.794,0.219,-1.262,-1.318,-1.271,-0.268,0.108
2872.0,Fachhochschule Frankfurt am Main,DEU,7401.0,0.115,medium,632.0,0.781,-0.212,-2.069,-0.297,-0.133,5.828,-1.413,-0.268,2.939
815.0,Universidade Estadual do Oeste do Parana,BRA,7401.0,-0.344,very low,2365.0,-0.296,-0.306,-0.021,0.007,-1.031,-0.425,-1.413,0.505,-1.186
3987.0,Guilan University of Medical Sciences,IRN,7405.0,0.402,medium,3410.0,-0.693,1.46,-1.125,0.144,-0.162,3.377,-0.217,-0.268,-1.039
6020.0,Fontys University of Applied Sciences,NLD,7405.0,-0.086,low,548.0,3.871,-0.315,-0.526,-0.45,-0.692,-0.93,-1.413,-0.268,-0.262
5635.0,Universidad Autonoma de Tamaulipas,MEX,7408.0,-0.152,low,1379.0,-1.149,-0.249,0.585,1.159,-1.049,-0.347,-1.413,-0.268,0.299
10646.0,Hiroshima City University,JPN,7408.0,0.588,medium,650.0,-0.733,-0.127,2.684,-0.304,3.082,3.773,0.565,-0.268,5.083
67065.0,Hebei University of Engineering,CHN,7408.0,-0.304,very low,4020.0,0.543,-0.437,-0.739,0.533,-1.153,-1.257,-1.211,-0.268,-0.565
11585.0,Abasyn University,PAK,7408.0,0.889,medium,679.0,0.233,2.042,-1.342,0.378,-0.221,3.122,1.853,-0.268,-1.186
70850.0,Universiti Teknologi Brunei,BRN,7408.0,0.761,medium,1492.0,0.508,1.469,-0.763,0.19,-0.961,-0.254,2.606,-0.268,1.936
71631.0,Luoyang Normal University,CHN,7414.0,-0.118,low,2106.0,0.177,-0.766,0.676,1.241,-1.205,-0.021,-1.413,-0.268,0.833
3065.0,Universitat Erfurt,DEU,7414.0,0.161,medium,1009.0,-0.825,1.779,-0.401,-0.235,-0.92,-0.368,-0.997,-0.268,-0.654
8652.0,University of Dubai,ARE,7414.0,0.073,medium,617.0,0.561,-0.249,-0.886,0.555,-1.204,-2.001,0.246,-0.268,3.739
7856.0,University of Rwanda,RWA,7414.0,-0.166,low,3235.0,1.323,-0.418,0.605,-0.093,-0.275,0.671,-1.182,-0.268,-1.186
6448.0,Universidad Norbert Wiener,PER,7419.0,1.908,significant,1005.0,-0.585,4.447,0.94,3.561,-0.145,-0.014,-0.329,-0.268,-1.186
67394.0,Zhejiang University of Finance and Economics,CHN,7419.0,-0.008,low,2276.0,-0.698,1.535,-1.228,0.028,-1.294,-2.106,-1.413,-0.268,-0.088
3312.0,Guru Nanak Dev University,IND,7421.0,-0.215,low,3674.0,-0.924,-0.437,0.2,0.621,-1.163,0.608,-0.531,-0.268,-0.361
1951.0,Universidad Militar Nueva Granada,COL,7421.0,-0.268,very low,1472.0,-0.36,-0.212,-0.181,0.306,-0.758,0.203,-1.413,-0.268,-0.503
10752.0,Kochi University of Technology,JPN,7421.0,-0.334,very low,1123.0,0.363,-0.522,0.438,-0.127,-0.709,0.161,-1.413,-0.268,-0.292
98493.0,The Women University Multan,PAK,7421.0,-0.134,low,901.0,-0.192,0.108,-0.854,0.15,-0.808,2.666,-1.413,-0.268,-1.186
79097.0,Konya Technical University,TUR,7421.0,0.244,medium,1905.0,0.06,-0.212,0.612,1.073,1.327,0.341,-0.132,-0.268,0.257
1481.0,Northwest Minzu University,CHN,7421.0,-0.026,low,2218.0,-0.73,0.643,-0.647,0.515,-1.171,0.297,-1.088,-0.268,-0.736
1942.0,Universidad Francisco de Paula Santander,COL,7429.0,-0.09,low,972.0,-0.35,-0.54,2.621,1.39,-1.151,-0.849,-1.413,-0.268,-0.669
643.0,Centro Federal de Educacao Tecnologica de Minas Gerais,BRA,7429.0,-0.22,low,1480.0,0.544,0.22,0.081,-0.475,-1.155,-0.468,-1.413,-0.268,-0.001
59419.0,Texas A&M University at Galveston,USA,7429.0,-0.299,very low,905.0,-0.627,-0.409,-0.648,-0.488,-0.059,1.105,-0.094,-0.268,0.016
96830.0,Liaoning Petrochemical University,CHN,7438.0,-0.294,very low,3003.0,-0.098,-0.324,0.225,-0.354,-1.312,0.244,-0.915,-0.268,0.89
6231.0,Balochistan University of Information Technology and Management Sciences,PAK,7438.0,0.548,medium,1520.0,1.476,1.479,-0.739,1.035,-0.618,0.891,-1.413,-0.268,-1.186
59386.0,"Universidad de Puerto Rico, Mayaguez",PRI,7438.0,0.815,medium,1753.0,0.766,-0.343,1.026,-0.396,5.344,3.321,1.431,3.229,-0.607
7266.0,Kemerovo State University,RUS,7441.0,-0.062,low,1398.0,-0.104,-0.4,1.401,0.8,-1.019,-0.549,-0.512,-0.268,-0.113
3944.0,Ahvaz Jundishapur University of Medical Sciences,IRN,7441.0,-0.107,low,5563.0,-0.872,0.342,-1.232,0.178,-0.537,1.884,-1.052,-0.268,-0.642
65344.0,Universidade Federal do Estado do Rio de Janeiro,BRA,7441.0,-0.192,low,2525.0,1.63,-0.296,-0.171,-0.276,-0.622,-0.477,-1.273,-0.268,0.128
13069.0,Pomona College,USA,7441.0,-0.415,very low,903.0,-1.081,-0.174,-0.669,-0.545,-0.406,1.822,-1.413,-0.268,-0.297
91920.0,Veer Surendra Sai University of Technology,IND,7441.0,0.164,medium,2415.0,-1.606,0.558,0.653,1.142,-1.351,-1.348,-0.495,-0.268,2.155
59231.0,"California State University, East Bay",USA,7441.0,0.623,medium,1634.0,0.985,0.558,-0.159,-0.162,5.167,1.488,1.341,-0.268,-0.863
67809.0,Chongqing University of Arts and Sciences,CHN,7441.0,0.26,medium,2266.0,2.169,0.887,-0.691,0.077,-1.09,0.126,-1.413,-0.268,0.247
919.0,University of Plovdiv Paisii Hilendarski,BGR,7448.0,0.059,medium,1867.0,-0.396,-0.287,2.449,1.021,-0.868,-0.906,-1.216,-0.268,1.911
94374.0,Universidade Presbiteriana Mackenzie,BRA,7448.0,-0.014,low,1646.0,0.517,-0.306,-0.879,0.883,-0.545,1.428,-1.413,-0.268,0.347
59236.0,"California State University, Monterey Bay",USA,7451.0,-0.534,very low,625.0,-0.769,-0.202,-1.486,-0.545,0.114,0.181,-1.413,-0.268,-1.186
85832.0,Quzhou University,CHN,7451.0,0.942,medium,1050.0,1.099,3.78,-0.685,0.599,-1.008,-2.196,-1.413,-0.268,-1.186
10230.0,"PDPM Indian Institute of Information Technology, Design and Manufacturing Jabalpur",IND,7451.0,-0.328,very low,1794.0,-1.271,-0.569,1.014,0.445,-1.32,-2.042,-0.294,-0.268,1.082
91995.0,Agri Ibrahim Cecen University,TUR,7451.0,-0.052,low,673.0,0.455,-0.362,-0.243,0.774,-1.04,-1.338,-0.009,-0.268,0.309
78032.0,"Instituto Federal de Educacao, Ciencia e Tecnologia do Rio Grande do Norte",BRA,7455.0,-0.132,low,586.0,2.116,-0.409,-1.408,0.346,-0.779,0.934,-1.413,-0.268,-1.186
13636.0,Illinois State University,USA,7460.0,-0.487,very low,2955.0,-1.173,-0.155,-0.497,-0.386,-1.023,-0.281,-1.413,-0.268,0.247
6401.0,Universidad de San Martin de Porres,PER,7460.0,0.322,medium,1280.0,0.309,-0.137,-1.21,1.822,-0.092,4.805,-1.413,-0.268,-0.786
98891.0,Ahmedabad University,IND,7460.0,-0.484,very low,815.0,-0.633,-0.362,-0.761,-0.032,-0.924,0.126,-1.413,-0.268,-1.186
4377.0,Kanazawa Institute of Technology,JPN,7460.0,0.384,medium,827.0,-1.496,-0.202,2.703,-0.293,-0.872,-0.084,-1.413,-0.268,14.68
8398.0,Izmir University of Economics,TUR,7467.0,-0.443,very low,1332.0,-0.506,-0.277,-1.223,-0.075,-0.617,-0.262,-1.413,-0.268,-0.428
90184.0,Siirt University,TUR,7470.0,0.683,medium,2043.0,1.376,0.906,0.331,0.861,-1.128,-0.662,2.607,-0.268,-1.186
3276.0,Cochin University of Science and Technology,IND,7470.0,-0.498,very low,4172.0,-1.056,-0.418,0.004,0.106,-1.221,-1.581,-1.165,-0.268,-0.101
97950.0,Rocky Vista University,USA,7470.0,-0.489,very low,614.0,-0.485,-0.437,-1.247,-0.375,-0.926,-0.477,-1.413,-0.268,1.323
15253.0,Towson University,USA,7470.0,-0.49,very low,2518.0,-1.129,-0.108,-0.414,-0.317,-0.822,-0.951,-1.267,-0.268,-0.364
11215.0,Lebanese International University,LBN,7475.0,1.953,significant,1207.0,2.281,4.635,0.526,0.97,-0.777,-0.113,1.826,-0.268,0.058
72014.0,Universidade Federal de Sao Joao del Rei,BRA,7475.0,-0.191,low,3278.0,-0.51,-0.39,-0.071,-0.306,0.999,1.484,-0.737,-0.268,0.361
3486.0,University of Lucknow,IND,7479.0,-0.187,low,2548.0,-0.941,-0.184,0.727,0.336,-1.039,-0.296,-0.991,-0.268,1.03
35739.0,Universidad a Distancia de Madrid,ESP,7479.0,-0.172,low,532.0,0.638,-0.287,-1.366,0.731,-1.081,0.069,-1.413,-0.268,-0.18
59240.0,"California State University, San Marcos",USA,7482.0,-0.502,very low,974.0,-0.93,-0.184,-1.221,-0.384,-0.628,-0.196,-1.413,-0.268,-0.125
4312.0,Hamamatsu University School of Medicine,JPN,7482.0,0.936,medium,4177.0,-0.766,-0.381,-0.45,-0.395,7.632,-1.394,4.253,-0.268,10.361
8394.0,Istanbul Kultur University,TUR,7482.0,-0.124,low,582.0,-0.004,-0.277,-0.668,0.711,-1.234,-0.672,-1.413,-0.268,2.281
77696.0,Gujarat Technological University,IND,7482.0,-0.274,very low,1459.0,-1.289,-0.334,-0.742,1.173,-1.384,-0.804,-1.413,-0.268,0.702
60348.0,Universidad de Ciencias Medicas de La Habana,CUB,7488.0,-0.171,low,1321.0,-0.618,0.07,-0.054,0.127,-0.905,2.004,-1.413,-0.268,-0.798
15135.0,Siena College,USA,7488.0,0.136,medium,482.0,-1.517,-0.155,1.219,-0.545,2.478,4.067,0.601,-0.268,0.443
12240.0,Kristianstad University,SWE,7490.0,-0.166,low,928.0,2.991,-0.277,0.026,-0.377,-0.904,-1.251,-1.413,-0.268,-0.639
1358.0,Hebei Normal University,CHN,7490.0,-0.26,low,4116.0,-0.144,-0.381,-0.177,0.216,-0.321,-0.273,-1.018,-0.268,-0.148
8069.0,University of Moratuwa,LKA,7493.0,-0.469,very low,3090.0,-0.906,-0.137,0.28,-0.258,-1.189,-1.408,-1.413,-0.268,-0.046
3738.0,Malikussaleh University,IDN,7493.0,1.133,significant,640.0,0.202,-0.287,0.32,5.985,-0.87,0.803,-1.413,-0.268,3.158
5118.0,University of Tripoli,LBY,7493.0,-0.027,low,1074.0,-0.386,-0.268,-1.669,-0.059,1.809,4.993,-0.668,-0.268,-1.186
1027.0,The University of Winnipeg,CAN,7493.0,0.489,medium,1526.0,-0.387,2.521,-0.328,-0.477,1.049,0.485,-1.413,-0.268,-0.508
15478.0,University of the Incarnate Word,USA,7497.0,-0.483,very low,701.0,-0.616,-0.306,-0.939,-0.098,-1.297,0.593,-1.413,-0.268,-1.186
4944.0,Kosin University,KOR,7497.0,-0.394,very low,1254.0,-1.47,-0.569,-1.877,-0.296,0.981,4.276,-1.413,-0.268,-0.364
1115.0,Universite du Quebec en Rimouski,CAN,7497.0,-0.417,very low,1510.0,-0.116,-0.4,-0.073,-0.476,-0.211,0.019,-1.413,-0.268,-0.175
96518.0,FPT University,VNM,7497.0,0.419,medium,1897.0,-0.656,-0.155,2.257,2.924,-0.659,-0.319,-1.233,-0.268,0.654
3476.0,Tripura University,IND,7502.0,-0.117,low,1209.0,-1.467,-0.343,1.825,0.492,-1.2,-1.043,-0.675,-0.268,2.982
8362.0,Balikesir University,TUR,7502.0,-0.398,very low,2137.0,-1.343,-0.249,-0.311,0.481,-0.697,-0.384,-1.413,-0.268,-0.95
96922.0,Debre Tabor University,ETH,7505.0,0.186,medium,1755.0,-0.419,0.117,-1.587,1.241,-0.626,2.384,-0.493,-0.268,0.245
59296.0,"State University of New York, College at Oswego",USA,7505.0,-0.373,very low,766.0,-0.262,-0.202,-0.936,-0.341,-0.735,0.23,-0.934,-0.268,-0.52
1757.0,National Taipei University,TWN,7505.0,-0.218,low,1215.0,-0.214,0.803,-1.261,-0.158,-1.201,-1.1,-1.413,-0.268,-1.186
1284.0,China West Normal University,CHN,7505.0,-0.306,very low,3612.0,0.154,-0.184,0.465,0.134,-1.058,-1.132,-1.413,-0.268,-0.769
1076.0,Royal Military College of Canada,CAN,7505.0,-0.09,low,1559.0,1.481,-0.212,1.479,-0.545,-0.902,-0.578,-0.294,-0.268,-0.187
5181.0,Management and Science University,MYS,7512.0,1.204,significant,1595.0,0.2,1.169,-0.335,4.924,-0.975,-0.325,-1.413,-0.268,1.961
2729.0,"Universite des Antilles, Guadeloupe",GLP,7512.0,-0.259,low,1510.0,-1.075,0.248,0.089,-0.303,0.529,-0.045,-1.413,-0.268,-0.515
73499.0,Beijing Institute of Petrochemical Technology,CHN,7512.0,-0.06,low,2373.0,-0.391,-0.54,0.153,-0.061,1.597,0.062,1.069,-0.268,-0.341
4245.0,Akita Prefectural University,JPN,7512.0,-0.373,very low,783.0,-0.68,-0.54,-0.149,-0.478,-0.502,0.808,-0.977,-0.268,1.385
6476.0,Ateneo de Manila University,PHL,7519.0,0.248,medium,1866.0,1.071,-0.043,-0.691,-0.265,0.173,3.222,-1.413,2.44,-0.63
91983.0,Bezmialem Vakif University,TUR,7519.0,-0.349,very low,2370.0,-0.8,-0.4,-0.813,-0.061,0.146,-0.007,-0.383,-0.268,-0.756
4939.0,Korea National University of Education,KOR,7523.0,-0.452,very low,508.0,-1.164,-0.184,1.342,-0.237,-1.162,-0.285,-1.413,-0.268,-1.186
11517.0,Sohar University,OMN,7523.0,0.023,medium,1246.0,1.37,-0.287,-0.551,0.88,-1.07,-1.052,-0.044,-0.268,-0.781
2753.0,Ilia State University,GEO,7523.0,0.961,medium,1997.0,2.388,0.418,0.643,-0.258,4.277,2.346,3.074,-0.268,0.091
61597.0,Universidad Nacional de Costa Rica,CRI,7523.0,1.205,significant,1255.0,1.984,-0.277,-0.546,-0.337,-0.55,1.804,-1.141,12.756,-0.784
11948.0,Don State Technical University,RUS,7523.0,1.439,significant,4836.0,-0.557,0.418,8.743,3.657,-1.29,-1.697,-0.718,-0.268,8.99
15437.0,Youngstown State University,USA,7528.0,-0.292,very low,669.0,-1.231,-0.193,-1.33,-0.155,-0.457,0.987,-0.766,-0.268,1.265
6450.0,Universidad Privada San Juan Bautista,PER,7528.0,0.197,medium,905.0,-0.6,-0.146,0.116,2.572,-0.73,0.318,-1.413,-0.268,-0.617
3488.0,University of Mumbai,IND,7528.0,-0.21,low,2323.0,-1.091,-0.09,-0.403,0.782,-1.202,-0.38,-0.888,-0.268,-0.317
14097.0,Providence College,USA,7528.0,-0.508,very low,810.0,-0.857,-0.165,-1.004,-0.287,-1.191,-0.862,-1.413,-0.268,0.116
8196.0,Sokoine University of Agriculture,TZA,7528.0,-0.329,very low,1460.0,0.414,-0.418,-0.247,-0.116,-0.27,0.293,-1.413,-0.268,-0.841
3385.0,Maulana Azad National Institute of Technology,IND,7534.0,-0.054,low,3525.0,-1.236,0.474,0.027,0.581,-1.366,-1.173,-0.698,-0.268,0.669
6413.0,"Universidad Nacional de Ingenieria, Peru",PER,7534.0,-0.177,low,1251.0,-0.181,-0.268,-0.13,0.582,0.016,-0.044,-1.413,-0.268,-0.384
2380.0,Pharos University in Alexandria,EGY,7534.0,-0.262,very low,965.0,1.033,-0.747,-0.355,0.646,-1.099,-1.737,-1.032,-0.268,0.386
97230.0,Sri Shakthi Institute of Engineering and Technology,IND,7540.0,-0.159,low,558.0,-1.336,0.23,-1.457,1.42,-1.27,-1.207,-1.413,-0.268,-0.272
5621.0,Universidad Autonoma de Ciudad Juarez,MEX,7540.0,1.448,significant,1513.0,-0.879,5.733,-0.524,0.145,-1.112,-0.812,-0.216,-0.268,-0.848
14046.0,Pace University,USA,7540.0,-0.364,very low,1226.0,-0.758,-0.108,-1.022,-0.247,-0.668,-0.53,-1.413,-0.268,1.457
84671.0,Tianjin Chengjian University,CHN,7540.0,-0.235,low,2605.0,0.618,0.117,-0.292,-0.285,-1.224,-1.137,-0.849,-0.268,-0.61
9747.0,Neoma Business School,FRA,7540.0,-0.248,low,1329.0,-1.377,-0.174,-1.349,-0.467,-1.163,0.617,1.391,-0.268,0.354
8640.0,Yaroslav Mudryi National Law University,UKR,7547.0,2.104,significant,714.0,-1.338,0.455,5.328,10.649,-1.129,-3.619,-0.917,-0.268,1.221
1940.0,Universidad El Bosque,COL,7547.0,0.04,medium,1928.0,1.386,-0.306,-1.473,-0.031,0.589,4.113,-1.413,-0.268,0.128
80125.0,"IE Universidad, Madrid",ESP,7551.0,-0.65,very low,647.0,-0.766,-0.099,-1.37,-0.464,-1.251,-1.842,-1.413,-0.268,-1.186
27222.0,Faculte des Sciences Oujda,MAR,7551.0,0.063,medium,556.0,-0.727,0.699,1.41,0.3,-0.746,-0.303,-0.658,-0.268,-1.186
68235.0,"University of Defence, Czech Republic",CZE,7551.0,0.455,medium,1568.0,-0.259,-0.296,1.281,1.887,-0.735,-0.763,-1.413,3.297,0.289
97856.0,VIT-AP University,IND,7551.0,-0.095,low,3697.0,-1.558,-0.099,1.381,1.037,-1.322,-2.099,-0.515,-0.268,1.265
8402.0,Kafkas University,TUR,7556.0,0.62,medium,1973.0,0.806,-0.409,0.825,0.169,3.226,1.731,0.868,2.73,-0.421
15309.0,Vassar College,USA,7556.0,-0.566,very low,723.0,-0.947,-0.184,-0.575,-0.545,-0.629,-1.116,-1.413,-0.268,-0.453
6294.0,Superior University,PAK,7556.0,0.738,medium,1463.0,1.05,0.399,-1.158,2.99,-0.953,0.936,-0.507,-0.268,1.042
59277.0,"University of Wisconsin, Eau Claire",USA,7556.0,-0.265,very low,855.0,-1.185,0.756,-0.915,-0.484,-0.719,0.036,-1.413,-0.268,-0.57
98826.0,Sol Plaatje University,ZAF,7561.0,-0.455,very low,494.0,0.245,-0.193,-1.171,-0.334,-0.811,-1.591,-1.413,-0.268,-0.158
3272.0,Chaudhary Charan Singh Haryana Agricultural University,IND,7562.0,0.277,medium,2090.0,-1.027,1.0,-0.096,1.155,-0.925,1.117,-1.187,-0.268,-0.212
1738.0,National Chi Nan University,TWN,7562.0,-0.179,low,1187.0,0.593,-0.522,0.669,-0.105,-1.115,-0.401,-0.485,-0.268,1.146
13784.0,Macalester College,USA,7562.0,-0.48,very low,653.0,-0.91,-0.146,-1.356,-0.545,-0.434,0.799,-1.413,-0.268,-0.371
195.0,Universidad Nacional del Comahue,ARG,7562.0,-0.521,very low,1990.0,-1.345,-0.259,0.354,-0.519,-0.156,-0.774,-1.413,-0.268,-0.16
812.0,Universidade Estadual do Centro-Oeste,BRA,7562.0,-0.433,very low,1336.0,-0.042,-0.249,-0.18,-0.115,-1.11,-1.152,-1.413,-0.268,-0.811
4831.0,Andong National University,KOR,7562.0,-0.363,very low,1486.0,-0.407,-0.522,0.882,-0.334,-0.862,-0.745,-0.866,-0.268,1.01
66655.0,Baoji University of Arts and Sciences,CHN,7569.0,-0.233,low,1434.0,0.785,-0.587,-1.177,0.657,-1.079,0.771,-1.413,-0.268,-0.49
7398.0,Bauman Moscow State Technical University,RUS,7569.0,1.078,medium,7197.0,-0.164,-0.296,4.669,3.07,-1.016,1.005,-1.027,1.704,5.381
6417.0,Universidad Nacional de San Antonio Abad del Cusco,PER,7569.0,0.054,medium,681.0,0.116,-0.249,-0.896,0.452,1.915,4.07,-1.413,-0.268,-1.186
78699.0,King Edward Medical University,PAK,7574.0,1.74,significant,1150.0,-1.535,2.916,-1.86,5.269,-0.599,4.09,-0.306,-0.268,-1.186
78803.0,"Islamic Azad University, Kermanshah",IRN,7574.0,-0.258,low,949.0,-1.315,-0.54,-0.629,0.831,-0.761,1.745,-1.413,-0.268,0.404
81054.0,Recep Tayyip Erdogan University,TUR,7578.0,-0.308,very low,2900.0,-0.902,-0.428,0.854,0.013,-0.513,0.509,-1.087,-0.268,0.026
70906.0,Gandhi Institute of Technology and Management,IND,7578.0,0.474,medium,5198.0,-1.114,0.54,0.076,3.012,-1.294,0.059,-1.413,-0.268,0.943
3236.0,Andhra University,IND,7578.0,-0.038,low,3258.0,-1.334,-0.343,-0.087,2.116,-1.207,-0.504,-1.413,-0.268,0.667
1767.0,National United University,TWN,7578.0,1.323,significant,1345.0,-0.073,5.151,-0.272,-0.351,0.711,-0.472,-1.13,-0.268,-0.068
3489.0,University of Mysore,IND,7583.0,0.229,medium,2274.0,-0.592,0.99,1.176,0.81,-1.113,-0.462,-0.923,-0.268,-0.632
1935.0,Universidad del Tolima,COL,7583.0,-0.22,low,871.0,0.381,-0.212,-0.413,0.474,-0.76,-0.66,-1.413,-0.268,-0.602
91870.0,October University for Modern Sciences and Arts,EGY,7583.0,-0.105,low,1390.0,2.45,-0.381,-0.531,0.432,-1.121,-0.612,-1.413,-0.268,-0.826
71823.0,Faculdade de Ciencias Medicas da Santa Casa de Sao Paulo,BRA,7583.0,-0.366,very low,1195.0,-0.26,-0.343,-1.262,-0.327,0.062,1.028,-1.413,-0.268,0.106
194.0,Universidad Nacional del Centro de la Provincia de Buenos Aires,ARG,7583.0,-0.307,very low,1677.0,-0.666,-0.296,0.838,-0.358,-0.822,-0.194,-1.413,0.693,0.019
67756.0,Northern Ontario School of Medicine,CAN,7590.0,-0.173,low,1120.0,2.132,-0.428,-0.864,-0.452,0.16,0.764,-1.413,-0.268,-0.038
96923.0,Addis Ababa Science and Technology University,ETH,7590.0,0.267,medium,1414.0,0.451,-0.54,-0.638,2.595,-0.869,-1.817,-0.253,-0.268,1.668
15148.0,Smith College,USA,7590.0,-0.326,very low,1333.0,-0.001,-0.118,-1.424,-0.506,-0.417,2.186,-1.413,-0.268,-0.771
813.0,Universidade Estadual do Maranhao,BRA,7593.0,-0.201,low,1277.0,0.843,-0.249,1.33,0.068,-0.831,-0.443,-1.413,-0.268,-1.186
13913.0,Mount Holyoke College,USA,7593.0,-0.433,very low,686.0,-0.59,-0.165,-0.772,-0.545,0.015,0.217,-1.413,-0.268,-0.411
72484.0,Islamia College Peshawar,PAK,7597.0,0.512,medium,1634.0,0.328,1.967,-0.635,0.574,-1.029,0.184,-0.811,-0.268,-0.878
4033.0,Shahid Sadoughi University of Medical Sciences,IRN,7597.0,-0.155,low,3857.0,-0.5,-0.061,-0.782,0.078,-0.702,1.754,-0.624,-0.268,-0.535
15434.0,Yeshiva University,USA,7597.0,-0.283,very low,1479.0,2.125,-0.287,-0.333,-0.545,-0.793,-0.334,-1.413,-0.268,-1.186
13908.0,Morgan State University,USA,7597.0,-0.387,very low,1768.0,-0.966,-0.24,-0.825,-0.457,0.014,1.639,-1.413,-0.268,-0.001
77759.0,Zhoukou Normal University,CHN,7597.0,1.922,significant,1378.0,0.765,5.931,-1.15,1.578,-1.136,-0.843,-1.156,-0.268,0.997
6234.0,CECOS University of Information Technology and Emerging Sciences,PAK,7597.0,0.234,medium,474.0,1.124,0.765,-1.515,0.777,-1.042,0.767,-1.413,-0.268,-0.118
4524.0,Nippon Dental University,JPN,7603.0,0.305,medium,734.0,0.912,1.225,0.091,-0.474,1.742,-0.157,-0.913,-0.268,-0.486
3300.0,Gauhati University,IND,7603.0,0.58,medium,3172.0,-1.529,0.681,0.933,1.859,0.474,0.998,0.581,-0.268,0.103
8290.0,Thaksin University,THA,7603.0,0.075,medium,579.0,-1.202,0.549,-0.205,1.169,-0.814,1.5,-1.413,-0.268,-1.186
96935.0,Mizan-Tepi University,ETH,7603.0,0.265,medium,1032.0,-0.254,-0.165,-1.988,2.188,-0.436,4.04,-1.413,-0.268,-0.207
11180.0,American University of Kuwait,KWT,7603.0,-0.024,low,418.0,-0.184,-0.23,-0.707,0.455,-0.994,1.901,-0.126,-0.268,0.041
3092.0,WHU-Otto Beisheim School of Management,DEU,7609.0,-0.42,very low,672.0,0.105,-0.099,-1.118,-0.468,-1.04,-1.002,-1.413,-0.268,0.366
4048.0,"University of Kurdistan, Sanandaj",IRN,7609.0,-0.187,low,3057.0,-1.011,0.887,-0.282,-0.255,-1.179,-1.318,-1.413,-0.268,0.13
1697.0,National Defense University,TWN,7612.0,-0.402,very low,599.0,0.862,-0.606,-0.73,0.065,-1.117,0.005,-1.413,-0.268,-1.186
3066.0,Europa-Universitat Flensburg,DEU,7612.0,0.184,medium,476.0,-0.411,2.268,-0.918,-0.436,-0.738,-1.157,-1.413,-0.268,-1.186
26228.0,Central University of Haryana,IND,7612.0,-0.255,low,1905.0,-0.359,-0.493,-0.1,0.743,-1.21,-1.081,-1.021,-0.268,0.565
77731.0,Quanzhou Normal University,CHN,7617.0,-0.076,low,1445.0,2.512,-0.691,-0.206,0.142,-1.233,1.255,-0.877,-0.268,-0.495
1419.0,Jilin Normal University,CHN,7617.0,-0.294,very low,2171.0,0.704,-0.681,-0.675,0.441,-1.088,-1.176,-0.271,-0.268,-0.955
77072.0,Ecole de Management de Lyon,FRA,7620.0,-0.473,very low,805.0,-0.276,-0.137,-1.753,-0.545,-1.28,-0.612,-0.908,-0.268,0.091
71970.0,Universidad Nacional Amazonica de Madre de Dios,PER,7620.0,2.223,significant,286.0,-0.736,-0.108,4.652,8.77,0.127,-1.405,3.174,-0.268,2.311
59230.0,"California State University, Dominguez Hills",USA,7620.0,-0.373,very low,974.0,-1.007,-0.212,-1.126,-0.224,1.416,-0.068,-1.413,-0.268,-0.135
635.0,University of Botswana,BWA,7626.0,0.149,medium,2515.0,0.631,0.521,-1.282,-0.109,0.153,4.297,-1.413,-0.268,-0.776
782.0,Universidade do Estado do Para,BRA,7626.0,-0.169,low,1087.0,0.919,-0.362,0.069,0.416,-0.552,-0.602,-1.413,-0.268,-0.259
35795.0,IE Universidad,ESP,7626.0,-0.656,very low,759.0,-0.775,-0.108,-1.353,-0.476,-1.209,-1.896,-1.413,-0.268,-1.186
2233.0,Pontificia Universidad Catolica del Ecuador,ECU,7626.0,0.573,medium,2135.0,1.378,-0.315,-0.306,2.954,0.009,0.74,-0.559,-0.268,-0.006
98020.0,Guangzhou Maritime University,CHN,7631.0,-0.288,very low,857.0,0.65,-0.616,-0.933,0.857,-1.316,0.014,-1.413,-0.268,-1.186
6314.0,University of Sindh,PAK,7631.0,2.097,significant,1678.0,0.078,6.532,0.257,0.669,-0.923,0.955,-1.21,1.013,0.016
77729.0,University of Science and Technology Liaoning,CHN,7631.0,-0.182,low,4804.0,0.237,-0.512,0.575,-0.034,0.505,-0.419,-0.233,-0.268,-0.562
92983.0,Prince Sultan Military College of Health Sciences,SAU,7631.0,0.419,medium,376.0,0.763,-0.493,-0.995,0.844,1.182,3.632,-0.506,-0.268,4.156
71285.0,Sri Siva Subramania Nadar College of Engineering,IND,7637.0,-0.02,low,4034.0,-1.15,0.155,-0.707,0.659,-1.341,-0.683,1.085,-0.268,-0.562
629.0,University of Banja Luka,BIH,7637.0,-0.308,very low,1769.0,-1.016,-0.296,-0.44,0.134,0.026,1.218,-1.413,-0.268,-0.319
6824.0,Instituto Politecnico da Guarda,PRT,7639.0,0.518,medium,525.0,5.906,-0.456,-1.413,0.848,-0.8,4.655,-1.413,-0.268,-1.186
10532.0,Middle East University,JOR,7639.0,2.183,significant,2549.0,5.083,2.052,0.913,4.64,-1.029,-1.218,2.648,-0.268,-0.791
98008.0,Shaheed Benazir Bhutto Women University,PAK,7642.0,-0.481,very low,488.0,-0.292,-0.756,-1.425,0.311,-0.704,0.929,-1.413,-0.268,-1.186
2866.0,Fachhochschule Dortmund,DEU,7642.0,-0.446,very low,492.0,-0.813,-0.146,-0.219,-0.333,0.129,-1.488,-1.413,-0.268,-0.148
5639.0,Universidad Autonoma de Zacatecas,MEX,7642.0,-0.307,very low,1456.0,-0.859,-0.249,-0.233,0.208,-0.784,-0.284,-1.413,-0.268,0.9
1294.0,Dalian Ocean University,CHN,7646.0,-0.212,low,2351.0,0.021,-0.625,1.194,0.166,-1.318,-0.87,0.551,-0.268,-0.761
96785.0,Hebei University of Chinese Medicine,CHN,7646.0,-0.179,low,1412.0,-0.687,-0.315,-0.896,1.489,-1.28,-1.451,-0.828,-0.268,-0.451
11824.0,Instituto Politecnico de Setubal,PRT,7646.0,1.611,significant,1212.0,3.872,3.996,0.602,0.834,-0.94,-1.298,-0.829,-0.268,0.987
13713.0,Lafayette College,USA,7646.0,0.026,medium,999.0,-1.203,-0.165,-1.081,0.867,-0.137,1.204,-0.783,-0.268,2.562
13896.0,Monmouth University,USA,7651.0,-0.196,low,598.0,-0.742,-0.108,-0.319,-0.109,-1.157,-0.119,0.978,-0.268,-1.186
406.0,Green University of Bangladesh,BGD,7651.0,-0.084,low,608.0,0.206,-0.324,0.569,-0.288,-1.042,0.244,-0.162,-0.268,2.088
4051.0,Urmia University,IRN,7651.0,-0.252,low,4959.0,-1.224,0.324,0.112,0.066,-1.269,-0.718,-1.413,-0.138,0.18
98356.0,California University of Science and Medicine,USA,7656.0,-0.5,very low,375.0,0.071,-0.475,-1.729,0.012,-0.883,-1.562,-1.413,-0.268,0.195
85824.0,Changsha University,CHN,7658.0,-0.262,very low,1536.0,1.856,-0.653,-1.147,0.441,-1.243,-0.502,-1.413,-0.268,-0.535
53785.0,Muhammad Nawaz Sharif University of Agriculture,PAK,7658.0,-0.141,low,1484.0,0.1,-0.09,-0.728,0.123,-0.599,-0.157,-0.052,-0.268,-0.846
77227.0,Loyola College,IND,7658.0,0.039,medium,917.0,1.496,0.239,-0.154,0.765,-1.242,-0.765,-1.413,-0.268,-1.186
2874.0,FOM Hochschule fur Oekonomie und Management,DEU,7658.0,-0.358,very low,573.0,1.05,-0.249,-1.685,-0.545,-0.172,-0.076,-1.413,-0.268,-0.284
8267.0,Suan Sunandha Rajabhat University,THA,7658.0,2.424,significant,1195.0,-1.525,-0.184,0.767,14.318,-1.116,-1.487,-0.963,-0.268,-0.349
8686.0,Liverpool Hope University,GBR,7663.0,-0.288,very low,1171.0,-0.505,-0.184,-0.399,0.526,-0.945,-0.597,-1.043,-0.268,-1.186
91880.0,University of Veterinary Medicine Budapest,HUN,7663.0,-0.424,very low,1158.0,0.578,-0.559,0.843,-0.5,-0.583,-1.31,-1.413,-0.268,0.133
1820.0,Corporacion Universitaria Minuto de Dios,COL,7663.0,4.853,significant,829.0,-0.803,10.73,1.09,9.159,-1.254,-0.646,-1.413,-0.268,1.829
3280.0,Deen Dayal Upadhyay Gorakhpur University,IND,7663.0,0.362,medium,869.0,-1.397,1.592,0.706,0.116,-0.786,0.452,-1.413,-0.268,3.014
5015.0,The University of Suwon,KOR,7669.0,1.699,significant,772.0,-0.113,6.081,-0.696,-0.072,-1.212,1.504,-0.903,-0.268,0.756
84848.0,Financial University Under the Government of the Russian Federation,RUS,7669.0,2.194,significant,4273.0,-0.22,3.648,1.862,4.908,-1.162,0.533,-1.109,-0.268,4.315
94341.0,Universidade Federal de Jatai,BRA,7672.0,-0.431,very low,809.0,-0.222,-0.249,-0.312,-0.223,-0.831,-0.1,-1.413,-0.268,-1.186
6800.0,Kozminski University,POL,7672.0,-0.264,very low,778.0,1.432,-0.137,-0.791,-0.478,-0.621,-0.125,-1.413,-0.268,-0.51
3364.0,Madurai Kamaraj University,IND,7672.0,0.537,medium,1788.0,-0.578,2.305,-0.951,0.74,-1.224,0.691,-1.413,-0.268,-0.053
77708.0,Yibin University,CHN,7672.0,0.04,medium,1230.0,1.93,-0.146,-0.833,0.219,-1.125,0.193,-1.413,-0.268,2.07
97091.0,Bharatiya Vidya Bhavans Sardar Patel Institute of Technology,IND,7672.0,-0.433,very low,775.0,-1.651,-0.043,-1.469,1.14,-1.37,-2.28,-1.413,-0.268,-1.186
844.0,Universidade Federal do Amapa,BRA,7672.0,-0.067,low,1196.0,1.034,-0.428,1.643,0.59,-0.508,-0.935,-1.051,-0.268,-0.761
4549.0,Osaka Institute of Technology,JPN,7681.0,0.1,medium,1242.0,-0.329,-0.475,0.178,0.254,0.319,3.418,-1.086,-0.268,3.277
1406.0,Jiamusi University,CHN,7681.0,1.16,significant,1713.0,0.046,3.573,-1.49,1.925,-1.004,1.019,-1.413,-0.268,-1.186
1209.0,Universidad Tecnologica Metropolitana,CHL,7683.0,-0.466,very low,1196.0,-0.711,-0.597,0.171,0.154,-1.238,-0.912,-1.04,-0.268,-0.346
10410.0,University of Science and Culture,IRN,7683.0,-0.242,low,726.0,-0.83,0.07,-1.094,0.246,-1.133,-0.631,-0.003,-0.268,-1.186
1323.0,Guangdong University of Foreign Studies,CHN,7683.0,-0.199,low,3284.0,-0.497,0.342,-1.222,0.6,-1.283,-0.849,-1.413,-0.268,-0.726
1053.0,Saint Mary's University,CAN,7683.0,-0.33,very low,1853.0,0.06,-0.277,-0.099,-0.433,0.486,0.323,-1.151,-0.268,-1.186
4733.0,Irbid National University,JOR,7683.0,1.509,significant,581.0,-0.474,0.286,1.708,6.918,-0.147,0.442,-1.413,-0.268,3.096
3358.0,Kumaun University,IND,7688.0,-0.421,very low,1417.0,-1.299,-0.343,-0.203,0.229,-1.127,-0.634,-0.496,-0.268,-1.186
98623.0,Indian Institute of Technology Tirupati,IND,7688.0,-0.556,very low,1217.0,-0.884,-0.447,-0.117,-0.331,-1.201,-0.321,-1.413,-0.268,-0.351
1769.0,National University of Tainan,TWN,7692.0,-0.652,very low,588.0,-1.042,-0.569,-1.252,-0.101,-1.195,-0.996,-1.413,-0.268,-0.332
67044.0,Gannan Normal University,CHN,7692.0,-0.251,low,1902.0,0.799,-0.616,-0.591,0.663,-1.056,-0.434,-1.413,-0.268,-0.135
4329.0,Hitotsubashi University,JPN,7692.0,-0.443,very low,1191.0,-0.632,-0.137,-0.189,-0.501,-0.606,-0.304,-1.413,-0.268,-0.317
90774.0,Yangtze Normal University,CHN,7692.0,-0.213,low,1943.0,0.602,-0.306,-0.856,0.073,-1.113,0.472,-0.873,-0.268,-0.15
1117.0,Universite du Quebec en Abitibi-Temiscamingue,CAN,7692.0,-0.185,low,1199.0,1.246,-0.465,0.545,-0.545,-0.206,-0.163,-0.461,-0.268,0.073
97094.0,KLE Technological University,IND,7692.0,0.379,medium,2359.0,-0.547,0.624,1.282,0.65,-1.103,-0.797,1.585,-0.268,0.307
124.0,Universidad Abierta Interamericana,ARG,7699.0,1.056,medium,409.0,1.898,-0.184,-1.628,-0.418,-0.807,5.709,-1.413,-0.268,20.193
7893.0,Universite Cheikh Anta Diop de Dakar,SEN,7699.0,0.521,medium,2572.0,0.95,1.573,-0.486,0.389,0.157,0.448,-1.275,-0.268,0.491
3347.0,Jiwaji University,IND,7699.0,-0.162,low,783.0,-0.775,-0.4,0.897,0.656,-1.122,-0.75,-0.91,-0.268,1.417
92614.0,Komar University of Science and Technology,IRQ,7699.0,1.478,significant,576.0,3.312,3.508,1.396,0.634,-0.937,-1.389,0.569,-0.268,-0.309
64496.0,Universidade do Estado do Amazonas,BRA,7699.0,0.262,medium,1789.0,1.859,-0.465,0.129,-0.195,2.603,1.043,1.168,-0.268,-0.478
80988.0,Instituto Federal Catarinense,BRA,7699.0,-0.445,very low,589.0,0.144,-0.24,-1.188,-0.368,-0.865,0.322,-1.413,-0.268,-1.186
4701.0,Utsunomiya University,JPN,7706.0,-0.245,low,1690.0,-0.342,-0.315,0.996,-0.36,-0.438,-0.122,-1.002,-0.268,1.221
3445.0,Shivaji University,IND,7706.0,-0.043,low,2314.0,-0.9,0.361,0.674,0.177,-1.18,-1.387,0.078,-0.268,0.332
59239.0,"California State University, San Bernardino",USA,7709.0,-0.361,very low,1406.0,-0.54,0.258,-1.241,-0.359,-0.624,-0.208,-1.413,-0.268,-0.806
98794.0,Budapest University of Economics and Business,HUN,7709.0,-0.098,low,554.0,-0.024,-0.099,-0.318,0.492,-1.269,-0.755,-1.413,-0.268,2.42
6277.0,NED University of Engineering and Technology,PAK,7709.0,-0.226,low,1868.0,-0.156,-0.061,-0.274,0.21,-0.998,0.213,-1.216,-0.268,-0.647
99078.0,Eskisehir Technical University,TUR,7713.0,-0.416,very low,2314.0,-0.603,-0.456,-0.337,0.177,-1.254,-0.247,-1.413,-0.268,0.118
192.0,Universidad Nacional de Tucuman,ARG,7713.0,-0.371,very low,2000.0,-0.748,-0.268,0.529,-0.493,-0.308,0.972,-1.413,-0.268,-0.17
186.0,Universidad Nacional de Salta,ARG,7713.0,-0.451,very low,733.0,-0.584,-0.371,-0.081,-0.474,0.057,0.145,-1.413,-0.268,-0.493
4370.0,Kanagawa University,JPN,7713.0,-0.016,low,2072.0,-0.007,-0.39,0.728,-0.344,1.529,1.556,-0.204,-0.268,0.533
97201.0,"Indian Institute of Technology, Dharwad",IND,7717.0,1.125,significant,771.0,-1.018,4.832,1.691,-0.41,-1.243,-1.321,-1.413,-0.268,1.432
803.0,Universidade Estadual de Feira de Santana,BRA,7718.0,-0.075,low,2107.0,0.117,-0.212,0.284,-0.223,1.088,1.515,-0.846,-0.268,-0.225
3287.0,Dr Babasaheb Ambedkar Marathwada University,IND,7719.0,0.238,medium,1424.0,-0.354,-0.353,0.785,2.39,-1.247,-1.158,-1.072,-0.268,2.333
84169.0,Nanjing Vocational University of Industry Technology,CHN,7719.0,-0.004,low,885.0,1.15,-0.512,-0.797,1.521,-1.154,-0.01,-1.413,-0.268,-0.063
26237.0,Indian Association for the Cultivation of Science,IND,7719.0,-0.609,very low,2365.0,-0.856,-0.841,1.321,-0.545,-1.195,-1.334,-0.897,-0.268,0.302
856.0,Universidade Federal Rural da Amazonia,BRA,7719.0,-0.283,very low,1835.0,0.187,-0.287,1.274,0.024,-0.673,-1.0,-1.413,-0.268,-0.637
81070.0,Yozgat Bozok University,TUR,7719.0,0.184,medium,2441.0,0.06,-0.155,-0.026,0.354,1.852,0.409,0.662,-0.268,0.051
91925.0,Kazakh National Agrarian University,KAZ,7726.0,0.065,medium,750.0,-1.145,-0.024,1.077,1.614,-0.915,-0.003,-1.413,-0.268,0.483
13137.0,Bentley University,USA,7726.0,-0.62,very low,1061.0,-1.122,-0.09,-1.19,-0.447,-0.989,-1.605,-1.413,-0.268,-0.679
91992.0,Igdir University,TUR,7726.0,-0.501,very low,1227.0,-0.871,-0.08,0.714,-0.162,-1.302,-2.006,-1.413,-0.268,-1.186
80403.0,Ecole Militaire Polytechnique,DZA,7726.0,-0.303,very low,1066.0,-1.184,-0.418,1.865,-0.447,-1.355,-1.882,0.79,-0.268,0.928
59303.0,"State University of New York, Buffalo State College",USA,7732.0,-0.461,very low,673.0,0.084,-0.268,-0.5,-0.468,-0.896,-1.596,-1.413,-0.268,0.448
823.0,Universidade Federal de Alfenas,BRA,7732.0,-0.221,low,2173.0,0.322,-0.043,-0.157,-0.209,-0.473,0.042,-1.413,-0.268,-0.029
8430.0,Yasar University,TUR,7735.0,-0.402,very low,1227.0,-1.177,-0.39,-0.928,-0.12,-0.886,0.643,0.009,-0.268,-1.186
35790.0,Universidad Pontificia de Salamanca,ESP,7735.0,0.288,medium,620.0,-0.317,-0.212,-0.495,0.718,-1.166,-0.797,-1.413,5.629,-1.186
94272.0,"Instituto Federal de Educacao, Ciencia e Tecnologia Goiano",BRA,7735.0,5.986,significant,1673.0,0.95,20.169,0.089,0.36,-1.082,-1.438,-0.386,-0.268,-0.885
5614.0,Universidad Autonoma Chapingo,MEX,7735.0,-0.179,low,1405.0,-0.957,-0.127,0.006,-0.322,-1.263,-1.562,-1.413,3.252,-0.476
80414.0,Utah Valley University,USA,7741.0,-0.346,very low,1148.0,-1.001,-0.127,-0.676,-0.181,-0.576,1.017,-1.413,-0.268,0.163
97180.0,Jaypee University of Engineering and Technology,IND,7741.0,0.472,medium,569.0,-1.697,0.953,-0.525,1.199,-1.145,0.4,0.847,-0.268,2.428
8572.0,National Technical University of Ukraine - Kyiv Polytechnic Institute,UKR,7741.0,0.267,medium,5316.0,-1.022,-0.08,5.475,1.125,-0.99,-0.527,-1.413,-0.268,2.763
1206.0,"Universidad Santo Tomas, Chile",CHL,7744.0,-0.013,low,1784.0,1.967,-0.259,-0.204,0.216,-0.312,-0.306,-0.758,-0.268,-0.622
3344.0,"Jawaharlal Nehru Technological University, Hyderabad",IND,7747.0,1.455,significant,2152.0,0.006,3.648,-0.945,3.12,-1.356,-0.606,-1.255,-0.268,0.674
3812.0,Universitas Multimedia Nusantara,IDN,7747.0,0.412,medium,463.0,-0.884,-0.024,1.745,3.516,-1.244,-0.933,-1.413,-0.268,-0.11
3398.0,National Institute of Technology Kurukshetra,IND,7750.0,-0.228,low,3899.0,-0.851,-0.409,0.267,0.446,-1.37,-0.768,-0.434,-0.268,1.094
5190.0,University of Malaysia Kelantan,MYS,7750.0,0.867,medium,3270.0,-0.346,2.409,0.214,1.372,-0.97,-0.635,-0.013,-0.268,0.041
96367.0,Graphic Era Hill University,IND,7750.0,0.981,medium,5270.0,0.521,-0.127,3.528,1.497,-1.267,-0.119,3.586,-0.268,4.569
3275.0,Chhatrapati Shahu Ji Maharaj University,IND,7754.0,-0.188,low,578.0,-0.834,-0.296,-0.937,0.449,-1.233,1.611,-0.8,-0.268,0.592
794.0,Universidade Federal do Tocantins,BRA,7756.0,-0.232,low,1679.0,0.024,-0.259,0.36,0.481,-0.606,-0.275,-1.413,-0.268,-1.186
2443.0,"University of the South Pacific, Fiji",FJI,7756.0,-0.309,very low,1457.0,0.238,-0.287,0.237,-0.115,-0.451,-0.876,-1.179,-0.268,-0.483
80242.0,Ho Chi Minh City University of Science,VNM,7756.0,-0.055,low,3322.0,0.485,0.098,0.833,-0.262,-0.787,0.023,-0.544,-0.268,-0.051
3316.0,Himachal Pradesh University,IND,7756.0,-0.3,very low,1236.0,-1.424,-0.4,-0.145,0.511,-1.204,0.824,-0.691,-0.268,-0.364
123.0,Pontificia Universidad Catolica Argentina Santa Maria de los Buenos Aires,ARG,7756.0,0.037,medium,1139.0,1.539,0.295,-0.621,-0.362,-0.122,2.181,-1.413,-0.268,-0.729
13524.0,Franklin & Marshall College,USA,7764.0,-0.365,very low,679.0,-1.055,-0.23,-1.301,-0.545,1.031,3.19,-1.413,-0.268,-1.186
1177.0,"Universidad de Las Americas, Chile",CHL,7764.0,0.014,medium,1431.0,1.978,-0.362,-0.204,0.659,-0.79,-0.386,-1.138,-0.268,0.058
5613.0,Universidad Autonoma Benito Juarez de Oaxaca,MEX,7767.0,-0.484,very low,387.0,0.883,-0.428,-0.691,-0.14,-0.46,-2.623,-1.413,-0.268,-1.186
8948.0,Hue University,VNM,7767.0,-0.075,low,2662.0,0.354,-0.099,0.254,0.456,-0.434,0.153,-1.413,-0.268,-0.056
11225.0,Sri Lanka Institute of Information Technology,LKA,7767.0,-0.318,very low,1404.0,-1.41,-0.052,1.242,-0.099,-1.349,-1.143,-0.46,-0.268,-0.118
3791.0,Nahdlatul Ulama University of Surabaya,IDN,7770.0,3.085,significant,709.0,-0.101,-0.061,1.355,15.739,-1.059,1.528,-0.747,-0.268,-0.481
88466.0,Universidad Isabel I,ESP,7770.0,-0.127,low,801.0,1.042,-0.259,-0.789,-0.154,-1.007,0.173,0.127,-0.268,-0.555
78765.0,"Islamic Azad University, Yazd",IRN,7773.0,0.837,medium,650.0,-0.771,2.559,-0.916,0.339,-0.953,1.48,-1.413,-0.268,5.329
91937.0,Bam University of Medical Sciences,IRN,7773.0,0.843,medium,842.0,-0.478,2.69,-1.472,-0.111,-0.219,2.708,0.815,-0.268,0.004
81057.0,Kastamonu University,TUR,7777.0,-0.22,low,2169.0,-1.074,-0.371,2.035,0.563,-1.199,-0.992,-0.893,-0.268,0.202
8659.0,Bath Spa University,GBR,7777.0,-0.453,very low,626.0,-0.272,-0.033,-0.743,-0.379,-0.664,-0.85,-1.413,-0.268,-1.186
80203.0,Patan Academy of Health Sciences,NPL,7777.0,0.196,medium,602.0,-1.143,0.662,-1.473,1.19,0.616,2.891,-1.413,-0.268,-1.186
6022.0,The Hague University of Applied Sciences,NLD,7783.0,-0.301,very low,590.0,1.475,-0.193,-0.092,-0.457,-0.619,-1.607,-1.413,-0.268,-0.312
98821.0,Sikkim University,IND,7783.0,-0.113,low,855.0,-1.156,0.737,-0.392,0.127,-1.259,-1.142,-0.185,-0.268,-1.186
7579.0,Southern Federal University,RUS,7783.0,0.339,medium,6787.0,-0.186,-0.296,2.532,0.948,-1.072,0.337,0.497,-0.268,2.89
6408.0,Universidad Nacional Agraria La Molina,PER,7783.0,-0.287,very low,1331.0,0.274,-0.193,-0.039,-0.271,-0.616,0.399,-1.413,-0.268,-0.431
96236.0,"National Institute of Technology, Patna",IND,7787.0,0.565,medium,4466.0,-1.342,1.751,1.663,0.753,-1.352,-0.526,0.379,-0.268,0.453
15431.0,Xavier University,USA,7787.0,-0.435,very low,590.0,-1.299,-0.108,-1.144,-0.368,-0.701,1.506,-1.413,-0.268,-0.284
62500.0,Forman Christian College University,PAK,7791.0,-0.452,very low,887.0,-0.772,-0.625,-1.038,0.102,-1.018,1.006,-1.413,-0.268,0.247
92611.0,Sulaimani Polytechnic University,IRQ,7793.0,0.568,medium,684.0,0.656,0.906,-1.851,1.898,-0.62,3.303,-1.413,-0.268,-0.451
6245.0,Gomal University,PAK,7793.0,0.141,medium,1564.0,-0.111,0.061,-1.094,0.323,-0.563,3.348,-0.591,-0.268,1.407
4005.0,Kurdistan University of Medical Sciences,IRN,7793.0,0.765,medium,1962.0,-0.727,0.502,-1.707,0.253,-0.151,4.064,-0.129,5.979,-1.186
77655.0,Liaoning University of Technology,CHN,7793.0,-0.117,low,1918.0,-0.232,-0.343,0.277,0.081,-1.363,-1.848,1.412,-0.268,0.505
88329.0,Shanghai Dianji University,CHN,7793.0,-0.529,very low,2428.0,-0.501,-0.475,-0.523,0.036,-1.191,-0.819,-1.413,-0.268,-0.98
91847.0,Dali University,CHN,7793.0,-0.311,very low,2480.0,0.781,-0.503,0.611,-0.019,-0.931,-0.29,-1.276,-0.268,-0.982
1016.0,University of Northern British Columbia,CAN,7793.0,0.206,medium,1701.0,0.001,1.639,-0.796,-0.515,-0.23,0.612,-1.212,-0.268,-0.284
1928.0,Universidad del Cauca,COL,7802.0,0.188,medium,1416.0,-0.293,-0.259,-0.146,2.48,-0.818,-0.272,-0.894,-0.268,-0.471
91924.0,"Islamic Azad University, Damghan Branch",IRN,7805.0,-0.51,very low,514.0,-0.394,-0.447,-0.652,-0.139,-1.259,-1.661,-1.413,-0.268,0.759
408.0,"Independent University, Bangladesh",BGD,7805.0,0.036,medium,1283.0,-0.455,-0.277,-0.753,1.002,-0.095,1.549,-0.636,-0.268,0.389
6454.0,Universidad Tecnologica del Peru,PER,7809.0,1.759,significant,2145.0,0.286,3.986,2.419,2.548,-0.699,0.668,-0.667,-0.268,-0.019
632.0,University of Sarajevo,BIH,7809.0,-0.36,very low,3564.0,-1.068,-0.212,0.115,-0.062,-0.529,0.202,-1.413,-0.268,0.029
99023.0,Antalya Bilim University,TUR,7809.0,-0.433,very low,785.0,-0.046,-0.4,0.163,-0.146,-0.69,-0.517,-1.413,-0.268,-1.186
5155.0,Ss Cyril and Methodius University of Skopje,MKD,7809.0,0.078,medium,3567.0,-0.851,-0.268,-0.864,0.86,0.845,2.518,-1.284,0.877,-0.259
92446.0,Delta University for Science and Technology,EGY,7817.0,0.851,medium,1617.0,4.291,0.079,1.453,1.038,-0.966,0.334,2.206,-0.268,-0.875
8567.0,National University of Life and Environmental Sciences of Ukraine,UKR,7817.0,0.608,medium,3199.0,-0.887,-0.061,6.045,2.541,-0.68,-1.358,-0.757,-0.268,2.182
1223.0,Beihua University,CHN,7817.0,0.095,medium,1888.0,-0.088,0.192,-1.061,1.751,-1.195,0.196,-1.413,-0.268,-0.654
732.0,Universidade Federal do Rio Grande,BRA,7817.0,-0.176,low,3924.0,0.158,-0.362,0.896,-0.106,-0.541,1.133,-1.206,-0.268,0.225
3421.0,Punjab Agricultural University,IND,7817.0,-0.07,low,5112.0,-1.039,0.183,0.762,0.006,0.067,0.793,-0.374,-0.268,-0.791
696.0,"Universidade La Salle, Brazil",BRA,7817.0,-0.233,low,868.0,3.641,-0.503,-0.651,-0.365,-0.757,-1.517,-1.413,-0.268,-1.186
1932.0,Universidad del Quindio,COL,7817.0,-0.183,low,655.0,0.461,-0.306,-0.512,0.89,-0.585,-2.206,-1.413,-0.268,0.364
3223.0,Reykjavik University,ISL,7825.0,0.672,medium,1923.0,3.324,0.615,-0.053,-0.437,-0.277,1.491,0.763,-0.268,2.694
92692.0,Palestine Technical University,PSE,7825.0,0.25,medium,741.0,-0.749,-0.315,0.178,1.64,-1.204,0.398,-0.953,-0.268,4.904
6825.0,Instituto Politecnico de Beja,PRT,7825.0,0.123,medium,579.0,4.213,-0.456,0.473,0.538,-0.772,-0.533,-1.413,-0.268,-1.186
6184.0,VID Specialized University,NOR,7830.0,-0.153,low,888.0,2.73,-0.249,0.381,-0.545,-0.499,-0.978,-1.014,-0.268,-1.186
92087.0,The Russian Presidential Academy of National Economy and Public Administration,RUS,7830.0,0.306,medium,3494.0,0.911,0.136,1.407,1.219,-1.123,-0.451,-1.413,-0.268,2.137
97020.0,MSH Medical School Hamburg,DEU,7830.0,-0.209,low,1120.0,2.165,-0.587,0.792,-0.545,-0.274,-0.333,-1.085,-0.268,-0.284
99070.0,Ghani Khan Choudhury Institute of Engineering And Technology,IND,7830.0,-0.11,low,365.0,-0.391,-0.475,-0.243,0.313,-1.334,-0.895,2.181,-0.268,-1.186
96181.0,Galgotias University,IND,7830.0,0.255,medium,4379.0,-1.218,0.07,-0.244,1.793,-1.334,0.194,0.223,-0.268,1.417
3503.0,Vidyasagar University,IND,7830.0,-0.381,very low,2241.0,-1.349,-0.475,0.816,0.411,-1.238,-1.775,-0.418,-0.268,-0.155
75873.0,Universidad Autonoma de Guerrero,MEX,7830.0,-0.334,very low,1245.0,-0.173,-0.4,0.891,0.21,-1.128,-0.794,-1.413,-0.268,-0.374
6847.0,"Instituto Universitario de Ciencias Psicologicas, Sociais e da Vida",PRT,7830.0,0.074,medium,934.0,1.93,-0.418,-0.189,-0.489,0.159,-0.505,-1.413,2.495,0.448
13958.0,The New School,USA,7830.0,-0.297,very low,1628.0,-0.278,-0.005,-0.963,-0.417,-0.715,0.858,-1.179,-0.268,0.029
96985.0,University of Energy and Natural Resources,GHA,7841.0,-0.256,low,1252.0,0.936,-0.475,-1.014,0.248,-0.8,0.426,-1.413,-0.268,-0.384
1527.0,Shanghai University of Finance and Economics,CHN,7841.0,-0.408,very low,4227.0,-0.655,-0.127,-1.337,0.208,-1.286,-0.468,-1.413,-0.268,-0.473
81056.0,Kirsehir Ahi Evran University,TUR,7845.0,-0.372,very low,1944.0,-1.019,-0.371,-0.889,0.476,-1.126,-0.209,-1.217,-0.268,0.118
89523.0,Centro de Ciencia del Clima y la Resiliencia,CHL,7845.0,0.292,medium,458.0,7.01,-0.493,-0.05,-0.545,0.773,-0.313,-1.413,-0.268,-0.088
92593.0,Simad University,SOM,7845.0,0.206,medium,357.0,-0.323,-0.174,6.846,1.504,-1.265,-1.224,-1.413,-0.268,-1.186
91866.0,Wolaita Sodo University,ETH,7845.0,-0.201,low,1562.0,0.171,-0.324,-0.976,-0.077,-0.375,0.592,0.183,-0.268,-1.186
13507.0,Florida Gulf Coast University,USA,7850.0,-0.248,low,1283.0,-0.085,-0.108,-1.09,-0.26,-0.303,1.304,-1.045,-0.268,-0.391
6422.0,Universidad Nacional del Altiplano,PER,7850.0,0.633,medium,877.0,-0.646,-0.108,1.543,4.16,-0.653,-0.082,-1.413,-0.268,0.52
6689.0,Siedlce University of Natural Sciences and Humanities,POL,7850.0,-0.313,very low,1029.0,-1.646,-0.381,0.677,0.622,-0.976,-0.779,-1.413,-0.268,1.265
6402.0,"Universidad del Pacifico, Peru",PER,7850.0,-0.218,low,644.0,0.422,-0.099,-0.329,-0.221,-0.798,-0.057,-1.413,0.734,-1.186
98400.0,Toraighyrov Pavlodar State University,KAZ,7855.0,0.424,medium,595.0,-1.387,0.155,2.775,3.318,-0.34,-2.491,-1.413,-0.268,0.486
15450.0,University of Richmond,USA,7855.0,-0.332,very low,1377.0,-1.066,-0.174,-0.742,-0.431,0.327,2.459,-1.413,-0.268,-0.418
90181.0,Mehmet Akif Ersoy University,TUR,7855.0,-0.223,low,2122.0,-0.527,-0.315,-0.222,0.439,-0.6,-0.523,-0.461,-0.268,-0.476
8332.0,Universite de Sfax,TUN,7860.0,0.384,medium,11469.0,1.695,0.483,0.933,0.694,-1.141,-0.705,-0.156,-0.268,0.376
98833.0,Rajamangala University of Technology Tawan-ok,THA,7860.0,0.319,medium,519.0,-1.13,0.051,-0.327,3.783,-1.354,-0.568,-1.413,-0.268,-1.186
95782.0,Bilecik Seyh Edebali University,TUR,7863.0,-0.247,low,1671.0,-0.348,-0.456,1.27,0.08,-1.197,0.546,-1.413,-0.268,0.915
809.0,Universidade Estadual de Ponta Grossa,BRA,7863.0,-0.26,low,2290.0,0.223,-0.409,0.939,-0.135,-0.712,-1.115,-0.244,-0.268,-0.744
15001.0,Quinnipiac University,USA,7863.0,-0.454,very low,1280.0,-0.813,-0.24,-1.31,-0.097,-0.889,0.303,-1.413,-0.268,-0.364
2907.0,Hochschule Osnabruck,DEU,7866.0,-0.246,low,757.0,0.449,-0.324,-0.298,-0.476,-0.92,0.442,-1.413,-0.268,2.179
77654.0,Huanggang Normal University,CHN,7866.0,0.849,medium,1452.0,1.897,2.747,-0.797,0.894,-0.983,-0.891,-1.413,-0.268,-0.841
15515.0,"University of New England, United States",USA,7866.0,-0.356,very low,824.0,-0.267,-0.334,-1.212,0.025,-0.281,0.738,-1.413,-0.268,-0.56
62566.0,Naval University of Engineering,CHN,7870.0,-0.415,very low,5183.0,-1.086,-0.4,1.324,-0.092,-1.317,-0.392,-1.082,-0.268,-0.272
66958.0,Dezhou University,CHN,7873.0,-0.349,very low,1211.0,1.277,-0.756,-0.744,0.145,-0.679,-0.427,-1.413,-0.268,-0.361
6250.0,Hamdard University,PAK,7873.0,0.066,medium,588.0,-0.15,-0.23,-1.612,2.12,-1.029,1.706,-1.413,-0.268,-1.186
6828.0,Instituto Politecnico de Lisboa,PRT,7873.0,0.639,medium,2581.0,5.921,-0.39,0.416,-0.039,-0.554,-0.046,-1.072,-0.268,6.305
80129.0,Universidad Nacional Toribio Rodriguez de Mendoza de Amazonas,PER,7873.0,0.443,medium,577.0,0.402,-0.324,2.344,2.895,-0.896,-1.441,0.065,-0.268,-1.186
3487.0,University of Madras,IND,7873.0,0.947,medium,3772.0,0.54,3.376,-0.381,0.59,-1.253,0.185,-1.194,-0.268,-0.379
80569.0,M. S. Ramaiah Institute of Technology,IND,7880.0,0.266,medium,2920.0,-1.045,0.436,-0.695,1.888,-1.193,0.572,-1.152,-0.268,1.392
71502.0,Weifang University,CHN,7880.0,0.077,medium,1476.0,-0.203,-0.005,-0.308,1.472,-1.22,0.312,-1.413,-0.268,0.674
4649.0,Tohoku Gakuin University,JPN,7884.0,0.119,medium,386.0,-1.213,-0.212,1.761,-0.41,0.989,3.58,-1.413,-0.268,4.76
13298.0,Colby College,USA,7884.0,-0.422,very low,935.0,-0.906,-0.155,-0.734,-0.545,-0.076,1.843,-1.413,-0.268,-1.186
810.0,Universidade Estadual de Santa Cruz,BRA,7884.0,-0.269,very low,2140.0,0.478,-0.353,0.26,-0.131,-0.391,0.163,-1.241,-0.268,-0.716
3507.0,Visva-Bharati University,IND,7888.0,0.177,medium,2793.0,-0.455,-0.165,1.196,0.277,1.92,0.226,0.255,-0.268,1.012
3304.0,Anand Agricultural University,IND,7888.0,-0.417,very low,640.0,-1.457,-0.212,-1.053,0.026,-1.135,0.885,-1.413,-0.268,0.406
1784.0,Tatung University,TWN,7891.0,-0.233,low,509.0,-0.454,-0.578,-1.322,0.891,-1.258,0.825,-1.413,-0.268,1.273
25520.0,"Instituto Federal de Educacao, Ciencia e Tecnologia do Ceara",BRA,7891.0,-0.019,low,1407.0,1.049,-0.39,-1.565,0.235,-0.124,4.274,-1.143,-0.268,-0.831
8337.0,Universite de Carthage,TUN,7891.0,0.017,medium,7335.0,2.634,-0.259,0.145,0.21,-1.113,-0.247,-1.256,-0.268,0.046
91950.0,Reshetnev Siberian State University of Science and Technology,RUS,7891.0,1.756,significant,2321.0,2.801,-0.005,9.979,3.754,-1.171,-2.253,0.39,-0.268,7.738
92993.0,University of Okara,PAK,7891.0,0.01,medium,1557.0,0.587,-0.747,1.819,0.696,-0.762,-0.678,1.031,-0.268,-1.186
98409.0,Mohan Babu University,IND,7898.0,0.61,medium,2636.0,-1.473,-0.071,4.964,2.071,-1.29,-3.495,0.443,-0.268,6.767
99188.0,Pan African University,CMR,7898.0,-0.202,low,1293.0,-0.437,-0.456,-0.387,0.829,-1.213,-1.49,-0.236,-0.268,0.356
93048.0,Ecole Superieure de Technologie Sale,MAR,7901.0,0.265,medium,458.0,0.027,0.521,1.25,1.279,-1.189,-1.773,-1.413,-0.268,2.083
80727.0,National Defence University of Malaysia,MYS,7902.0,0.106,medium,1777.0,-0.668,-0.202,0.394,0.777,-0.882,-1.006,0.699,-0.268,2.199
8708.0,Royal College of Art,GBR,7902.0,-0.338,very low,528.0,-0.03,-0.071,-0.775,0.147,-0.941,-0.591,-1.413,-0.268,-1.186
72002.0,Cooperativa de Ensino Superior Politecnico e Universitario,PRT,7902.0,0.653,medium,1118.0,7.749,-0.728,-0.803,-0.218,0.185,3.541,0.805,-0.268,-1.186
7523.0,Petrozavodsk State University,RUS,7902.0,0.66,medium,1392.0,-1.371,0.051,4.08,0.768,-0.965,-1.151,-1.413,6.761,-0.098
64693.0,Faculdade de Medicina do ABC,BRA,7909.0,0.036,medium,1447.0,1.703,-0.371,-1.668,-0.22,0.16,2.799,-0.379,-0.268,0.431
4000.0,Jahrom University of Medical Sciences,IRN,7909.0,-0.115,low,819.0,-1.066,-0.371,-1.781,0.347,0.319,5.744,-0.948,-0.268,-1.186
6300.0,University of Azad Jammu and Kashmir,PAK,7909.0,-0.157,low,1400.0,0.153,-0.409,-0.185,0.798,-0.915,0.207,-1.413,-0.268,0.068
5098.0,Holy Spirit University of Kaslik,LBN,7914.0,1.049,medium,1129.0,2.31,1.206,0.827,0.241,-0.906,-1.384,4.839,0.112,-0.289
97907.0,Changzhi University,CHN,7916.0,-0.28,very low,417.0,0.269,-0.747,-1.292,1.334,-1.343,0.201,-1.413,-0.268,-1.186
12486.0,Bogomolets National Medical University,UKR,7916.0,0.212,medium,2504.0,-1.514,0.446,1.913,0.456,-0.955,1.997,-1.251,-0.268,2.86
81191.0,Damietta University,EGY,7916.0,0.155,medium,2124.0,1.795,-0.437,0.251,0.955,-1.104,0.789,-0.659,-0.268,0.23
96929.0,Debre Berhan University,ETH,7916.0,-0.062,low,1223.0,0.194,-0.691,-1.561,1.035,-0.15,3.226,-1.123,-0.268,-0.356
90182.0,Adana Science and Technology University,TUR,7916.0,-0.512,very low,1243.0,-0.984,-0.268,0.467,-0.083,-1.342,-1.306,-1.413,-0.268,-0.781
66229.0,Universidade Federal de Ciencias da Saude de Porto Alegre,BRA,7921.0,-0.47,very low,2528.0,0.188,-0.428,-1.057,-0.38,-0.354,-0.13,-1.413,-0.268,-0.784
96931.0,Wolkite University,ETH,7921.0,-0.294,very low,956.0,-0.325,-0.709,-1.509,1.149,-0.665,0.625,-1.413,-0.268,-0.657
98700.0,Universitas Muhammadiyah Purwokerto,IDN,7921.0,0.881,medium,504.0,0.626,-0.287,-0.458,6.192,-1.16,-0.513,-1.413,-0.268,-1.186
6866.0,Universidade dos Acores,PRT,7921.0,0.097,medium,1691.0,1.74,-0.428,0.766,0.32,1.27,0.49,-1.204,-0.268,0.168
6275.0,National University of Modern Languages,PAK,7926.0,1.064,medium,1006.0,-0.239,2.503,-1.593,2.83,-1.304,0.867,-1.413,-0.268,0.806
78303.0,Universidad Espiritu Santo,ECU,7926.0,0.723,medium,1549.0,2.777,-0.212,-0.268,1.208,-0.602,1.816,2.322,-0.268,0.284
70786.0,Dr BR Ambedkar National Institute of Technology,IND,7926.0,-0.33,very low,4152.0,-1.248,-0.371,0.433,0.159,-1.342,-0.572,-0.547,-0.268,0.59
59276.0,"University of Wisconsin, Green Bay",USA,7926.0,-0.029,low,798.0,0.943,-0.174,-1.151,-0.48,-0.397,1.261,-1.413,-0.268,4.142
82.0,Universite Ferhat Abbas de Setif,DZA,7931.0,0.018,medium,2969.0,0.255,-0.456,1.055,0.211,-0.82,1.46,-0.719,-0.268,2.02
84872.0,Palo Alto University,USA,7931.0,-0.379,very low,718.0,0.19,-0.184,-0.859,-0.545,-0.86,0.882,-1.413,-0.268,-0.478
1166.0,Universidad Central de Chile,CHL,7931.0,-0.057,low,807.0,3.048,-0.306,-1.571,-0.286,-0.98,1.57,-1.413,-0.268,0.086
3964.0,K.N.Toosi University of Technology,IRN,7935.0,-0.33,very low,5886.0,-0.415,-0.061,0.173,-0.181,-1.269,-0.665,-1.061,-0.268,-0.252
7207.0,Irkutsk State Technical University,RUS,7935.0,0.804,medium,2354.0,0.056,-0.315,3.92,4.137,-1.04,-1.145,-1.056,-0.268,2.224
96179.0,University of Gour Banga,IND,7935.0,-0.524,very low,862.0,-1.336,-0.616,0.656,0.061,-1.316,-0.688,-0.941,-0.268,-0.6
13281.0,Clark University,USA,7935.0,-0.2,low,1552.0,-0.717,0.652,-1.118,-0.478,-0.259,0.356,-1.413,-0.268,-0.178
184.0,Universidad Nacional de Rio Cuarto,ARG,7935.0,-0.504,very low,1292.0,-1.084,-0.428,0.698,-0.505,-0.856,-0.368,-1.413,-0.268,0.56
80641.0,Chongqing College of Electronic Engineering,CHN,7940.0,0.19,medium,557.0,0.146,-0.334,-1.301,2.831,-1.227,1.275,-1.413,-0.268,-1.186
3444.0,Sher-e-Kashmir University of Agricultural Sciences and Technology-Srinagar,IND,7940.0,0.06,medium,2290.0,-0.994,1.216,-0.666,-0.249,-1.051,1.19,-0.542,-0.268,-0.96
90171.0,Ordu University,TUR,7940.0,-0.497,very low,1798.0,-1.446,-0.315,-0.628,0.181,-1.036,0.047,-1.413,-0.268,-0.908
7984.0,Vaal University of Technology,ZAF,7944.0,0.356,medium,1098.0,-0.497,-0.334,0.684,2.309,-1.224,-1.53,0.021,-0.268,3.444
15210.0,Suffolk University,USA,7944.0,-0.619,very low,860.0,-0.826,-0.09,-1.501,-0.545,-1.062,-0.903,-1.413,-0.268,-1.186
3423.0,Punjabi University,IND,7944.0,-0.016,low,3311.0,-0.972,-0.221,-0.046,1.79,-1.298,-0.475,-1.14,-0.268,0.419
4047.0,University of Kashan,IRN,7944.0,0.018,medium,3245.0,-1.178,1.113,0.336,-0.078,-1.319,-1.371,-0.249,-0.268,-0.262
15287.0,United States Military Academy at West Point,USA,7953.0,-0.21,low,1455.0,-0.42,-0.127,-0.03,-0.33,-0.416,1.032,-1.152,-0.268,0.982
8944.0,University of Danang,VNM,7953.0,0.039,medium,2372.0,2.133,-0.287,-0.14,0.49,-1.125,-0.638,-1.413,-0.268,1.544
78993.0,"Islamic Azad University, Kerman",IRN,7955.0,0.765,medium,617.0,-1.018,3.705,-0.892,-0.207,-1.322,-0.534,-1.413,-0.268,2.05
12346.0,Ubon Ratchathani University,THA,7955.0,-0.455,very low,1025.0,-1.243,-0.522,0.704,-0.087,-0.69,0.068,-0.991,-0.268,-0.697
1439.0,Liaoning Normal University,CHN,7957.0,-0.082,low,3610.0,0.688,-0.597,0.612,0.12,1.289,-0.601,-0.028,-0.268,-0.632
77744.0,Shangqiu Normal University,CHN,7958.0,-0.069,low,1161.0,1.529,-0.663,-0.862,0.894,-1.066,0.523,-1.097,-0.268,0.103
13190.0,Bucknell University,USA,7961.0,0.001,medium,1531.0,-1.159,1.3,-0.703,-0.511,-0.576,0.683,-1.413,-0.268,0.533
3234.0,Allahabad University,IND,7961.0,-0.276,very low,3211.0,-0.968,-0.39,0.664,0.073,-1.227,-0.069,-0.318,-0.268,0.265
8760.0,University of Chichester,GBR,7964.0,-0.426,very low,589.0,0.229,-0.277,-0.653,-0.457,-1.03,0.749,-1.413,-0.268,-1.186
7924.0,University of Presov in Presov,SVK,7964.0,-0.305,very low,1475.0,-0.71,-0.221,-0.131,0.234,-0.71,0.216,-1.413,0.169,-1.186
6151.0,"Lagos State University, Ojo",NGA,7964.0,-0.082,low,1313.0,0.094,-0.165,-0.777,0.609,-0.107,0.21,-1.413,-0.268,0.764
3348.0,Kakatiya University,IND,7964.0,0.961,medium,669.0,-1.324,2.578,-0.108,2.5,-1.365,-0.58,-1.413,-0.268,1.819
4297.0,Fukushima University,JPN,7964.0,-0.393,very low,843.0,-0.346,-0.465,1.536,-0.545,-0.739,0.339,-1.413,-0.268,0.039
92355.0,Egyptian Russian University,EGY,7971.0,0.271,medium,947.0,1.562,-0.691,1.143,2.379,-1.145,0.145,-1.413,-0.268,0.148
77735.0,Vel Tech University,IND,7971.0,0.665,medium,6609.0,-1.53,1.563,0.992,2.008,-1.239,-0.804,-0.605,-0.268,1.74
77608.0,Jaypee Institute of Information Technology,IND,7971.0,0.053,medium,2831.0,-1.4,0.737,-0.114,0.765,-1.315,0.134,-1.112,-0.268,0.438
1941.0,Universidad Externado de Colombia,COL,7971.0,1.027,medium,636.0,1.334,0.023,-0.171,-0.381,-0.79,-0.062,-1.413,11.737,-0.371
2127.0,University of Dubrovnik,HRV,7975.0,-0.224,low,513.0,0.047,-0.193,0.087,-0.342,-0.454,0.874,-0.416,-0.268,-1.186
80574.0,St Johns Medical College,IND,7975.0,-0.155,low,760.0,-1.483,-0.484,-1.417,0.417,1.41,3.442,-0.308,-0.268,-1.186
8476.0,Dnipro State Agrarian and Economic University,UKR,7977.0,0.269,medium,569.0,-0.225,0.032,5.334,1.566,0.434,-2.729,-1.413,-0.268,-0.312
6131.0,"Bayero University, Kano",NGA,7978.0,0.075,medium,2899.0,1.568,-0.381,-0.253,0.121,-0.069,3.301,-1.413,-0.268,0.55
78892.0,Universite Internationale de Rabat,MAR,7980.0,-0.136,low,1154.0,2.069,-0.409,-0.682,0.043,-0.938,-0.158,-1.413,-0.268,0.57
5022.0,Woosong University,KOR,7980.0,0.074,medium,1077.0,-1.329,-0.343,0.137,1.298,-1.356,-0.829,1.925,-0.268,-0.252
6124.0,Abubakar Tafawa Balewa University,NGA,7985.0,0.034,medium,749.0,2.175,-0.465,0.076,0.71,-0.526,-2.365,-0.94,-0.268,1.516
4148.0,Libera Universita Maria Ss. Assunta,ITA,7985.0,-0.415,very low,730.0,-0.887,-0.268,0.143,-0.474,-0.769,0.748,-1.413,-0.268,0.22
3979.0,Yazd University,IRN,7987.0,0.028,medium,3845.0,-1.068,0.925,-0.25,0.107,-1.148,0.144,-0.703,-0.268,-0.081
35915.0,University of North Georgia,USA,7987.0,-0.324,very low,805.0,-1.192,-0.221,-1.009,-0.091,-0.315,1.516,-1.413,-0.268,0.766
1245.0,Bengbu Medical College,CHN,7987.0,-0.068,low,4095.0,-0.965,0.671,-1.515,0.59,-0.624,0.617,-1.413,-0.268,-0.935
12878.0,Universidade Federal do Vale do Sao Francisco,BRA,7992.0,-0.129,low,1777.0,-0.141,0.511,0.284,-0.163,-0.895,-0.125,-1.413,-0.268,-0.62
99026.0,Algoma University,CAN,7994.0,-0.32,very low,280.0,0.626,-0.268,-1.187,-0.545,-0.967,2.847,-1.413,-0.268,-1.186
990.0,Universite de Yaounde I,CMR,7994.0,0.18,medium,4590.0,1.196,0.098,-0.014,0.57,-0.232,2.1,-1.256,-0.268,-0.471
96189.0,Ashoka University,IND,7996.0,-0.365,very low,995.0,0.256,-0.24,-0.91,-0.493,-0.571,1.629,-1.413,-0.268,-1.186
3457.0,Sri Ramachandra Institute of Higher Education and Research,IND,7996.0,0.333,medium,2393.0,-1.082,1.216,-1.41,1.507,-0.681,0.759,-1.413,-0.268,0.198
793.0,Universidade do Sul de Santa Catarina,BRA,7996.0,-0.313,very low,912.0,1.007,-0.362,-1.287,-0.316,-0.283,-0.395,-1.413,-0.268,0.488
1960.0,"Universidad Santo Tomas, Colombia",COL,8003.0,0.013,medium,959.0,0.595,-0.184,-0.881,1.252,-1.097,-0.951,-1.413,-0.268,1.459
9013.0,Sanaa University,YEM,8003.0,0.381,medium,1628.0,4.779,-0.663,-0.566,0.61,-0.551,0.591,-0.398,-0.268,1.454
91994.0,Artvin Coruh University,TUR,8005.0,-0.453,very low,913.0,-1.226,-0.334,-0.412,0.084,-1.268,0.196,-1.413,-0.268,-0.091
6167.0,"Federal University of Agriculture, Abeokuta",NGA,8005.0,-0.323,very low,2077.0,-0.415,-0.249,0.048,0.235,-1.097,-1.404,-1.413,-0.268,0.746
2165.0,Jan Evangelista Purkyne University,CZE,8005.0,0.144,medium,1604.0,0.641,-0.437,0.442,-0.155,-0.705,0.54,-1.413,3.486,0.409
5136.0,Klaipeda University,LTU,8005.0,-0.244,low,925.0,0.481,-0.4,0.406,-0.093,0.043,1.027,-1.413,-0.268,-1.186
6141.0,Federal University of Technology Akure,NGA,8009.0,0.039,medium,3721.0,0.599,0.427,0.632,-0.194,-1.146,-0.201,-0.419,-0.268,-0.108
8893.0,Tashkent Institute of Chemical Technology,UZB,8009.0,0.67,medium,510.0,-0.701,-0.202,6.473,2.733,-1.306,0.578,-1.413,-0.268,2.711
2594.0,École Supérieure des Sciences commerciales dAngers,FRA,8016.0,-0.595,very low,740.0,-0.376,-0.249,-1.164,-0.475,-1.335,-0.703,-1.413,-0.268,-1.186
6255.0,Institute of Business Management,PAK,8016.0,-0.28,very low,453.0,-0.367,0.032,-0.926,0.262,-1.079,0.444,-1.413,-0.268,-1.186
10680.0,International Christian University,JPN,8016.0,-0.443,very low,451.0,0.194,-0.174,-0.151,-0.314,-0.486,-1.766,-1.413,-0.268,-1.186
91873.0,Hubei University of Education,CHN,8020.0,0.075,medium,630.0,0.432,-0.578,-1.547,1.859,-1.131,1.506,-1.413,-0.268,1.193
90178.0,Bursa Technical University,TUR,8020.0,-0.376,very low,1538.0,-0.699,0.051,-0.279,-0.172,-1.212,-0.034,-1.413,-0.268,-0.861
94099.0,Russian State Agrarian University - Moscow Timiryazev Agricultural Academy,RUS,8020.0,0.229,medium,2420.0,-0.971,0.004,4.235,1.548,-1.2,-0.969,-1.109,-0.268,0.985
6707.0,University School of Physical Education in Krakow,POL,8020.0,-0.66,very low,594.0,-1.471,-0.493,0.204,-0.545,-0.869,0.101,-1.413,-0.268,-1.186
90165.0,Giresun University,TUR,8020.0,-0.133,low,2147.0,-0.798,-0.127,0.414,0.136,0.397,0.007,-0.973,-0.268,0.821
98306.0,Izmir Bakircay University,TUR,8020.0,0.118,medium,1050.0,0.48,-0.371,-0.518,0.4,2.183,0.654,0.236,-0.268,-0.232
98496.0,Suzhou City University,CHN,8020.0,-0.186,low,361.0,2.878,-0.625,-0.325,0.033,-0.93,-0.049,-1.413,-0.268,-1.186
6419.0,Universidad Nacional de Trujillo,PER,8027.0,0.123,medium,1129.0,-0.522,-0.108,-0.141,1.629,-1.014,-1.735,-1.413,1.161,1.039
99027.0,Jingchu University of Technology,CHN,8027.0,-0.103,low,1032.0,-0.206,-0.465,-1.912,1.479,-0.954,1.238,-0.955,-0.268,-0.699
78570.0,"University of Food Technologies, Plovdiv",BGR,8027.0,0.482,medium,1030.0,-1.234,-0.353,1.839,3.766,-1.283,-1.693,-0.33,-0.268,1.491
3266.0,Bundelkhand University,IND,8027.0,-0.258,low,462.0,-0.72,-0.381,-1.582,1.603,-1.243,-0.47,-1.413,-0.268,-1.186
94580.0,Ho Chi Minh City University of Social Sciences and Humanities,VNM,8031.0,0.722,medium,306.0,-0.603,-0.212,-0.913,5.43,-0.687,1.356,-1.413,-0.268,-1.186
15176.0,Southern Utah University,USA,8031.0,-0.458,very low,376.0,-0.931,-0.146,-0.727,-0.406,-0.949,1.434,-1.413,-0.268,-1.186
59436.0,Indiana University-Purdue University Indianapolis,USA,8031.0,-0.289,very low,4099.0,0.729,-0.334,-0.943,-0.367,-0.453,-0.151,-1.413,-0.268,1.139
69377.0,Shanghai University of Sport,CHN,8031.0,0.433,medium,2443.0,0.483,1.977,-0.411,0.524,-1.143,-1.29,-1.059,-0.268,-0.771
75424.0,Colegio de Postgraduados,MEX,8036.0,0.113,medium,2466.0,-1.21,-0.146,0.73,-0.461,-1.096,0.331,-1.413,5.618,-0.982
73261.0,Zhengzhou University of Aeronautics,CHN,8036.0,0.188,medium,1736.0,0.417,0.145,-1.042,1.32,-1.233,1.085,-1.02,-0.268,0.543
78391.0,Claremont McKenna College,USA,8036.0,-0.543,very low,711.0,-0.387,-0.108,-0.745,-0.545,-1.162,-1.576,-1.413,-0.268,-0.411
14080.0,Pittsburg State University,USA,8036.0,0.23,medium,599.0,-1.077,-0.353,0.523,-0.458,-0.955,0.355,6.253,-0.268,-1.186
13310.0,The College of New Jersey,USA,8041.0,-0.551,very low,1082.0,-1.193,-0.155,-0.871,-0.497,-0.885,-0.388,-1.413,-0.268,-0.21
9.0,Khust University,PAK,8041.0,0.288,medium,1058.0,-0.281,1.347,-0.77,0.738,-0.598,-0.547,-1.016,-0.268,-0.237
3400.0,National Institute of Technology Silchar,IND,8043.0,-0.216,low,5681.0,-1.204,-0.503,2.203,0.172,-1.367,-1.983,0.271,-0.268,1.564
35895.0,Tarleton State University,USA,8043.0,-0.506,very low,621.0,-0.983,-0.249,-0.926,-0.209,-1.01,-0.984,-1.413,-0.268,0.461
81024.0,Hainan Medical University,CHN,8043.0,0.922,medium,2946.0,2.124,2.859,-1.345,0.572,-0.445,-0.749,-0.585,-0.268,-1.015
8062.0,University of Kelaniya,LKA,8043.0,-0.155,low,1642.0,-0.854,-0.324,-0.858,0.313,-0.425,2.872,-1.205,-0.268,0.664
97294.0,Kamuzu University of Health Sciences,MWI,8048.0,-0.157,low,2050.0,1.993,-0.672,0.133,-0.443,1.619,1.232,-1.413,-0.268,-0.938
81062.0,Nevsehir University,TUR,8048.0,-0.446,very low,1211.0,-1.643,-0.315,-0.659,0.706,-1.16,-0.198,-1.413,-0.268,-1.186
8498.0,Ivano-Frankivsk National Technical University of Oil and Gas,UKR,8048.0,0.45,medium,1014.0,-1.483,0.07,8.497,1.824,-0.97,-1.188,-1.413,-0.268,1.27
92499.0,Charotar University of Science and Technology,IND,8048.0,-0.228,low,1956.0,-1.081,-0.484,-0.277,0.683,-1.215,1.065,-1.192,-0.268,1.126
13305.0,College of Charleston,USA,8048.0,-0.407,very low,1639.0,-0.959,-0.165,-1.02,-0.45,-0.364,1.218,-1.413,-0.268,0.093
91951.0,Landmark University,NGA,8048.0,0.106,medium,2465.0,0.402,-0.381,1.446,0.536,-1.125,-1.298,1.168,-0.268,0.64
2270.0,Universidad Tecnica de Manabi,ECU,8048.0,0.503,medium,1311.0,0.859,-0.071,0.309,3.081,-1.234,-0.425,-0.432,-0.268,-0.798
91985.0,Uskudar University,TUR,8056.0,-0.164,low,1095.0,-0.163,-0.418,-0.654,0.361,-0.314,0.937,-0.766,-0.268,0.207
4484.0,Tokyo City University,JPN,8056.0,0.134,medium,1884.0,-0.641,-0.193,0.717,-0.019,1.022,2.619,-0.947,-0.268,3.265
8913.0,"Universidad de los Andes, Venezuela",VEN,8056.0,0.893,medium,1235.0,2.754,-0.287,0.791,1.485,-0.339,1.002,-0.478,3.999,-0.361
9894.0,University of Suffolk,GBR,8059.0,-0.229,low,896.0,0.57,-0.24,-0.217,-0.429,-0.453,0.256,-0.212,-0.268,-1.186
98346.0,Rajamangala University of Technology Thanyaburi,THA,8059.0,-0.1,low,1655.0,-1.406,-0.362,-0.04,1.443,-1.152,0.056,-0.723,-0.268,0.324
62.0,Ecole Nationale Superieure d'Informatique,DZA,8061.0,-0.23,low,593.0,0.426,-0.24,-1.222,0.335,-1.237,0.804,-1.413,-0.268,-0.341
3722.0,Satya Wacana Christian University,IDN,8061.0,0.346,medium,775.0,-0.103,-0.099,1.117,2.083,-1.088,2.389,-0.973,-0.268,-0.543
388.0,Bangabandhu Sheikh Mujibur Rahman Agricultural University,BGD,8065.0,0.24,medium,2450.0,0.823,0.718,0.38,0.158,-1.054,-0.916,-0.106,-0.268,0.558
71675.0,Guilin University of Aerospace Technology,CHN,8065.0,0.001,medium,1049.0,2.435,-0.569,-0.813,1.248,-1.285,-0.743,-1.413,-0.268,-0.232
85431.0,Huaiyin Normal University,CHN,8065.0,-0.264,very low,1954.0,1.401,-0.644,-0.746,0.444,-1.041,-0.17,-1.413,-0.268,-0.674
3960.0,Bu-Ali Sina University,IRN,8065.0,0.399,medium,4037.0,-0.779,2.183,1.433,-0.248,-1.275,-0.76,-0.558,-0.268,-0.314
4036.0,Shahrekord University of Medical Sciences,IRN,8071.0,-0.21,low,1925.0,-0.77,-0.493,-1.713,0.35,0.201,4.265,-1.195,-0.268,-0.923
2616.0,Institut d'Economie Scientifique et de Gestion,FRA,8071.0,-0.544,very low,1165.0,-0.713,-0.146,-1.563,-0.455,-1.276,-0.712,-1.413,-0.268,0.148
96824.0,VNU University of Medicine and Pharmacy,VNM,8071.0,0.948,medium,354.0,0.677,-0.55,-1.522,4.472,1.0,3.811,-1.413,-0.268,3.096
95906.0,Afyonkarahisar Health Sciences University,TUR,8071.0,0.07,medium,1042.0,-1.433,1.422,-0.887,0.808,-0.609,-1.457,-1.413,-0.268,-1.186
3676.0,Sultan Agung Islamic University,IDN,8076.0,0.828,medium,865.0,-0.153,-0.23,1.512,5.373,-1.148,-0.208,-1.413,-0.268,-0.029
59257.0,"University of Texas, Tyler",USA,8078.0,-0.576,very low,1228.0,-1.197,-0.268,-0.418,-0.418,-1.025,-0.683,-1.413,-0.268,-0.359
92652.0,Duhok Polytechnic University,IRQ,8080.0,0.819,medium,542.0,-0.307,0.756,0.032,3.888,-1.132,-0.596,0.16,-0.268,-1.186
1181.0,Universidad de Playa Ancha,CHL,8080.0,0.029,medium,854.0,0.6,-0.249,-0.084,0.25,-0.775,0.577,-1.413,1.494,-0.001
2503.0,Ecole des Mines d'Ales,FRA,8082.0,-0.036,low,715.0,4.252,-0.531,-0.493,-0.399,-0.314,-0.496,-1.413,-0.268,0.215
62611.0,Nara Women's University,JPN,8082.0,0.401,medium,1116.0,-0.239,-0.653,1.213,-0.545,6.605,3.054,1.82,-0.268,0.627
15392.0,Westmont College,USA,8085.0,1.582,significant,362.0,5.523,-0.381,1.254,-0.545,11.812,2.761,5.473,-0.268,-1.186
12011.0,Moscow State University of Civil Engineering,RUS,8085.0,1.695,significant,4750.0,-0.95,0.07,6.748,6.724,-1.339,0.479,-1.413,-0.268,5.96
15556.0,University of Detroit Mercy,USA,8085.0,-0.406,very low,736.0,-0.878,-0.184,-1.064,-0.262,-0.675,-0.492,-1.413,-0.268,1.387
3479.0,University of Burdwan,IND,8089.0,-0.042,low,2836.0,-1.392,-0.08,2.309,0.634,-1.298,-1.155,-0.146,-0.268,0.858
85843.0,Hangzhou Vocational and Technical College,CHN,8094.0,0.236,medium,566.0,0.489,-0.653,-1.538,3.331,-1.144,0.679,-1.413,-0.268,-0.302
6137.0,Ebonyi State University,NGA,8094.0,0.002,medium,972.0,0.138,0.061,-0.003,0.96,-0.627,-0.837,-0.887,-0.268,-0.669
328.0,"Private Universitat fur Gesundheitswissenschaften, Medizinische Informatik und Technik",AUT,8096.0,-0.229,low,882.0,2.605,-0.456,-0.925,-0.368,-0.493,-0.762,-1.413,-0.268,-0.033
99115.0,Banking Academy of Vietnam,VNM,8096.0,0.533,medium,358.0,-0.886,-0.193,-0.728,5.0,-1.333,-1.194,-1.413,-0.268,0.202
61613.0,Universidade Federal do Triangulo Mineiro,BRA,8096.0,-0.085,low,2109.0,0.138,-0.343,-0.621,-0.075,1.017,1.516,-0.511,-0.268,0.021
2277.0,Universidad UTE,ECU,8096.0,0.493,medium,733.0,3.046,-0.597,-0.356,1.593,-0.573,3.296,0.162,-0.268,-1.186
2841.0,Europa-Universitat Viadrina Frankfurt,DEU,8102.0,-0.45,very low,542.0,0.338,0.014,-1.39,-0.545,-1.043,-1.942,-0.735,-0.268,-1.186
91865.0,Debre Markos University,ETH,8102.0,0.045,medium,1858.0,0.734,-0.108,-1.76,0.495,-0.525,3.848,-1.413,-0.268,-0.098
8064.0,Rajarata University of Sri Lanka,LKA,8102.0,1.344,significant,670.0,1.64,3.742,-1.622,-0.233,0.991,5.757,-1.413,-0.268,0.309
85427.0,Kunming University,CHN,8106.0,0.054,medium,1334.0,0.176,0.389,0.47,0.982,-1.237,-0.966,-1.413,-0.268,-0.436
90758.0,Xinyang Agriculture and Forestry University,CHN,8106.0,0.087,medium,642.0,0.818,-0.418,-1.487,2.791,-1.288,-1.225,-1.413,-0.268,-1.186
91881.0,National University of Public Service,HUN,8106.0,-0.197,low,1020.0,0.695,-0.174,-0.728,-0.085,-1.187,-0.793,-0.525,-0.268,0.354
3417.0,Periyar University,IND,8106.0,1.13,significant,2228.0,-1.094,2.869,-0.557,2.971,-1.281,0.226,-1.166,-0.268,0.165
97927.0,NingboTech University,CHN,8106.0,0.135,medium,3427.0,5.43,-0.531,-0.431,0.187,-1.224,-0.731,-1.313,-0.268,-0.163
90185.0,Cankiri Karatekin University,TUR,8106.0,-0.365,very low,1620.0,-1.073,-0.381,-0.489,0.744,-1.146,0.025,-1.413,-0.268,-0.878
382.0,University of Bahrain,BHR,8106.0,0.212,medium,3468.0,1.245,-0.165,-0.856,0.63,-0.925,2.813,0.093,-0.268,-0.458
1597.0,Tibet University,CHN,8113.0,0.096,medium,2282.0,3.011,-0.569,-0.554,-0.156,0.387,0.164,0.231,-0.268,0.019
3452.0,Sree Chitra Tirunal Institute for Medical Sciences and Technology,IND,8113.0,0.596,medium,1612.0,-1.193,2.54,-1.762,-0.254,0.211,4.834,-1.413,-0.268,0.153
8497.0,Ivan Franko National University of Lviv,UKR,8113.0,0.399,medium,3072.0,-0.173,-0.118,4.015,1.291,-0.808,1.525,-1.259,-0.268,2.182
80658.0,Nanchang Institute of Technology,CHN,8117.0,0.729,medium,2673.0,0.985,2.164,-0.88,1.135,-1.274,0.525,-1.158,-0.268,-0.441
1758.0,National Taipei University of Education,TWN,8120.0,-0.501,very low,537.0,0.359,-0.306,-1.028,-0.351,-1.265,-0.648,-1.413,-0.268,-1.186
3719.0,Maranatha Christian University,IDN,8120.0,0.635,medium,627.0,2.077,-0.277,2.137,2.788,-0.239,-1.481,-0.22,-0.268,-0.389
78712.0,"Islamic Azad University, Arak Branch",IRN,8120.0,0.276,medium,1120.0,-0.735,1.46,0.384,0.761,-1.271,-1.175,-1.413,-0.268,0.605
91875.0,Qujing Normal University,CHN,8123.0,0.404,medium,1032.0,0.835,0.07,0.611,0.214,-0.225,-0.689,1.625,-0.268,2.728
1264.0,Changchun University of Traditional Chinese Medicine,CHN,8123.0,-0.131,low,2452.0,-0.549,-0.071,-0.775,1.33,-1.183,-0.712,-1.119,-0.268,-0.98
71694.0,Tung Wah College,HKG,8128.0,-0.688,very low,398.0,-0.322,-0.597,-0.73,-0.545,-0.73,-1.344,-1.413,-0.268,-1.186
84860.0,Istanbul Arel University,TUR,8128.0,0.088,medium,770.0,0.46,-0.4,-1.017,0.065,1.941,1.99,0.24,-0.268,0.125
2174.0,Institute of Technology and Business in Ceske Budejovice,CZE,8128.0,0.363,medium,793.0,0.267,-0.353,-0.074,3.144,-1.003,0.628,-1.413,-0.268,0.081
78572.0,Canadian University of Dubai,ARE,8128.0,0.259,medium,757.0,-0.59,-0.221,-0.555,1.525,-0.824,0.545,-0.269,-0.268,3.501
6499.0,Central Luzon State University,PHL,8128.0,0.314,medium,518.0,1.066,-0.155,0.459,1.875,-0.932,-0.294,-1.413,-0.268,1.708
59229.0,"California State University, Chico",USA,8128.0,-0.372,very low,967.0,-1.066,-0.165,-1.334,-0.221,-0.522,1.901,-1.413,-0.268,-0.118
2583.0,KEDGE Business School,FRA,8134.0,-0.527,very low,1181.0,-0.823,-0.193,-1.193,-0.368,-1.072,-0.775,-1.413,-0.268,0.133
3409.0,North-Eastern Hill University,IND,8136.0,-0.154,low,2012.0,-1.251,0.389,-0.145,0.779,-1.16,-1.48,-1.413,-0.268,0.111
789.0,Universidade do Oeste Paulista,BRA,8136.0,-0.487,very low,750.0,0.837,-0.39,-0.987,-0.267,-1.012,-1.464,-1.413,-0.268,-1.186
7564.0,D. Mendeleev University of Chemical Technology,RUS,8136.0,-0.178,low,2990.0,-0.525,-0.447,2.123,0.031,-0.743,0.879,-0.913,-0.268,0.15
3959.0,Birjand University of Medical Sciences,IRN,8136.0,-0.054,low,2903.0,0.466,-0.23,-1.163,0.175,-0.606,2.204,-0.274,-0.268,-0.669
3437.0,Sardar Patel University,IND,8140.0,-0.108,low,1239.0,-0.961,0.267,1.464,0.551,-1.244,-1.549,-0.704,-0.268,-0.774
3912.0,Trisakti University,IDN,8140.0,0.715,medium,1485.0,-0.482,-0.137,0.437,4.766,-1.009,-0.218,-1.413,-0.268,1.174
1964.0,Universidad Tecnologica de Bolivar,COL,8140.0,0.326,medium,971.0,1.98,-0.371,2.833,0.369,-0.951,-0.765,0.925,-0.268,0.873
2274.0,Universidad Tecnica Particular de Loja,ECU,8140.0,1.673,significant,1829.0,0.05,2.615,1.211,4.967,-1.003,0.485,-1.413,-0.268,0.471
91952.0,Innopolis University,RUS,8145.0,0.442,medium,1252.0,1.844,-0.315,0.663,1.332,-0.935,0.212,-0.082,-0.268,2.477
94376.0,"Instituto Federal de Educacao, Ciencia e Tecnologia do Parana",BRA,8145.0,0.246,medium,990.0,1.642,-0.4,-0.039,0.563,-0.494,0.686,1.423,-0.268,-0.677
4601.0,Setsunan University,JPN,8145.0,-0.436,very low,759.0,-0.446,-0.512,0.358,-0.476,-0.665,-0.007,-1.413,-0.268,0.836
92532.0,"Amity University, Dubai",ARE,8145.0,0.096,medium,793.0,-0.962,-0.23,0.918,1.497,-1.401,-0.139,0.787,-0.268,-1.186
77649.0,Shenyang University of Chemical Technology,CHN,8145.0,-0.228,low,2755.0,-0.15,-0.061,0.304,-0.375,-1.242,-0.237,-0.113,-0.268,-0.461
10691.0,Japan Women's University,JPN,8145.0,-0.334,very low,475.0,-0.303,-0.456,0.107,-0.435,-0.532,2.288,-1.413,-0.268,-0.106
86623.0,Hunan Institute of Technology,CHN,8154.0,0.256,medium,1028.0,1.854,0.427,-0.503,1.385,-1.236,-0.898,-1.413,-0.268,-0.699
86047.0,Shaoyang University,CHN,8154.0,1.259,significant,1286.0,0.853,3.836,-0.685,1.405,-1.306,-0.374,-1.413,-0.268,0.563
91904.0,DIT University,IND,8154.0,0.152,medium,1649.0,-0.957,0.972,0.332,1.102,-1.313,-1.292,-1.103,-0.268,-0.259
197.0,Universidad Nacional del Nordeste,ARG,8159.0,-0.279,very low,1341.0,-0.915,-0.174,1.241,-0.156,-0.55,1.39,-1.413,-0.268,-0.806
387.0,Bangabandhu Sheikh Mujib Medical University,BGD,8160.0,-0.233,low,1091.0,-1.37,-0.324,-1.719,-0.019,0.647,5.248,-1.413,-0.268,-0.719
68792.0,Karunya Institute of Technology and Sciences,IND,8160.0,0.189,medium,4472.0,-1.406,0.004,-0.095,2.001,-1.238,-0.188,-0.196,-0.268,1.02
8207.0,University of Dar es Salaam,TZA,8160.0,-0.253,low,2612.0,0.984,-0.353,-0.097,-0.225,-0.666,0.321,-1.413,-0.268,-0.215
2173.0,University of Economics and Business,CZE,8160.0,-0.301,very low,1846.0,-0.143,-0.071,-0.454,-0.178,-0.993,0.287,-1.413,-0.268,-0.071
96936.0,Arsi University,ETH,8166.0,-0.384,very low,504.0,0.576,-0.681,-1.718,0.18,-0.678,0.485,-1.413,-0.268,-0.187
1069.0,Laurentian University,CAN,8166.0,-0.204,low,1900.0,0.644,-0.287,-0.681,-0.463,0.26,0.575,-1.413,-0.268,1.407
1163.0,Universidad Catolica de Temuco,CHL,8168.0,-0.015,low,1980.0,0.45,-0.268,0.937,0.748,-0.96,0.34,-1.241,-0.268,0.116
9343.0,Frederick University,CYP,8168.0,-0.265,very low,839.0,0.033,-0.249,0.142,-0.483,-0.388,0.122,-1.413,-0.268,1.551
69347.0,"Management Development Institute, Gurgaon",IND,8168.0,-0.042,low,739.0,-1.659,1.582,-1.176,-0.404,-1.204,-1.177,-0.064,-0.268,-1.186
91895.0,Montpellier Business School,FRA,8168.0,0.254,medium,972.0,3.66,0.99,-1.874,-0.545,-1.151,-0.695,-0.536,-0.268,-0.664
8646.0,Zaporizhzhya State Medical University,UKR,8168.0,0.008,medium,648.0,-1.539,-0.033,1.88,0.18,-0.464,2.647,-1.413,-0.268,2.008
5141.0,Mykolo Romerio Universitetas,LTU,8168.0,0.468,medium,1007.0,-0.277,0.887,-0.379,1.011,-0.557,0.441,1.128,-0.268,-0.667
470.0,Belarusian State University of Informatics and Radioelectronics,BLR,8168.0,-0.169,low,690.0,-0.018,-0.315,0.987,-0.47,-0.521,1.242,-1.413,-0.268,2.088
77064.0,Universite Lumiere Lyon,FRA,8168.0,-0.145,low,2716.0,1.659,-0.146,-0.446,-0.43,-0.605,0.233,-1.413,-0.268,0.553
72019.0,Universidade Federal dos Vales do Jequitinhonha e Mucuri,BRA,8177.0,-0.44,very low,2448.0,-0.517,-0.39,0.289,-0.14,-0.488,-1.099,-1.129,-0.268,-0.774
1591.0,Tianjin University of Commerce China,CHN,8177.0,-0.037,low,2382.0,0.427,0.173,-0.775,0.31,-1.146,-0.789,0.179,-0.268,-0.977
1156.0,Universidad Arturo Prat,CHL,8180.0,-0.088,low,1013.0,1.514,-0.315,0.091,-0.081,-0.562,0.343,-0.61,-0.268,-0.689
77596.0,National Institute of Technology Hamirpur,IND,8180.0,-0.223,low,2881.0,-1.325,-0.184,0.275,0.615,-1.333,-1.062,-1.276,-0.268,2.05
6169.0,University of Benin,NGA,8180.0,-0.184,low,2342.0,0.039,-0.268,-1.347,0.012,-0.499,3.443,-1.256,-0.268,-0.754
77964.0,"Instituto Federal de Educacao, Ciencia e Tecnologia do Rio de Janeiro",BRA,8184.0,0.537,medium,1092.0,2.439,-0.334,-0.275,0.842,1.645,0.327,1.687,-0.268,-0.038
3985.0,Golestan University of Medical Sciences and Health Services,IRN,8184.0,0.771,medium,2259.0,-0.595,2.643,-1.735,0.171,0.029,4.706,-0.606,-0.268,-1.186
77382.0,Jerusalem College of Technology - Lev Academic Center,ISR,8186.0,-0.374,very low,683.0,0.275,-0.381,-0.38,-0.545,-0.797,0.656,-1.413,-0.268,0.319
1162.0,Universidad Catolica de la Santisima Concepcion,CHL,8186.0,0.01,medium,2457.0,2.011,-0.381,0.952,-0.078,-0.442,-0.478,-0.18,-0.268,-0.366
4064.0,Al-Nahrain University,IRQ,8189.0,1.404,significant,4064.0,-0.9,-0.052,2.113,7.347,-1.305,0.493,-0.128,-0.268,0.292
8374.0,Dogus University,TUR,8189.0,-0.145,low,581.0,1.075,-0.409,0.165,0.174,-0.858,-1.597,-1.413,-0.268,2.356
1908.0,Universidad de Caldas,COL,8192.0,0.775,medium,1422.0,1.414,-0.155,0.966,-0.141,-0.615,0.486,-1.413,8.126,-0.103
3386.0,Mizoram University,IND,8192.0,-0.201,low,2169.0,-1.079,-0.418,0.005,1.044,-1.009,-0.91,-0.536,-0.268,-0.004
8396.0,Istanbul Ticaret University,TUR,8192.0,0.709,medium,769.0,1.112,2.456,-0.506,0.542,-1.18,-0.282,-0.952,-0.268,-0.533
98719.0,Dong Thap University,VNM,8192.0,0.146,medium,439.0,-0.605,-0.362,0.556,1.121,-1.29,2.42,-0.218,-0.268,1.109
84944.0,Alborz University of Medical Sciences,IRN,8192.0,0.609,medium,2503.0,-0.001,1.432,-1.606,0.958,-0.266,2.055,0.547,-0.268,-0.985
3508.0,Visvesvaraya National Institute of Technology,IND,8197.0,-0.473,very low,3633.0,-1.495,-0.493,1.389,-0.114,-1.334,-1.393,-1.027,-0.268,0.883
2544.0,Ecole Nationale Superieure de Mecanique et d'Aerotechnique,FRA,8197.0,-0.192,low,1788.0,-0.913,0.136,1.207,-0.341,-0.708,-1.487,-0.378,-0.268,0.816
49372.0,Edward Via College of Osteopathic Medicine,USA,8197.0,0.058,medium,539.0,2.089,-0.531,-1.274,1.296,-0.68,1.48,-1.413,-0.268,-1.186
92443.0,Arish University,EGY,8197.0,-0.173,low,683.0,1.483,-0.24,0.321,0.066,-1.152,0.119,-1.413,-0.268,-1.186
69890.0,Damascus University,SYR,8201.0,0.463,medium,2184.0,0.466,-0.24,0.327,3.186,-0.99,-0.072,-1.413,-0.268,1.119
1866.0,Fundacion Universitaria Sanitas,COL,8201.0,-0.05,low,407.0,1.487,-0.184,0.794,-0.032,0.568,-2.08,-1.413,-0.268,1.33
1615.0,Wuhan Sports University,CHN,8201.0,0.691,medium,656.0,-0.076,0.897,-1.843,3.994,-1.105,-0.655,-1.413,-0.268,-0.413
5919.0,Institut Agronomique et Veterinaire Hassan II,MAR,8201.0,-0.498,very low,697.0,0.484,-0.371,-1.039,-0.245,-0.53,-1.61,-1.413,-0.268,-1.186
67207.0,Istituto Universitario di Studi Superiori Pavia,ITA,8201.0,-0.131,low,1406.0,3.281,-0.475,0.652,-0.471,0.326,-1.953,-1.413,-0.268,-0.11
79144.0,Walden University,USA,8201.0,-0.013,low,639.0,0.186,-0.061,-2.185,-0.137,-0.489,5.069,-1.413,-0.268,1.258
4081.0,University of Sulaimani,IRQ,8208.0,1.187,significant,2784.0,0.685,1.995,0.307,2.251,-0.782,2.022,0.425,-0.268,-0.461
97195.0,Centurion University of Technology and Management,IND,8208.0,0.294,medium,2335.0,-0.999,-0.071,0.715,2.385,-1.131,-0.288,-0.16,-0.268,0.319
13300.0,Colgate University,USA,8208.0,-0.103,low,1138.0,-1.027,1.113,-0.723,-0.499,-0.313,0.903,-1.413,-0.268,-1.186
57614.0,Universidade Federal da Integracao Latino-Americana,BRA,8208.0,-0.428,very low,800.0,0.67,-0.353,-0.679,-0.415,-0.794,-0.743,-1.413,-0.268,-0.555
11192.0,Karaganda Medical University,KAZ,8208.0,1.117,significant,445.0,-1.183,-0.221,1.467,7.79,-1.128,-0.919,-1.413,-0.268,-1.186
8140.0,Universitat Luzern,CHE,8208.0,-0.343,very low,1396.0,1.161,-0.39,0.664,-0.471,0.147,-1.225,-1.413,-0.268,-1.186
5957.0,Universite Abdelmalek Essaadi,MAR,8216.0,-0.116,low,5119.0,-0.703,-0.39,1.825,1.026,-1.083,-1.093,-1.185,-0.268,0.582
3490.0,University of North Bengal,IND,8220.0,-0.452,very low,1600.0,-1.25,-0.531,1.106,0.238,-1.31,-1.675,-1.159,-0.268,0.421
1179.0,Universidad de Los Lagos,CHL,8220.0,0.197,medium,1327.0,1.938,-0.249,0.579,0.518,-0.376,-0.757,-0.395,0.623,-0.416
834.0,Universidade Federal de Rondonia,BRA,8220.0,-0.165,low,1106.0,0.115,-0.287,0.661,0.163,-0.172,0.69,-1.413,-0.268,-0.274
14013.0,Oberlin College,USA,8220.0,-0.473,very low,733.0,-0.908,-0.184,-1.345,-0.545,-0.374,1.916,-1.413,-0.268,-1.186
8071.0,University of Ruhuna,LKA,8226.0,0.388,medium,1642.0,0.18,-0.362,0.778,-0.291,5.046,2.776,1.775,-0.268,-0.875
8910.0,Universidad Central de Venezuela,VEN,8226.0,0.163,medium,1660.0,0.226,-0.277,-0.503,-0.231,0.135,3.321,-1.413,2.452,0.364
35896.0,Texas A&M International University,USA,8229.0,-0.264,very low,742.0,-1.458,-0.174,-1.23,-0.334,-1.139,0.365,0.161,-0.268,2.232
88360.0,Teerthanker Mahaveer University,IND,8229.0,0.631,medium,1810.0,-1.58,1.019,-0.921,3.813,-1.321,-0.182,-1.413,-0.268,0.2
3788.0,Universitas Muslim Indonesia,IDN,8231.0,1.312,significant,614.0,0.288,-0.099,0.251,7.708,-1.005,-1.709,-1.413,-0.268,1.258
98018.0,Pingxiang University,CHN,8231.0,0.246,medium,553.0,2.69,0.624,-0.898,0.588,-1.181,-1.206,-0.773,-0.268,-1.186
80646.0,Huangshan University,CHN,8234.0,1.713,significant,1142.0,0.36,2.493,1.991,0.781,6.38,3.038,2.665,-0.268,-0.746
9933.0,St. Georges University,GRD,8236.0,0.227,medium,1387.0,2.54,-0.409,-0.483,0.358,-0.928,-0.242,1.926,-0.268,-1.186
1781.0,University of Taipei,TWN,8236.0,-0.441,very low,1165.0,1.485,-0.616,-0.943,-0.321,-1.047,-0.281,-1.413,-0.268,-1.186
6706.0,Gdansk University of Physical Education and Sport,POL,8238.0,-0.24,low,742.0,0.899,-0.54,1.096,-0.053,-1.139,-0.253,-0.564,-0.268,-1.186
91192.0,Putian University,CHN,8238.0,-0.052,low,1627.0,0.829,0.051,-1.409,0.707,-0.953,-0.173,-1.413,-0.268,0.056
97186.0,Cotton University,IND,8238.0,-0.232,low,960.0,-1.086,-0.465,1.645,0.488,-1.274,-2.175,-0.101,-0.268,0.905
9033.0,Gulf Medical University,ARE,8242.0,0.222,medium,1200.0,1.285,-0.437,-0.864,1.109,-0.875,2.178,0.249,-0.268,-0.336
12941.0,Mount Royal College,CAN,8245.0,-0.453,very low,1193.0,-0.195,-0.202,-0.675,-0.414,-0.709,-1.861,-0.632,-0.268,-0.756
91889.0,Yenepoya University,IND,8245.0,1.21,significant,1355.0,-0.086,3.122,0.308,1.228,-0.899,2.134,0.078,-0.268,-0.441
7912.0,University of Sierra Leone,SLE,8245.0,-0.28,very low,477.0,0.581,-0.616,0.191,-0.107,0.991,-0.82,-0.643,-0.268,-1.186
6416.0,Universidad Nacional de San Agustin,PER,8250.0,0.721,medium,2063.0,-0.193,-0.174,0.632,3.582,0.459,2.283,-0.796,-0.268,0.277
7402.0,Plekhanov Russian University of Economics,RUS,8250.0,1.586,significant,4225.0,0.188,1.732,1.696,5.068,-1.039,1.406,-1.289,-0.268,1.732
2240.0,Universidad Catolica de Santiago de Guayaquil,ECU,8252.0,0.443,medium,713.0,1.448,-0.371,0.04,2.092,-0.788,1.662,-0.935,-0.268,1.305
97716.0,Isparta University of Applied Sciences,TUR,8252.0,-0.455,very low,1598.0,-1.523,-0.334,0.473,0.435,-1.082,-1.584,-1.413,-0.268,-0.245
97943.0,Nanyang Institute of Technology,CHN,8252.0,0.709,medium,1469.0,1.599,1.751,-0.874,1.339,-1.252,0.423,-1.413,-0.268,0.173
13565.0,Grand Valley State University,USA,8252.0,-0.341,very low,1752.0,-1.472,-0.137,-1.353,-0.367,-0.722,2.522,-1.413,0.836,-0.888
78733.0,"Islamic Azad University, Marvdasht",IRN,8258.0,-0.249,low,667.0,-0.892,-0.587,-0.215,0.865,-1.328,-0.807,-1.413,-0.268,2.589
69390.0,Kazakh National Medical University,KAZ,8258.0,0.29,medium,874.0,-0.485,-0.381,-1.849,1.965,1.544,6.043,-1.413,-0.268,-1.186
1369.0,Heilongjiang University of Chinese Medicine,CHN,8258.0,0.041,medium,2371.0,-0.569,-0.137,-1.038,1.658,-1.268,-1.126,0.435,-0.268,-0.756
2856.0,Hochschule Augsburg,DEU,8258.0,-0.378,very low,382.0,-0.324,-0.174,0.607,-0.545,-0.829,-0.235,-1.413,-0.268,0.138
15169.0,Southern Connecticut State University,USA,8258.0,-0.384,very low,917.0,-1.12,-0.24,-0.76,-0.375,1.379,0.854,-1.413,-0.268,-0.622
2244.0,Universidad de Cuenca,ECU,8258.0,0.272,medium,1565.0,0.567,0.22,-0.302,1.391,-0.47,0.818,-1.413,-0.268,0.746
90810.0,Xi'an Aeronautical University,CHN,8266.0,-0.103,low,620.0,0.811,-0.371,-0.98,1.224,-1.283,-0.349,-1.413,-0.268,-0.381
3933.0,Universitas Wijaya Kusuma Surabaya,IDN,8268.0,0.799,medium,324.0,-0.247,-0.052,2.391,3.969,-0.726,2.243,-1.413,-0.268,0.356
6170.0,University of Calabar,NGA,8268.0,1.516,significant,2562.0,-0.346,3.245,4.569,1.739,-0.292,-0.761,0.021,-0.268,1.573
5062.0,Latvia University of Life Sciences and Technologies,LVA,8268.0,-0.305,very low,1371.0,-1.272,-0.099,1.32,0.026,-0.692,-0.443,-1.126,-0.268,-0.458
734.0,Pontificia Universidade Catolica de Minas Gerais,BRA,8271.0,0.024,medium,1613.0,0.952,0.295,-0.424,-0.189,-0.498,0.734,-1.202,0.198,-0.242
6424.0,Universidad Nacional del Centro del Peru,PER,8271.0,-0.061,low,463.0,-1.019,-0.118,-0.656,1.824,-1.191,0.63,-1.413,-0.268,-1.186
3309.0,Guru Ghasidas Vishwavidyalaya,IND,8274.0,-0.457,very low,1915.0,-1.13,-0.193,-0.658,0.191,-1.249,-0.041,-1.413,-0.268,-1.186
3449.0,Shri Mata Vaishno Devi University,IND,8274.0,-0.141,low,1741.0,-1.118,-0.531,0.098,0.685,-1.192,-0.745,0.117,-0.268,1.996
77733.0,Pandit Deendayal Energy University,IND,8274.0,-0.217,low,3605.0,-1.083,-0.409,0.017,0.628,-1.192,-0.859,-0.085,-0.268,0.505
188.0,Universidad Nacional de San Luis,ARG,8274.0,-0.478,very low,1256.0,-1.182,-0.493,-0.132,-0.337,-0.666,0.047,-1.413,-0.268,1.233
91993.0,Batman University,TUR,8278.0,-0.24,low,1142.0,-0.92,-0.54,1.699,0.278,-1.167,-0.399,-0.276,-0.268,0.13
13658.0,James Madison University,USA,8278.0,-0.36,very low,2338.0,-1.176,-0.099,-1.13,-0.5,-0.321,1.89,-1.16,-0.268,0.158
13189.0,Bryn Mawr College,USA,8280.0,-0.381,very low,690.0,-0.905,-0.08,-1.41,-0.394,-0.24,2.449,-1.413,-0.268,-1.186
1929.0,Universidad del Magdalena,COL,8280.0,-0.137,low,839.0,-0.294,-0.202,0.132,0.575,-0.62,0.601,-1.413,-0.268,0.019
97918.0,Swedish School of Sport and Health Sciences,SWE,8280.0,-0.184,low,524.0,5.205,-0.634,-0.174,-0.545,-0.938,-2.436,-1.413,-0.268,-1.186
5853.0,Al Akhawayn University,MAR,8283.0,-0.384,very low,559.0,0.675,-0.287,0.11,-0.265,-1.097,-2.56,-1.413,-0.268,0.654
8997.0,"University of Medicine and Pharmacy, Ho Chi Minh City",VNM,8283.0,0.126,medium,2065.0,0.084,-0.155,-0.933,0.947,0.668,2.728,-1.413,-0.268,0.399
7613.0,Saint Petersburg State University of Architecture and Civil Engineering,RUS,8283.0,1.701,significant,1077.0,-0.9,0.07,6.577,4.645,-1.333,-0.304,-1.413,4.923,4.867
692.0,Universidade Franciscana,BRA,8283.0,-0.594,very low,494.0,-0.513,-0.465,0.874,-0.334,-0.959,-3.117,-1.413,-0.268,-0.17
641.0,Centro Federal de Educacao Tecnologica Celso Suckow da Fonseca,BRA,8283.0,0.076,medium,1408.0,0.372,-0.306,0.682,0.159,2.479,0.346,-0.081,-0.268,-0.831
99068.0,Qilu Institute of Technology,CHN,8283.0,3.222,significant,559.0,0.585,10.861,-0.475,0.483,-1.314,1.612,-1.413,-0.268,-0.294
5164.0,Universite d'Antananarivo,MDG,8290.0,-0.073,low,1070.0,-0.018,-0.371,0.571,-0.106,1.05,2.51,-0.837,-0.268,-0.684
77723.0,Xiangnan University,CHN,8291.0,-0.106,low,1287.0,0.142,-0.531,-1.324,1.322,-1.137,1.085,-1.097,-0.268,-0.406
3480.0,University of Calicut,IND,8291.0,-0.407,very low,1711.0,-1.434,-0.418,1.457,0.34,-1.117,-1.041,-0.999,-0.268,-0.89
1285.0,Chinese Peoples Public Security University,CHN,8291.0,-0.315,very low,1061.0,-1.346,-0.249,-1.273,0.932,-1.309,1.286,-1.413,-0.268,-1.186
98842.0,The Government Sadiq College Wom?n Univ,PAK,8295.0,-0.535,very low,469.0,-0.55,-0.794,0.125,0.235,-0.78,-0.579,-1.413,-0.268,-1.186
767.0,Universidade de Passo Fundo,BRA,8298.0,-0.263,very low,1357.0,-0.263,0.361,-0.19,-0.43,-0.471,-0.344,-1.413,-0.268,-0.813
80263.0,Heriot-Watt University Dubai,ARE,8298.0,-0.447,very low,311.0,-1.105,-0.371,-1.721,0.126,-1.401,-2.336,-1.413,-0.268,3.814
90179.0,Amasya University,TUR,8298.0,-0.387,very low,1420.0,-1.239,-0.174,-0.742,0.08,-1.162,-0.91,-1.413,-0.268,1.636
1897.0,Universidad Catolica de Colombia,COL,8302.0,1.559,significant,494.0,-0.437,-0.033,2.217,0.724,-0.909,-1.666,-1.413,15.841,0.871
7923.0,Catholic University in Ruzomberok,SVK,8302.0,-0.028,low,510.0,-0.701,-0.099,-0.706,0.479,0.361,3.405,-1.413,-0.268,-0.178
98174.0,Volodymyr Dahl East Ukrainian National University,UKR,8305.0,0.603,medium,550.0,-1.329,-0.155,3.031,4.394,-0.96,-3.069,-1.413,-0.268,2.44
92008.0,Ho Chi Minh City University of Technology And Education,VNM,8307.0,-0.028,low,2473.0,1.521,-0.475,0.571,0.659,-1.038,-0.096,-1.413,-0.268,0.528
1353.0,Harbin University of Commerce,CHN,8307.0,-0.108,low,2526.0,-0.483,-0.353,-1.139,1.171,-1.343,0.241,-0.198,-0.268,-0.59
8954.0,An Giang University,VNM,8307.0,0.511,medium,548.0,0.36,1.488,2.526,1.171,-1.002,-1.089,-1.413,-0.268,-1.186
3448.0,Woxsen University,IND,8307.0,0.134,medium,1003.0,3.889,-0.324,-1.138,-0.337,-1.183,-0.987,1.609,-0.268,-1.186
92043.0,Gran Sasso Science Institute,ITA,8307.0,0.565,medium,2376.0,1.952,-0.212,-0.256,-0.458,6.57,2.34,0.332,-0.268,1.715
96405.0,Ural State Agrarian University,RUS,8313.0,0.827,medium,467.0,-0.785,-0.728,2.702,1.356,-1.037,0.022,0.301,-0.268,15.298
778.0,Universidade do Estado da Bahia,BRA,8313.0,0.071,medium,1295.0,1.915,-0.296,-0.033,0.181,-0.501,1.327,-0.805,-0.268,-0.011
1342.0,Guizhou Normal University,CHN,8313.0,-0.248,low,4166.0,0.283,-0.559,1.031,0.144,-0.911,-0.678,-0.686,-0.268,-0.284
2146.0,Open University of Cyprus,CYP,8317.0,-0.01,low,760.0,1.722,-0.277,1.038,-0.271,-0.826,-3.132,1.522,-0.268,-0.476
13489.0,Fairleigh Dickinson University,USA,8317.0,-0.491,very low,797.0,-1.123,-0.099,-0.876,-0.218,-1.066,-0.9,-1.413,-0.268,0.098
11207.0,Balamand University,LBN,8317.0,-0.242,low,1100.0,-0.17,-0.23,-0.402,0.215,-0.474,0.525,-1.413,-0.268,-0.267
97102.0,"International Institute of Information Technology, Bhubaneswar",IND,8320.0,-0.097,low,699.0,-1.399,-0.4,0.215,0.875,-1.262,-0.709,-0.906,-0.268,3.868
1674.0,Zhejiang Wanli University,CHN,8320.0,0.502,medium,1256.0,0.828,1.404,-0.908,1.409,-1.111,-0.073,-1.131,-0.268,-0.789
26414.0,Sant Longowal Institute of Engineering and Technology,IND,8320.0,-0.408,very low,1869.0,-1.367,-0.493,0.6,0.405,-1.206,-1.085,-0.746,-0.268,-0.369
80712.0,Changzhou Institute of Technology,CHN,8323.0,-0.172,low,1523.0,1.527,-0.512,-0.642,0.107,-1.273,-0.164,-1.413,-0.268,1.598
91892.0,Rennes School of Business,FRA,8323.0,-0.523,very low,628.0,-0.097,-0.174,-1.654,-0.213,-1.246,-1.723,-1.413,-0.268,-0.376
97068.0,Doon University,IND,8323.0,-0.553,very low,545.0,-0.934,-0.531,-0.232,-0.162,-1.089,-0.732,-0.787,-0.268,-1.186
97073.0,Maharaja Agrasen Institute of Technology,IND,8326.0,1.127,significant,857.0,0.869,1.601,-1.417,2.259,-1.288,0.077,2.46,-0.268,0.399
96453.0,Sirius University of Science and Technology,RUS,8326.0,0.298,medium,1072.0,6.679,-0.578,-0.173,-0.497,-0.631,0.102,-1.413,-0.268,2.125
96813.0,Ho Chi Minh City International University,VNM,8326.0,-0.205,low,1675.0,-0.754,-0.4,-0.434,1.045,-1.198,-1.187,-1.413,-0.268,1.802
10331.0,University of Kurdistan Hewler,IRQ,8326.0,0.153,medium,462.0,1.227,-0.493,-1.681,0.472,-0.35,4.11,0.66,-0.268,-1.186
70875.0,Punjab Engineering College,IND,8326.0,-0.175,low,1543.0,-0.905,0.427,-0.44,0.403,-1.291,-1.555,-1.413,-0.268,0.776
13890.0,Missouri State University,USA,8332.0,-0.51,very low,1641.0,-0.983,-0.221,-0.641,-0.354,-1.09,0.145,-1.413,-0.268,-0.548
84952.0,Guizhou University of Finance and Economics,CHN,8332.0,-0.177,low,1760.0,0.202,0.126,-0.457,0.612,-1.277,-2.892,-0.966,-0.268,-0.051
8493.0,V.N. Karazin Kharkiv National University,UKR,8332.0,0.667,medium,5869.0,0.1,-0.08,3.389,2.25,-0.718,-0.331,-0.899,-0.268,4.611
84920.0,Universidade Federal do Oeste da Bahia,BRA,8332.0,-0.315,very low,627.0,0.623,-0.371,-0.255,-0.296,-0.51,0.378,-1.413,-0.268,-0.381
69570.0,University Goce Delcev,MKD,8337.0,0.112,medium,554.0,-1.49,-0.118,-0.832,1.624,-0.48,4.36,-1.413,-0.268,-0.259
98970.0,Central University of Himachal Pradesh,IND,8337.0,-0.393,very low,931.0,-0.983,-0.39,0.363,0.128,-1.271,-0.847,-0.567,-0.268,-0.632
2307.0,Delta Higher Institute for Engineering & Technology,EGY,8337.0,2.005,significant,388.0,2.615,3.075,3.207,1.339,-0.587,2.093,4.031,-0.268,-1.186
13774.0,Loyola University New Orleans,USA,8341.0,-0.384,very low,471.0,0.453,-0.071,-1.532,-0.435,-0.628,0.29,-1.413,-0.268,-1.186
6703.0,University of Bielsko-Biala,POL,8341.0,-0.479,very low,779.0,-1.123,-0.353,0.348,-0.143,-1.089,-0.664,-1.413,-0.268,0.113
835.0,Universidade Federal de Roraima,BRA,8341.0,0.2,medium,705.0,-0.357,1.075,-0.83,-0.027,-0.023,2.357,-1.413,-0.268,0.235
76516.0,"Instituto Federal de Educacao, Ciencia e Tecnologia da Paraiba",BRA,8341.0,-0.171,low,637.0,1.094,-0.277,0.23,-0.053,-0.982,-1.961,-1.413,-0.268,2.346
2431.0,Tallinn University,EST,8341.0,-0.015,low,1947.0,0.661,-0.174,0.772,-0.116,-0.104,0.201,-1.197,0.892,-0.376
3292.0,Dr Hari Singh Gour Vishwavidyalaya,IND,8341.0,-0.066,low,1260.0,-0.757,0.352,1.139,0.118,-1.131,0.137,-1.413,-0.268,0.838
76515.0,"Instituto Federal de Educacao, Ciencia e Tecnologia de Sao Paulo",BRA,8347.0,-0.188,low,1498.0,2.033,-0.353,-0.112,-0.371,-0.785,-0.457,-1.413,-0.268,0.493
7465.0,Novgorod State University,RUS,8347.0,0.678,medium,830.0,-1.015,-0.578,2.941,3.797,-0.699,0.424,-1.413,-0.268,4.569
26198.0,Chennai Mathematical Institute,IND,8347.0,0.223,medium,700.0,-0.972,-0.08,-1.094,-0.471,0.784,4.835,-1.413,-0.268,7.614
77875.0,Semnan University,IRN,8352.0,0.129,medium,4120.0,-1.285,1.075,1.017,0.405,-1.271,-1.195,-0.802,0.176,-0.212
69092.0,Pole Universitaire Leonard de Vinci,FRA,8352.0,-0.408,very low,740.0,1.802,-0.324,-1.149,-0.334,-1.007,-2.455,-1.413,-0.268,-0.505
6178.0,University of Port Harcourt,NGA,8352.0,-0.206,low,1817.0,-0.735,-0.287,0.619,0.116,-0.666,1.125,-1.211,-0.268,0.483
84550.0,West Anhui University,CHN,8357.0,-0.17,low,1158.0,1.225,-0.672,-0.562,0.988,-1.212,-0.309,-1.413,-0.268,-0.322
79098.0,Aksaray University,TUR,8357.0,-0.517,very low,2161.0,-1.395,-0.418,-0.286,0.276,-1.109,-0.894,-1.413,-0.268,-0.488
72092.0,Universidade Federal do Oeste do Para,BRA,8357.0,-0.219,low,1144.0,0.236,-0.306,0.588,-0.134,0.361,-0.647,-1.413,-0.268,0.577
1390.0,Hubei Normal University,CHN,8357.0,-0.244,low,2172.0,0.432,-0.456,0.028,0.032,-0.965,-0.415,-0.61,-0.268,-0.036
800.0,Universidade Estadual da Paraiba,BRA,8362.0,-0.381,very low,1730.0,0.064,-0.343,0.266,-0.274,-0.587,-0.592,-1.413,-0.268,-0.309
6143.0,Federal University of Technology Owerri,NGA,8362.0,0.093,medium,1642.0,0.66,-0.315,0.925,1.014,-0.883,-0.616,-1.189,-0.268,1.864
8409.0,Maltepe University,TUR,8362.0,-0.424,very low,870.0,-0.952,-0.249,-0.632,-0.245,-0.815,0.405,-1.413,-0.268,0.297
11194.0,Satbayev University,KAZ,8362.0,0.167,medium,2273.0,0.205,0.239,3.596,0.742,-0.739,-0.662,-1.413,-0.268,-0.307
7772.0,Ural State University of Economics,RUS,8366.0,-0.462,very low,878.0,-0.576,-0.709,1.274,0.109,-1.373,-1.316,-1.413,-0.268,0.518
920.0,University of Rousse,BGR,8366.0,-0.181,low,1407.0,-1.669,-0.259,2.279,0.903,-1.194,-2.503,-0.406,-0.268,0.424
80622.0,Shahroud University of Medical Sciences,IRN,8366.0,-0.196,low,1291.0,-0.977,-0.174,-1.787,0.264,-0.028,3.604,-1.413,-0.268,-0.404
98050.0,Marwadi University,IND,8370.0,0.214,medium,1348.0,-0.892,-0.4,2.595,1.547,-1.221,-1.162,0.855,-0.268,0.893
92529.0,Horizon University College,ARE,8370.0,2.154,significant,863.0,2.645,0.953,4.18,4.237,-1.176,-0.381,2.281,-0.268,8.468
77656.0,MIT World Peace University,IND,8370.0,-0.159,low,2803.0,-1.187,-0.324,0.174,1.374,-1.28,-0.868,-1.413,-0.268,0.987
91907.0,Central University of Tamil Nadu,IND,8376.0,0.011,medium,1465.0,-0.916,0.737,-0.981,0.239,-1.036,-0.127,0.1,-0.268,-0.838
91917.0,Anyang Institute of Technology,CHN,8376.0,0.05,medium,1357.0,1.781,-0.531,-0.617,0.764,-0.56,0.528,-1.413,-0.268,1.578
3307.0,Gujarat University,IND,8376.0,-0.232,low,1451.0,-1.122,-0.362,0.383,0.787,-1.083,-0.172,-0.907,-0.268,-0.148
92908.0,Kuwait College of Science and Technology,KWT,8379.0,0.991,medium,955.0,1.024,0.22,-1.03,1.971,-1.096,1.591,4.343,-0.268,0.945
91956.0,Federal University Oye Ekiti,NGA,8379.0,-0.226,low,1182.0,0.603,-0.334,-0.389,0.471,-0.846,-0.247,-1.413,-0.268,-0.756
15146.0,Skidmore College,USA,8379.0,-0.283,very low,776.0,-0.444,-0.193,-1.051,-0.478,-0.494,1.674,-1.413,-0.268,1.524
8974.0,Hanoi University of Mining and Geology,VNM,8383.0,-0.251,low,987.0,0.02,-0.381,0.4,-0.069,-0.835,0.144,-0.496,-0.268,-0.677
6428.0,Universidad Nacional Jorge Basadre Grohmann de Tacna,PER,8383.0,0.748,medium,349.0,-0.969,-0.268,0.692,5.592,-0.566,0.561,-1.413,-0.268,-1.186
11823.0,Instituto Politecnico de Coimbra,PRT,8383.0,0.174,medium,2269.0,5.027,-0.418,-0.176,0.307,-0.47,-0.847,-1.263,-0.268,-0.739
2266.0,Universidad Tecnica de Ambato,ECU,8383.0,3.206,significant,1287.0,0.443,6.983,0.605,6.112,-1.231,-1.286,-1.107,-0.268,1.546
1660.0,Yunnan University of Finance and Economics,CHN,8383.0,0.138,medium,1484.0,0.302,0.173,-0.532,1.919,-1.27,-0.891,-1.413,-0.268,-0.51
26389.0,Netaji Subhas University of Technology,IND,8390.0,-0.36,very low,3268.0,-0.628,-0.447,0.721,0.334,-1.319,-1.259,-1.06,-0.268,-0.091
98732.0,Universitat Koblenz,DEU,8390.0,-0.183,low,449.0,-0.131,-0.165,1.855,-0.429,-0.806,-0.602,-1.413,-0.268,2.232
79095.0,Adiyaman University,TUR,8390.0,0.261,medium,2340.0,0.804,-0.353,0.129,0.571,2.791,0.966,0.639,-0.268,-1.186
84077.0,Mindanao State University - Iligan Institute of Technology,PHL,8396.0,0.529,medium,1148.0,1.034,0.042,0.013,0.547,2.004,1.778,0.244,-0.268,2.328
97363.0,Universitas Prima Indonesia,IDN,8396.0,1.047,medium,443.0,-0.249,-0.193,-0.007,6.294,-0.853,-0.205,-0.465,-0.268,-0.051
13098.0,Babson College,USA,8396.0,-0.157,low,694.0,-0.226,0.032,-1.574,-0.47,-0.981,1.219,0.251,-0.268,0.369
3548.0,Electronics Engineering Polytechnic Institute of Surabaya,IDN,8401.0,-0.234,low,907.0,-1.222,0.023,2.995,0.088,-1.026,-1.25,-1.413,-0.268,-0.088
771.0,Universidade de Santa Cruz do Sul,BRA,8401.0,-0.207,low,645.0,0.515,-0.296,-0.355,0.021,-0.573,0.428,-1.413,-0.268,0.374
65345.0,Universidade Federal do Reconcavo da Bahia,BRA,8401.0,-0.273,very low,1612.0,0.334,-0.296,-0.093,-0.092,-0.723,-0.101,-1.144,-0.268,-0.247
6391.0,Universidad Catolica de Santa Maria,PER,8401.0,0.185,medium,811.0,-0.873,-0.268,1.554,2.224,-0.054,-0.42,-0.912,-0.268,-0.567
92613.0,Koya University,IRQ,8401.0,0.27,medium,715.0,1.963,-0.456,0.938,1.427,-1.231,-0.779,-0.752,-0.268,1.616
1923.0,Universidad de Pamplona,COL,8408.0,-0.037,low,605.0,-0.156,-0.221,-0.536,0.663,-0.398,2.069,-1.413,-0.268,0.481
77111.0,Air Force Early Warning Academy,CHN,8408.0,-0.486,very low,792.0,-0.756,-0.212,-0.745,0.114,-1.339,-1.381,-1.413,-0.268,-0.558
81293.0,Eszterhazy Karoly University of Applied Sciences,HUN,8408.0,0.141,medium,773.0,0.677,-0.259,-0.616,-0.14,2.337,2.281,-0.004,-0.268,0.13
96919.0,VIA University College,DNK,8408.0,-0.362,very low,460.0,0.562,-0.108,-0.353,-0.545,-0.715,0.082,-1.413,-0.268,-1.186
94352.0,Instituto de Astrofisica e Ciencias do Espaco,PRT,8408.0,1.081,medium,1059.0,5.651,-0.418,0.075,-0.545,7.265,2.257,2.39,-0.268,1.176
1333.0,Guangzhou Sport University,CHN,8415.0,0.038,medium,512.0,0.148,-0.597,-1.533,2.72,-1.211,-0.528,-1.413,-0.268,-0.2
746.0,Pontificia Universidade Catolica de Goias,BRA,8415.0,-0.137,low,630.0,2.277,-0.334,-0.5,-0.38,-0.592,1.86,-1.413,-0.268,-1.186
96519.0,University of Transport Technology,VNM,8415.0,0.296,medium,724.0,0.346,-0.531,1.568,2.269,-0.831,-1.338,0.834,-0.268,-1.186
7458.0,NI Lobachevsky State University of Nizhni Novgorod,RUS,8418.0,0.157,medium,5139.0,1.038,-0.353,2.941,0.024,-0.688,-0.007,-1.0,-0.268,3.377
74194.0,Universidad de San Buenaventura,COL,8418.0,0.432,medium,670.0,0.372,-0.23,-0.829,2.106,0.338,2.126,-1.413,0.855,0.337
12816.0,University of Chemical Technology and Metallurgy,BGR,8418.0,1.985,significant,949.0,-1.605,-0.4,2.87,-0.215,-1.171,-0.689,-1.413,24.321,-0.659
2229.0,Escuela Superior Politecnica de Chimborazo,ECU,8421.0,0.667,medium,995.0,0.331,-0.4,0.761,4.863,-0.864,-0.723,-1.413,-0.268,-0.18
6007.0,B P Koirala Institute of Health Sciences,NPL,8421.0,0.32,medium,799.0,-1.656,-0.531,-1.625,3.509,-0.033,3.43,-0.592,-0.268,-1.186
94616.0,REVA University,IND,8421.0,0.106,medium,3618.0,-1.12,-0.09,0.412,1.014,-1.32,-0.343,-1.011,-0.268,4.643
72055.0,Faculdade Sao Leopoldo Mandic,BRA,8426.0,-0.38,very low,1019.0,0.636,-0.39,-0.215,-0.289,-0.71,-0.895,-1.413,-0.268,-0.187
97088.0,KCG College of Technology,IND,8428.0,0.226,medium,980.0,-1.344,0.108,2.356,1.214,-1.351,-0.77,0.314,-0.268,1.382
3389.0,Rashtrasant Tukadoji Maharaj Nagpur University,IND,8428.0,0.234,medium,1526.0,-1.296,-0.118,1.788,0.858,-1.21,0.44,2.293,-0.268,-0.518
3951.0,Ardabil University of Medical Sciences,IRN,8428.0,-0.268,very low,2022.0,-0.172,-0.493,-0.968,0.411,-0.296,1.132,-1.413,-0.268,-0.192
5615.0,Universidad Autonoma de Aguascalientes,MEX,8433.0,-0.235,low,1091.0,-0.179,-0.306,0.117,0.077,-1.201,-0.445,-0.704,-0.268,0.652
3116.0,Ionian University,GRC,8433.0,-0.196,low,1293.0,-0.746,-0.371,0.774,-0.222,-0.706,0.459,0.048,-0.268,0.607
2661.0,Universite de Corse Pascal Paoli,FRA,8436.0,-0.388,very low,709.0,-0.824,-0.484,0.178,-0.545,-0.031,1.937,-1.413,-0.268,0.245
5619.0,Universidad Autonoma de Chiapas,MEX,8437.0,0.352,medium,986.0,-0.878,-0.165,0.982,-0.333,5.642,2.499,1.607,-0.268,-0.677
15108.0,Sam Houston State University,USA,8437.0,-0.556,very low,2440.0,-1.245,-0.118,-0.462,-0.374,-0.993,-0.947,-1.257,-0.268,-0.977
1015.0,University of the Fraser Valley,CAN,8437.0,-0.362,very low,633.0,0.284,-0.193,-0.919,-0.298,-0.557,0.574,-1.413,-0.268,-1.186
97148.0,Islamic University of Science and Technology,IND,8437.0,-0.124,low,1219.0,-0.363,-0.4,-0.415,0.483,-1.042,-1.344,0.567,-0.268,0.918
13447.0,Eastern Illinois University,USA,8437.0,-0.467,very low,534.0,-0.635,-0.184,-0.152,-0.448,-0.992,0.521,-1.413,-0.268,-1.186
12708.0,Azerbaijan State University of Economics,AZE,8437.0,0.846,medium,1725.0,4.495,-0.287,2.898,2.362,-0.979,-1.331,-0.204,-0.268,0.565
96934.0,Wachemo University,ETH,8443.0,-0.101,low,751.0,0.983,-0.785,-1.605,0.707,-0.528,3.673,-0.959,-0.268,-1.186
6830.0,Instituto Politecnico de Santarem,PRT,8443.0,0.371,medium,705.0,4.356,-0.371,0.565,-0.175,-0.23,-0.193,0.522,-0.268,0.98
91965.0,Sefako Makgatho Health Sciences University,ZAF,8443.0,0.722,medium,2569.0,4.62,-0.578,2.344,-0.037,-0.73,0.324,2.882,-0.268,1.66
59400.0,University of Southern Maine,USA,8443.0,-0.294,very low,669.0,-1.025,-0.165,-0.318,-0.077,0.885,1.454,-1.413,-0.268,-1.186
69233.0,National Taipei University of Business,TWN,8450.0,-0.68,very low,595.0,-1.597,-0.353,-0.947,-0.194,-1.36,-1.535,-1.413,-0.268,-0.304
15544.0,University of Central Missouri,USA,8450.0,-0.493,very low,466.0,-0.97,-0.155,-1.115,0.239,-1.297,-0.985,-1.413,-0.268,-1.186
4664.0,Tokyo Gakugei University,JPN,8455.0,-0.292,very low,547.0,-0.252,-0.249,0.57,-0.545,-0.735,0.755,-1.413,-0.268,1.109
13698.0,Kenyon College,USA,8455.0,-0.074,low,634.0,-0.488,-0.155,-1.429,-0.545,2.582,4.894,-0.854,-0.268,-1.186
97108.0,Turkish-German University,TUR,8455.0,-0.23,low,512.0,1.051,-0.381,-0.826,0.373,-1.259,-0.275,-1.413,-0.268,-0.187
69770.0,University of the Faroe Islands,FRO,8455.0,0.332,medium,494.0,1.788,-0.315,-0.7,0.406,-0.123,1.423,1.694,-0.268,-0.13
817.0,Universidade Estadual do Sudoeste da Bahia,BRA,8455.0,-0.256,low,1377.0,-0.186,-0.249,0.248,0.137,-0.643,0.046,-1.413,-0.268,-0.091
4223.0,Universita Telematica Internazionale UNINETTUNO,ITA,8455.0,1.259,significant,1417.0,3.391,-0.409,1.259,1.74,0.484,-1.399,5.402,-0.268,3.277
8073.0,Wayamba University of Sri Lanka,LKA,8455.0,-0.382,very low,572.0,0.552,-0.353,-0.883,-0.089,-0.976,-0.738,-1.413,-0.268,-0.314
12818.0,University of Forestry Sofia,BGR,8465.0,0.588,medium,865.0,-0.471,-0.249,1.682,-0.364,0.059,2.348,-0.2,5.699,0.568
78633.0,International University of Sarajevo,BIH,8465.0,0.59,medium,559.0,-0.063,-0.268,-0.61,0.483,-0.489,2.178,-1.413,5.888,1.583
2703.0,Universite Bordeaux Montaigne,FRA,8465.0,-0.289,very low,1519.0,0.244,-0.137,-0.369,-0.511,-0.138,0.972,-1.413,-0.268,-0.498
1533.0,"Shanxi Normal University, Linfen",CHN,8465.0,0.153,medium,3059.0,0.271,-0.024,0.494,-0.101,1.615,-0.917,0.74,-0.268,0.935
10341.0,Babol Noshirvani University of Technology,IRN,8465.0,1.833,significant,3577.0,-1.367,6.851,0.017,-0.326,-1.34,-0.267,0.758,-0.268,0.207
85421.0,Anqing Normal University,CHN,8470.0,-0.308,very low,1496.0,1.521,-0.625,-0.556,0.502,-1.157,-1.521,-1.413,-0.268,-0.853
61626.0,Universidade do Estado de Mato Grosso,BRA,8472.0,-0.161,low,1141.0,0.088,-0.23,0.245,0.142,0.259,0.852,-1.103,-0.268,-1.186
77685.0,Busitema University,UGA,8472.0,-0.168,low,648.0,2.471,-0.653,-0.672,-0.142,0.285,-0.167,-0.765,-0.268,-1.186
8534.0,Kyiv National University of Construction and Architecture,UKR,8472.0,0.593,medium,1253.0,-0.482,-0.108,7.635,2.915,-0.723,-2.54,-1.413,-0.268,0.808
71671.0,Ningbo University of Technology,CHN,8476.0,-0.17,low,2127.0,1.878,-0.625,-0.765,0.315,-1.07,0.09,-0.716,-0.268,-0.95
9024.0,"National University of Science and Technology, Bulawayo",ZWE,8476.0,-0.296,very low,551.0,1.596,-0.334,-0.972,-0.261,-0.828,0.278,-1.413,-0.268,-1.186
94468.0,"Instituto Federal de Educacao, Ciencia e Tecnologia do Para",BRA,8476.0,-0.17,low,621.0,1.511,-0.437,-0.112,0.38,-0.775,0.114,-1.413,-0.268,-1.186
8331.0,Universite de Monastir,TUN,8476.0,0.549,medium,7538.0,2.564,1.197,0.971,0.224,-0.976,0.046,-0.922,-0.268,0.118
3414.0,Pandit Ravishankar Shukla University,IND,8484.0,-0.312,very low,773.0,-1.295,0.202,-0.531,0.468,-1.024,-0.623,-1.413,-0.268,-1.186
97982.0,Jining Medical University,CHN,8484.0,0.539,medium,3298.0,-0.48,2.484,-1.513,0.595,-0.672,0.502,-1.146,-0.268,-1.032
80145.0,Universidad Estatal de Milagro,ECU,8487.0,0.631,medium,355.0,0.424,-0.202,-0.042,4.752,-1.196,-1.647,-1.413,-0.268,0.222
2130.0,University of Zadar,HRV,8490.0,-0.438,very low,1196.0,-1.39,-0.099,0.278,-0.458,-0.406,1.117,-1.413,-0.268,-1.186
13603.0,High Point University,USA,8490.0,-0.475,very low,732.0,-0.395,-0.268,-0.84,-0.26,-0.572,-0.099,-1.413,-0.268,-1.186
98731.0,"Texas A&M University, San Antonio",USA,8492.0,-0.54,very low,744.0,-0.905,-0.193,-0.729,-0.194,-1.14,-0.633,-1.413,-0.268,-1.186
96439.0,Catholic University of Croatia,HRV,8492.0,-0.234,low,923.0,0.175,-0.193,-0.155,-0.376,-0.506,-0.961,0.492,-0.268,-1.186
411.0,"International University of Business, Agriculture and Technology",BGD,8496.0,-0.088,low,871.0,0.711,-0.014,-0.547,0.175,-0.927,-0.456,-0.359,-0.268,-0.612
4266.0,Chiba Institute of Technology,JPN,8496.0,1.837,significant,1585.0,0.079,5.546,2.128,-0.084,0.545,1.203,-1.413,-0.268,3.136
15122.0,Seattle University,USA,8496.0,-0.488,very low,1157.0,-0.964,-0.061,-1.183,-0.41,-0.708,-0.774,-1.413,-0.268,0.205
1296.0,Dalian Jiaotong University,CHN,8502.0,-0.391,very low,2966.0,-0.261,-0.503,-0.335,0.159,-1.245,-0.339,-0.887,-0.268,-0.682
5223.0,University of Mauritius,MUS,8502.0,0.117,medium,1759.0,0.501,-0.306,-1.112,0.286,-0.462,1.205,0.444,-0.268,2.053
10323.0,Salahaddin University-Erbil,IRQ,8502.0,1.057,medium,2606.0,1.091,2.024,-1.357,1.86,-0.777,4.322,-1.413,-0.268,0.54
3991.0,Hormozgan University of Medical Sciences,IRN,8502.0,-0.337,very low,1699.0,-1.056,-0.315,-1.361,0.193,-0.358,0.513,-0.957,-0.268,0.158
6196.0,Molde University College,NOR,8508.0,-0.271,very low,679.0,2.017,-0.277,-0.717,-0.238,-1.079,-0.495,-1.413,-0.268,-1.186
10317.0,University of Kufa,IRQ,8508.0,1.888,significant,5703.0,-0.507,0.549,2.014,8.642,-1.282,0.592,-0.525,-0.268,1.169
83452.0,Hunan First Normal University,CHN,8508.0,0.093,medium,1025.0,0.841,-0.531,-1.193,1.341,-0.998,1.323,-1.413,-0.268,2.234
3396.0,National Institute of Technology Calicut,IND,8514.0,-0.462,very low,4286.0,-1.385,-0.428,0.002,0.174,-1.378,-1.013,-1.098,-0.268,0.518
99024.0,Kazi Nazrul University,IND,8516.0,-0.506,very low,729.0,-1.451,-0.456,1.63,0.243,-1.334,-3.371,-1.413,-0.268,0.977
59528.0,Universidade Federal do Pampa,BRA,8516.0,-0.33,very low,2017.0,-0.212,-0.324,0.425,-0.208,-0.931,-0.324,-1.413,-0.268,0.804
1328.0,Nanning Normal University,CHN,8516.0,1.995,significant,2029.0,0.351,7.49,-0.979,0.253,-1.174,-0.641,-1.245,-0.268,-0.94
80987.0,"Instituto Federal de Educacao, Ciencia e Tecnologia Espirito Santo",BRA,8521.0,0.221,medium,1312.0,1.076,0.53,-0.272,0.569,-0.753,0.312,-1.143,-0.268,0.344
2139.0,Universidad de La Habana,CUB,8523.0,1.051,medium,2149.0,1.026,0.737,0.073,1.035,-0.621,2.154,-1.413,5.586,0.458
4020.0,Rafsanjan University of Medical Sciences,IRN,8526.0,0.374,medium,1187.0,-0.007,1.047,-1.569,0.203,0.44,4.917,-1.037,-0.268,-0.764
96289.0,Abbottabad University of Science and Technology,PAK,8529.0,-0.037,low,753.0,-0.219,-0.803,0.255,0.773,-0.627,0.07,-0.298,-0.268,2.862
85977.0,North China Institute of Aerospace Engineering,CHN,8529.0,0.107,medium,729.0,0.605,-0.587,-0.884,2.608,-1.035,-0.187,-1.413,-0.268,-0.503
13326.0,The College of Wooster,USA,8529.0,-0.536,very low,566.0,-0.747,-0.165,-1.06,-0.545,-0.843,-0.542,-1.413,-0.268,-0.255
59413.0,"University of Houston, Clear Lake",USA,8529.0,-0.415,very low,816.0,-0.94,-0.184,-1.232,-0.353,-0.955,0.292,-1.413,-0.268,1.342
78573.0,RAK Medical and Health Sciences University,ARE,8529.0,0.173,medium,696.0,0.146,-0.437,-0.856,1.256,-0.354,3.539,0.076,-0.268,-1.186
4900.0,Hanseo University,KOR,8540.0,0.909,medium,703.0,-0.264,-0.475,-0.182,3.913,-1.125,-0.034,3.047,-0.268,1.69
70655.0,Armed Forces Medical College,IND,8541.0,-0.639,very low,1300.0,-1.742,-0.277,-1.617,-0.103,-1.195,-0.966,-0.858,-0.268,-1.186
2013.0,Universite Catholique de Bukavu,COD,8541.0,0.459,medium,377.0,4.601,-0.465,-1.611,0.425,0.853,5.04,-1.413,-0.268,0.158
62349.0,"Indian Institute of Management, Ahmedabad",IND,8541.0,-0.389,very low,946.0,-0.851,-0.108,-1.49,-0.214,-0.888,1.793,-1.413,-0.268,-0.62
13534.0,Furman University,USA,8541.0,-0.171,low,637.0,-1.259,-0.174,0.038,-0.545,-0.829,-0.518,-1.413,-0.268,6.998
59269.0,"University of Wisconsin, River Falls",USA,8546.0,0.722,medium,560.0,-0.824,-0.165,0.335,-0.545,10.045,1.693,3.554,-0.268,0.617
98957.0,Sir Padampat Singhania University,IND,8546.0,2.242,significant,434.0,-1.281,6.842,0.38,2.223,-1.009,0.279,-0.234,-0.268,-1.186
10241.0,Integral University,IND,8546.0,-0.114,low,2187.0,-0.834,-0.277,0.149,1.103,-1.257,-0.347,-0.909,-0.268,0.443
15109.0,Samford University,USA,8546.0,-0.484,very low,665.0,-0.795,-0.118,-0.8,-0.231,-0.89,-0.221,-1.413,-0.268,-1.186
8792.0,"School of Advanced Study, University of London",GBR,8546.0,-0.126,low,789.0,3.413,-0.033,-1.223,-0.479,-1.032,-0.431,-1.413,-0.268,-1.186
96222.0,Chitkara Educational Trust,IND,8551.0,0.914,medium,12413.0,-0.883,0.07,4.824,1.639,-1.274,-2.594,3.991,-0.268,4.666
3353.0,Karnatak University,IND,8551.0,0.022,medium,1539.0,-0.773,0.192,0.348,0.846,-0.896,0.345,-1.14,-0.268,0.471
6319.0,Ziauddin Medical University,PAK,8554.0,0.344,medium,475.0,-1.25,-0.465,-2.215,3.854,-0.481,3.999,-1.413,-0.268,-1.186
8443.0,Kampala International University,UGA,8554.0,-0.01,low,1028.0,2.34,-0.644,0.443,0.319,-0.126,-1.958,0.284,-0.268,-0.694
94115.0,Agriculture and Forestry University,NPL,8554.0,-0.446,very low,410.0,-0.731,-0.212,-0.445,-0.035,-0.868,-0.183,-1.413,-0.268,-1.186
10261.0,Motilal Nehru National Institute of Technology,IND,8554.0,-0.095,low,4159.0,-1.486,0.474,0.52,0.61,-1.378,-1.654,-0.968,-0.268,0.764
13450.0,Eastern Michigan University,USA,8559.0,-0.473,very low,1439.0,-0.977,-0.155,-1.206,-0.255,-0.861,1.057,-1.413,-0.268,-1.186
4065.0,University of Al-Qadisiyah,IRQ,8559.0,1.54,significant,3592.0,-0.858,-0.137,2.456,8.108,-1.205,0.364,-1.099,-0.268,2.018
3698.0,Parahyangan Catholic University,IDN,8559.0,0.302,medium,693.0,-0.314,-0.362,0.99,3.224,-1.191,-0.751,-1.413,-0.268,0.257
72145.0,Universidade Federal da Fronteira Sul,BRA,8562.0,-0.313,very low,1485.0,0.031,-0.277,0.087,-0.369,-0.943,-0.555,-0.371,-0.268,-0.495
91984.0,Bitlis Eren University,TUR,8562.0,-0.373,very low,777.0,-1.056,-0.456,1.234,0.463,-1.37,0.211,-1.413,-0.268,-1.186
11825.0,Instituto Politecnico de Viana do Castelo,PRT,8564.0,0.415,medium,1793.0,4.777,-0.418,0.428,0.008,-0.778,-0.871,1.938,-0.268,-0.903
6330.0,Arab American University,PSE,8564.0,0.456,medium,1044.0,1.343,-0.447,1.218,2.007,-0.889,-0.48,0.045,-0.268,1.693
2261.0,Universidad Nacional de Chimborazo,ECU,8564.0,0.844,medium,703.0,0.962,-0.193,-0.027,4.953,-1.332,0.076,-1.413,-0.268,0.945
96932.0,Woldia University,ETH,8570.0,-0.246,low,1119.0,-0.555,-0.155,-1.517,0.248,-0.685,1.183,-1.014,-0.268,-0.287
3638.0,Universitas Gunadarma,IDN,8570.0,0.469,medium,415.0,-0.444,-0.099,-0.277,3.105,-0.231,3.487,-1.413,-0.268,-1.186
90163.0,Sinop University,TUR,8570.0,0.412,medium,1544.0,1.538,-0.409,0.633,-0.342,4.339,1.95,1.57,-0.268,-0.53
98671.0,MSB Medical School Berlin,DEU,8570.0,-0.391,very low,561.0,1.178,-0.503,-0.409,-0.452,0.417,-0.813,-1.413,-0.268,-1.186
1386.0,Hubei University of Chinese Medicine,CHN,8570.0,-0.341,very low,3077.0,-0.878,-0.4,-1.178,1.017,-0.825,-0.862,-1.153,-0.268,-1.019
76345.0,Centro Universitario SENAI CIMATEC,BRA,8576.0,-0.276,very low,639.0,2.825,-0.625,-0.465,-0.3,-0.565,-1.417,-1.413,-0.268,-0.406
94606.0,Government College Women University Faisalabad,PAK,8576.0,0.4,medium,821.0,-0.048,1.911,-1.252,0.345,-1.105,1.53,-1.413,-0.268,-0.57
6989.0,Altai State University,RUS,8578.0,1.857,significant,2785.0,1.092,0.53,5.792,0.636,-0.459,0.643,1.569,8.265,3.595
11687.0,Andrzej Frycz Modrzewski University,POL,8578.0,-0.45,very low,735.0,-0.485,-0.409,-0.895,-0.545,-0.179,1.537,-1.413,-0.268,-0.49
814.0,Universidade Estadual do Norte Fluminense Darcy Ribeiro,BRA,8582.0,-0.271,very low,2258.0,-0.168,-0.259,1.09,-0.314,-0.67,-1.082,0.057,-0.268,-1.186
81219.0,Menzies School of Health Research,AUS,8582.0,0.201,medium,1778.0,3.983,-0.587,1.003,-0.457,1.098,-0.242,-0.011,-0.268,0.113
5959.0,Universite Chouaib Doukkali,MAR,8582.0,0.326,medium,3383.0,0.31,-0.137,2.328,2.018,-1.157,-1.199,-0.463,-0.268,0.148
1848.0,Fundacion Universitaria de Ciencias de la Salud,COL,8582.0,-0.15,low,686.0,0.721,-0.23,-1.499,0.216,0.121,1.267,-1.413,-0.268,-0.453
1259.0,Changchun Institute of Technology,CHN,8588.0,0.555,medium,1304.0,0.078,2.258,-1.061,1.097,-1.345,-0.418,-1.413,-0.268,-0.806
1902.0,Universidad CES,COL,8588.0,0.026,medium,1459.0,0.783,-0.033,-1.127,-0.151,0.163,2.208,-1.413,0.911,-0.49
4184.0,Universita degli Studi di Macerata,ITA,8588.0,-0.283,very low,1609.0,-0.803,-0.137,-0.353,-0.35,-1.084,-0.183,0.071,-0.268,0.188
77709.0,Vignan University,IND,8593.0,0.767,medium,3153.0,-1.274,1.422,-0.314,3.083,-1.339,-1.192,-1.08,-0.268,2.567
80511.0,Istanbul Okan University,TUR,8593.0,0.474,medium,1260.0,1.285,0.793,-1.268,0.284,-0.187,1.117,0.94,-0.268,0.014
92636.0,Institut National des Sciences Appliquees et de Technologie,TUN,8595.0,-0.223,low,866.0,2.615,-0.447,-0.876,-0.244,-1.233,0.045,-1.413,-0.268,-0.607
67061.0,Niigata University of Health and Welfare,JPN,8595.0,-0.33,very low,776.0,-0.025,-0.625,1.913,-0.343,-0.9,-0.298,-0.855,-0.268,0.113
70592.0,Tashkent University of Information Technologies,UZB,8595.0,0.638,medium,1514.0,-0.64,-0.146,6.022,2.422,-1.257,-1.751,-1.413,-0.268,5.567
3407.0,Nizam's Institute of Medical Sciences,IND,8595.0,0.454,medium,735.0,-1.471,1.648,-2.024,0.237,0.581,4.934,-0.289,-0.268,-1.186
93025.0,Universite Mohammed VI des Sciences de la Sante,MAR,8599.0,0.371,medium,480.0,0.54,-0.587,-1.589,3.264,0.268,2.673,-1.413,-0.268,-1.186
73490.0,Henan University of Urban Construction,CHN,8599.0,-0.042,low,1135.0,1.254,-0.672,-0.999,1.25,-1.337,1.091,-1.112,-0.268,-0.307
8987.0,Quy Nhon University,VNM,8599.0,0.055,medium,497.0,0.283,-0.493,-0.694,2.293,-1.108,-0.333,-1.413,-0.268,-0.187
795.0,Universidade do Vale do Itajai,BRA,8599.0,-0.148,low,967.0,0.743,-0.343,-0.254,1.021,-0.522,-1.149,-1.413,-0.268,-1.186
8614.0,Sumy National Agrarian University,UKR,8604.0,0.853,medium,1067.0,0.572,-0.09,2.841,3.812,-0.149,-0.446,-1.413,-0.268,2.326
98630.0,Wuzhou University,CHN,8605.0,5.318,significant,668.0,1.295,16.75,2.11,1.332,-1.11,-2.501,-0.352,-0.268,0.687
1542.0,Shenyang Ligong University,CHN,8605.0,-0.305,very low,2741.0,-0.857,-0.024,-0.403,-0.05,-1.277,0.424,-1.126,-0.268,-0.004
4741.0,Egerton University,KEN,8605.0,0.64,medium,773.0,-0.034,2.972,-1.122,-0.14,-0.396,1.016,-1.413,-0.268,-0.53
97043.0,Chennai Institute of Technology,IND,8605.0,0.576,medium,2333.0,-0.891,-0.493,0.331,2.343,-1.359,0.108,1.888,-0.268,4.581
97187.0,Central University of Jharkhand,IND,8605.0,-0.442,very low,1087.0,-1.219,-0.447,0.421,0.368,-1.021,-1.019,-0.93,-0.268,-1.186
3283.0,Devi Ahilya University,IND,8605.0,-0.276,very low,1055.0,-1.141,-0.287,0.97,1.039,-1.332,-1.233,-1.413,-0.268,-0.712
880.0,Universidade Regional do Cariri,BRA,8613.0,0.322,medium,1230.0,0.945,-0.54,2.07,0.092,0.297,-0.329,3.142,-0.268,-0.366
1404.0,Inner Mongolia University of Science and Technology,CHN,8613.0,-0.343,very low,4426.0,0.715,-0.437,0.082,-0.038,-1.231,-0.884,-0.989,-0.268,-0.96
1009.0,Royal Roads University,CAN,8613.0,-0.421,very low,534.0,0.043,-0.024,-0.491,-0.545,-0.673,-1.461,-1.413,-0.268,-0.195
6426.0,Universidad Nacional Federico Villarreal,PER,8613.0,0.46,medium,1065.0,0.272,-0.118,1.847,3.084,-0.74,0.006,-1.413,-0.268,-0.714
96178.0,Sardar Vallabhbhai National Institute of Technology,IND,8613.0,-0.32,very low,4823.0,-1.406,-0.503,1.58,0.386,-1.295,-1.35,-0.654,-0.268,0.801
85799.0,Qiqihar Medical University,CHN,8613.0,0.075,medium,987.0,-0.043,-0.493,-0.933,2.895,-1.13,-0.923,-1.413,-0.268,-0.674
3110.0,Hellenic Open University,GRC,8619.0,0.647,medium,2668.0,4.067,-0.334,1.045,0.375,2.239,0.496,1.149,-0.268,-0.23
1947.0,Universidad Libre,COL,8619.0,0.142,medium,851.0,0.712,-0.118,-0.672,1.603,-0.631,0.356,-1.413,-0.268,0.014
62116.0,Rawalpindi Medical University,PAK,8622.0,0.975,medium,541.0,-1.413,0.69,-1.771,4.959,-0.548,2.917,-0.734,-0.268,-0.242
98074.0,State University of Information and Communication Technologies,UKR,8622.0,1.058,medium,474.0,-1.565,0.042,4.399,2.54,0.853,-2.608,-1.413,-0.268,14.6
84949.0,Bukovinian State Medical University,UKR,8622.0,1.228,significant,1054.0,-1.579,0.014,1.618,4.906,0.05,2.43,-1.413,-0.268,7.281
3509.0,Visvesvaraya Technological University,IND,8622.0,0.421,medium,3258.0,1.412,-0.306,-0.77,3.175,-1.371,-0.734,-1.413,-0.268,0.965
9071.0,Universite du Quebec en Outaouais,CAN,8622.0,-0.213,low,1584.0,-0.527,-0.296,-0.2,-0.413,-0.42,0.581,-1.413,-0.268,3.617
12821.0,University of National and World Economy,BGR,8628.0,-0.042,low,500.0,-1.503,-0.014,-0.535,1.44,-0.575,-0.396,-1.413,-0.268,1.37
5629.0,Universidad Autonoma de Nayarit,MEX,8629.0,-0.427,very low,619.0,-1.203,-0.287,-0.193,0.214,-0.969,0.447,-1.413,-0.268,-1.186
96988.0,"University of Education, Winneba",GHA,8629.0,0.234,medium,1367.0,-0.43,1.319,-0.25,0.525,-1.117,-0.854,-0.626,-0.268,-0.453
6156.0,National Open University of Nigeria,NGA,8629.0,0.531,medium,541.0,0.412,0.38,1.692,1.483,0.26,4.192,-1.413,-0.268,-1.186
62530.0,Mapua University,PHL,8633.0,0.383,medium,2782.0,-0.616,-0.146,6.355,-0.038,-1.122,-1.886,2.945,-0.268,1.228
97384.0,Mardin Artuklu University,TUR,8636.0,-0.352,very low,764.0,-1.403,0.117,-0.456,0.344,-1.083,-0.887,-1.413,-0.268,-0.525
808.0,Universidade Estadual de Montes Claros,BRA,8636.0,-0.201,low,1176.0,0.371,0.014,0.356,-0.412,-0.637,1.205,-1.413,-0.268,-0.754
97099.0,"National Institute of Technology, Puducherry",IND,8636.0,-0.472,very low,1157.0,-1.342,-0.475,1.275,0.087,-1.359,-1.819,-0.755,-0.268,-0.309
7922.0,University of Economics in Bratislava,SVK,8640.0,-0.096,low,828.0,-0.682,-0.099,-0.556,1.032,-1.284,1.099,-1.413,-0.268,0.024
84185.0,Wuxi Institute of Technology,CHN,8640.0,0.705,medium,603.0,1.28,-0.465,-1.6,5.086,-1.361,-0.152,-1.413,-0.268,0.468
15469.0,University of St. Thomas,USA,8640.0,-0.462,very low,1090.0,-1.335,-0.108,-1.21,-0.402,-0.911,0.559,-0.751,-0.268,-0.704
94473.0,Universidade Federal do Delta do Parnaiba,BRA,8640.0,-0.28,very low,617.0,0.885,-0.437,-0.023,-0.376,0.449,-0.754,-1.413,-0.268,0.438
1193.0,Universidad Finis Terrae,CHL,8644.0,-0.163,low,991.0,1.55,-0.4,-0.642,-0.334,-0.446,2.243,-1.413,-0.268,-0.421
98245.0,Wuchang University of Technology,CHN,8644.0,0.806,medium,996.0,2.499,2.559,-1.486,0.294,-1.23,1.04,-1.005,-0.268,-1.186
4394.0,University of Kitakyushu,JPN,8644.0,0.028,medium,1273.0,1.872,-0.569,0.985,-0.258,-1.21,-0.821,1.421,-0.268,0.001
98019.0,Ghazi University,PAK,8648.0,0.037,medium,878.0,0.121,0.493,-1.224,0.704,-0.378,0.872,-1.413,-0.268,-1.186
12806.0,New Bulgarian University,BGR,8650.0,-0.052,low,481.0,0.535,-0.268,-0.703,-0.219,0.77,1.649,-1.413,-0.268,2.018
2247.0,Universidad de Guayaquil,ECU,8650.0,1.454,significant,1210.0,1.114,-0.174,0.317,7.917,-1.02,0.24,-1.413,-0.268,0.063
15238.0,Texas Woman's University,USA,8650.0,-0.359,very low,1327.0,-0.896,0.455,-1.083,-0.348,-1.145,-0.734,-1.413,-0.268,-0.409
89557.0,"National Pirogov Memorial Medical University, Vinnytsya",UKR,8654.0,0.11,medium,1155.0,-1.655,0.032,1.313,0.586,-0.476,3.173,-1.413,-0.268,2.333
77573.0,University College of Medical Sciences,IND,8654.0,-0.464,very low,1352.0,-1.006,-0.409,-1.608,-0.275,-0.7,1.672,-0.87,-0.268,-0.798
925.0,Technical University of Sofia,BGR,8654.0,0.167,medium,4169.0,-1.529,-0.014,4.025,1.209,-1.232,-1.975,-0.894,-0.268,3.156
6826.0,Instituto Politecnico de Castelo Branco,PRT,8654.0,0.301,medium,782.0,2.262,0.305,-0.332,0.857,-0.718,0.527,-1.413,-0.268,0.121
3473.0,The Maharaja Sayajirao University of Baroda,IND,8654.0,-0.336,very low,2339.0,-1.214,-0.484,0.611,0.281,-1.1,-0.802,-0.454,-0.268,0.215
96826.0,Hanoi National University of Education,VNM,8659.0,-0.039,low,1581.0,-0.761,-0.362,-0.869,1.008,-0.433,2.69,-1.181,-0.268,0.401
98720.0,Shandong Management University,CHN,8659.0,0.297,medium,714.0,-0.061,0.483,-1.446,2.235,-0.347,-0.484,-1.413,-0.268,-0.135
3383.0,Manonmaniam Sundaranar University,IND,8665.0,0.29,medium,2250.0,-1.184,0.333,-0.838,2.218,-1.207,2.101,-1.413,-0.268,0.597
6442.0,Universidad Privada Antenor Orrego,PER,8665.0,0.157,medium,690.0,-1.086,-0.071,-0.258,2.407,-1.084,0.528,-1.413,-0.268,0.279
10537.0,Tafila Technical University,JOR,8665.0,0.276,medium,996.0,1.772,0.004,0.051,1.395,-1.181,0.396,-0.583,-0.268,-1.186
99105.0,Alanya Alaaddin Keykubat University,TUR,8668.0,-0.528,very low,1234.0,-0.988,-0.315,-0.806,-0.122,-0.889,-0.773,-1.413,-0.268,-0.371
75858.0,Universidad Autonoma de Campeche,MEX,8668.0,-0.276,very low,542.0,-1.137,-0.343,0.07,0.804,-0.998,0.148,-1.413,-0.268,-0.257
3477.0,"University of Agricultural Sciences, Bangalore",IND,8673.0,-0.224,low,1134.0,-1.112,-0.259,-0.14,0.837,-0.93,1.125,-1.413,-0.268,-0.739
3311.0,Guru Jambheshwar University of Science and Technology,IND,8673.0,-0.305,very low,2193.0,-1.11,-0.465,1.007,0.836,-1.301,-1.078,-1.413,-0.268,0.302
1171.0,Universidad de Atacama,CHL,8673.0,-0.062,low,1215.0,0.197,-0.428,-0.194,0.185,0.238,2.104,-0.322,-0.268,-0.769
92511.0,Faculte des Sciences d’El Jadida,MAR,8673.0,0.491,medium,1936.0,0.385,0.061,1.791,2.747,-1.075,-0.662,-0.83,-0.268,-0.155
91886.0,Madan Mohan Malaviya University Of Technology,IND,8673.0,0.019,medium,1792.0,-1.487,-0.024,2.932,0.621,-1.32,-2.378,0.212,-0.268,1.891
4955.0,Kyungnam University,KOR,8678.0,-0.433,very low,811.0,-1.366,-0.334,-0.87,0.228,-1.191,-0.415,-1.413,-0.268,0.995
91997.0,Rajamangala University of Technology Isan,THA,8678.0,-0.362,very low,1391.0,-1.155,-0.334,1.44,-0.17,-1.209,-0.102,-1.413,-0.268,0.977
2941.0,Hochschule Fulda,DEU,8678.0,0.017,medium,569.0,0.938,-0.202,0.372,-0.362,-0.846,0.671,-0.698,-0.268,2.87
6833.0,Instituto Politecnico de Viseu,PRT,8682.0,0.362,medium,1304.0,2.703,-0.334,-0.408,0.977,-0.563,0.595,0.438,-0.268,-0.026
91953.0,Osun State University,NGA,8682.0,0.02,medium,1216.0,-0.133,-0.287,1.413,0.228,-0.862,0.703,-0.269,-0.268,1.29
3456.0,Prince Shri Venkateshwara Padmavathy Engineering College,IND,8682.0,-0.67,very low,1001.0,-1.778,-0.09,1.908,0.238,-1.401,-6.218,-1.413,-0.268,-1.186
4724.0,Isra University,JOR,8686.0,1.29,significant,1825.0,2.704,-0.371,4.02,1.831,-0.909,1.157,4.525,-0.268,2.515
4012.0,University of Mohaghegh Ardabili,IRN,8686.0,1.603,significant,3912.0,-0.417,5.874,0.784,-0.065,-1.271,-0.693,-0.357,0.143,-0.478
98000.0,University of Embu,KEN,8686.0,0.056,medium,460.0,-0.552,-0.503,-1.507,0.023,0.447,5.305,-1.413,-0.268,4.261
77722.0,Honghe University,CHN,8686.0,2.94,significant,547.0,1.666,9.687,-0.822,0.314,-1.223,0.856,-1.413,-0.268,0.63
98011.0,Foreign Trade University,VNM,8690.0,1.037,medium,481.0,-0.504,1.958,-0.683,3.582,-1.148,-0.022,-1.413,-0.268,0.888
6546.0,Mindanao State University - Marawi,PHL,8690.0,0.31,medium,1596.0,0.888,0.014,0.127,0.273,1.277,1.488,-0.221,-0.268,1.333
6688.0,Maria Grzegorzewska University,POL,8690.0,-0.433,very low,484.0,-1.493,-0.315,0.843,-0.545,-0.648,0.676,-1.413,-0.268,0.898
84948.0,Central University of Gujarat,IND,8693.0,-0.393,very low,1044.0,-0.703,-0.531,0.239,-0.045,-1.285,0.532,-0.672,-0.268,-0.694
2272.0,Universidad Tecnica Estatal de Quevedo,ECU,8693.0,4.365,significant,472.0,-0.611,9.631,1.568,7.977,-1.144,0.835,-1.413,-0.268,0.923
13683.0,Kansas City University,USA,8693.0,-0.43,very low,741.0,-0.648,-0.531,-1.995,-0.263,-0.811,1.057,-0.829,-0.268,0.878
73525.0,Chongqing Three Gorges University,CHN,8693.0,0.254,medium,1804.0,1.717,-0.005,0.438,0.584,-1.199,0.036,-0.286,-0.268,1.171
89057.0,Kharkiv National Medical University,UKR,8698.0,0.216,medium,1792.0,-1.508,0.014,1.352,1.0,-0.602,4.36,-1.179,-0.268,1.047
98402.0,Thuongmai University,VNM,8700.0,1.263,significant,571.0,0.272,-0.202,-0.781,7.689,-0.891,-0.355,-1.413,-0.268,0.558
80318.0,State University of Trade and Economics,UKR,8700.0,1.382,significant,1016.0,-0.832,0.032,1.171,8.093,-0.134,-0.237,-1.413,-0.268,-0.692
1921.0,Universidad de Medellin,COL,8700.0,0.5,medium,1193.0,-0.121,-0.249,-0.008,2.87,1.591,-0.096,-0.379,-0.268,0.073
84950.0,Kuban State Agrarian University,RUS,8705.0,1.142,significant,1666.0,-1.191,-0.249,4.031,4.942,-1.299,-0.508,-1.185,-0.268,7.626
6942.0,Universitatea Petrol-Gaze din Ploiesti,ROU,8705.0,-0.003,low,612.0,-1.073,-0.39,1.272,1.93,-1.084,-1.047,-1.413,-0.268,0.923
4030.0,Shahid Chamran University,IRN,8705.0,0.504,medium,4041.0,-1.191,2.324,-0.298,0.14,-1.106,0.105,-1.001,1.036,-0.813
84586.0,Xijing University,CHN,8705.0,0.889,medium,2473.0,-0.015,1.441,-0.656,2.201,-1.322,0.538,-0.097,-0.268,2.54
2363.0,Higher Technological Institute,EGY,8709.0,-0.041,low,650.0,1.132,-0.691,0.152,0.741,-1.289,0.835,-0.707,-0.268,0.351
1922.0,Universidad de Narino,COL,8709.0,0.072,medium,507.0,-0.251,-0.277,-0.675,1.928,-1.018,1.155,-1.413,-0.268,-0.197
96371.0,Chechen State University,RUS,8711.0,0.891,medium,1096.0,-1.578,-0.343,4.797,3.745,-1.268,-4.751,-1.413,-0.268,12.638
6832.0,Instituto Politecnico de Tomar,PRT,8711.0,-0.045,low,501.0,4.556,-0.343,0.621,-0.024,-0.625,-3.301,-1.413,-0.268,-1.186
13112.0,Bard College,USA,8711.0,-0.103,low,845.0,-0.084,-0.052,-1.739,-0.545,1.041,5.043,-1.009,-0.268,-1.186
9221.0,Neijiang Normal University,CHN,8711.0,0.779,medium,1256.0,1.723,1.206,-0.457,0.703,-1.053,-0.791,-1.413,-0.268,7.74
8634.0,Beykent University,TUR,8716.0,0.32,medium,1072.0,1.447,-0.371,-1.404,0.38,2.676,1.452,0.3,-0.268,1.422
72140.0,Faculdade de Ciencias Medicas de Minas Gerais,BRA,8718.0,-0.208,low,520.0,1.247,-0.465,-1.483,-0.344,1.214,2.337,-1.413,-0.268,-1.186
90176.0,Usak University,TUR,8719.0,-0.349,very low,1955.0,-1.17,-0.277,-0.222,0.55,-0.892,-0.404,-1.232,-0.268,-0.659
173.0,Universidad Nacional de La Pampa,ARG,8721.0,-0.258,low,749.0,-0.961,-0.249,1.095,-0.406,-0.915,0.116,-1.413,1.454,-0.5
11191.0,Karaganda Buketov University,KAZ,8721.0,1.151,significant,1066.0,-1.02,0.427,4.608,4.159,-0.832,1.452,-1.413,-0.268,4.002
3299.0,Gandhigram Rural Institute,IND,8721.0,-0.468,very low,1244.0,-1.336,-0.55,1.054,0.588,-1.381,-1.265,-1.413,-0.268,-0.784
5844.0,National University of Mongolia,MNG,8721.0,0.486,medium,1048.0,0.115,2.155,0.12,-0.296,-0.103,1.78,-1.413,-0.268,-0.699
86264.0,Jiujiang University,CHN,8726.0,0.003,medium,1451.0,0.979,-0.559,-1.113,1.435,-1.016,0.819,-1.142,-0.268,-0.153
91978.0,Bayburt University,TUR,8726.0,-0.447,very low,965.0,-1.323,-0.39,-0.293,0.213,-1.351,0.865,-1.413,-0.268,-0.669
69884.0,University of Aleppo,SYR,8732.0,0.703,medium,879.0,-0.435,-0.484,-1.154,4.269,-0.351,2.868,0.274,-0.268,-0.612
7592.0,Samara University,RUS,8733.0,0.729,medium,4104.0,-0.239,0.098,1.773,0.638,-1.004,0.805,0.4,-0.268,10.085
633.0,University of Tuzla,BIH,8733.0,0.41,medium,689.0,-1.357,1.761,-1.243,0.061,-0.132,3.807,-1.413,-0.268,1.032
13247.0,Central Washington University,USA,8733.0,-0.389,very low,681.0,-0.599,-0.221,-0.397,-0.315,-1.009,0.462,-1.413,-0.268,0.317
70373.0,Kabul University,AFG,8736.0,0.559,medium,735.0,0.568,-0.616,-0.669,3.932,-0.839,-0.714,0.979,-0.268,-1.186
7303.0,Kursk State Medical University,RUS,8736.0,0.084,medium,716.0,-0.991,-0.108,-1.681,0.549,0.023,6.179,-1.413,-0.268,0.957
77450.0,Military Technical College,EGY,8739.0,0.024,medium,1277.0,-1.163,-0.193,1.529,1.705,-1.287,-0.498,-1.413,-0.268,0.774
4017.0,Qazvin University of Medical Sciences,IRN,8740.0,0.287,medium,2177.0,-0.376,1.507,-1.633,-0.041,-0.085,1.955,-0.678,-0.268,-0.721
3795.0,Shahid Bahonar University of Kerman,IRN,8740.0,-0.171,low,4696.0,-0.498,0.277,0.206,-0.145,-1.184,0.416,-0.98,-0.268,-0.441
1917.0,Universidad de La Salle Colombia,COL,8740.0,-0.279,very low,625.0,0.011,-0.108,-1.014,0.207,-0.935,0.715,-1.413,-0.268,-1.186
9231.0,Hainan Tropical Ocean University,CHN,8744.0,-0.263,very low,1000.0,1.445,-0.493,-0.887,0.499,-1.134,-1.121,-1.413,-0.268,-0.684
84847.0,Stavropol State Medical University,RUS,8744.0,3.046,significant,716.0,-1.706,0.089,2.124,-0.326,0.295,2.358,-1.413,32.173,-1.186
84940.0,"Islamic Azad University, Ahvaz Branch",IRN,8747.0,-0.299,very low,1119.0,0.215,-0.428,0.138,0.155,-1.271,1.223,-1.413,-0.268,-1.186
13688.0,Kean University,USA,8747.0,-0.233,low,863.0,0.097,0.418,-0.463,-0.243,-1.26,-1.545,-1.003,-0.268,-0.582
91898.0,Guizhou Education University,CHN,8747.0,-0.009,low,941.0,1.186,0.192,-0.556,0.232,-0.885,0.292,-1.413,-0.268,-0.128
9164.0,Beijing Sport University,CHN,8747.0,-0.215,low,2024.0,0.023,-0.569,-0.512,1.261,-1.221,-0.195,-1.413,-0.268,-0.684
7931.0,Trnava University in Trnava,SVK,8753.0,-0.164,low,766.0,-1.241,-0.174,-1.179,0.205,0.12,2.988,-1.413,-0.268,0.853
2271.0,Universidad Tecnica del Norte,ECU,8753.0,1.196,significant,517.0,0.564,-0.503,-0.483,7.841,-0.321,-0.214,-1.413,-0.268,-1.186
79084.0,Panteion University of Social and Political Sciences,GRC,8757.0,-0.503,very low,863.0,-0.728,-0.118,-0.264,-0.303,-0.754,-1.124,-1.413,-0.268,-1.186
3986.0,University of Guilan,IRN,8757.0,-0.172,low,5350.0,-1.189,0.399,0.623,-0.096,-1.324,-0.475,-0.466,-0.268,-0.436
13617.0,Hope College,USA,8757.0,-0.444,very low,537.0,-0.642,-0.23,-0.809,-0.545,0.182,0.179,-1.413,-0.268,-0.23
91979.0,Hitit University,TUR,8757.0,-0.372,very low,2006.0,-1.249,-0.447,-0.369,1.069,-0.699,-1.667,-1.413,-0.268,-0.433
6399.0,Universidad de Lima,PER,8757.0,1.433,significant,1116.0,0.142,3.911,1.737,1.14,-1.075,1.126,-0.308,-0.268,-0.279
3267.0,Central Agricultural University,IND,8757.0,-0.207,low,2178.0,-1.197,-0.212,-0.052,0.198,-0.721,1.137,-0.196,-0.268,-0.707
6950.0,Technical University of Civil Engineering of Bucharest,ROU,8764.0,-0.215,low,637.0,-0.24,-0.606,1.799,0.439,-0.753,-0.018,-1.413,-0.268,0.401
77659.0,Rajalakshmi Engineering College,IND,8766.0,0.151,medium,2512.0,-1.391,0.051,-0.051,2.096,-1.353,-0.421,-0.421,-0.268,0.309
7937.0,University of St Cyril and Methodius in Trnava,SVK,8766.0,-0.231,low,1010.0,-0.307,-0.193,-0.007,0.334,-0.584,-0.048,-1.413,-0.268,-0.173
6239.0,Fatima Jinnah Women University,PAK,8766.0,0.055,medium,897.0,-0.617,0.155,1.403,0.154,-1.212,-0.092,1.205,-0.268,-1.186
81288.0,Fasa University of Medical Sciences,IRN,8769.0,-0.322,very low,1268.0,-0.094,-0.616,-0.329,0.608,-0.616,-1.754,-0.678,-0.268,-0.394
6180.0,"Usmanu Danfodiyo University, Sokoto",NGA,8769.0,0.098,medium,1109.0,1.472,-0.306,-0.892,0.114,0.307,4.621,-1.413,-0.268,-0.279
12511.0,National University Kiev-Mohyla Academy,UKR,8771.0,0.108,medium,695.0,-0.444,-0.08,0.535,0.958,-0.982,-0.679,-1.413,-0.268,4.196
97152.0,"Indian Institute of Management, Kashipur",IND,8771.0,0.861,medium,396.0,-1.355,4.494,-1.447,-0.282,-1.401,-1.07,-1.413,-0.268,1.382
72550.0,"Indian Institute of Management, Bangalore",IND,8773.0,-0.469,very low,569.0,-1.279,-0.061,-1.924,-0.362,-1.06,1.604,-1.413,-0.268,-0.267
1443.0,Liaoning University of Traditional Chinese Medicine,CHN,8773.0,-0.173,low,1338.0,-1.081,-0.108,-0.958,1.407,-0.766,-0.004,-1.413,-0.268,-1.186
13927.0,Murray State University,USA,8773.0,-0.477,very low,745.0,-1.141,-0.146,-0.143,-0.405,-0.749,0.675,-1.413,-0.268,-1.186
6136.0,Delta State University,NGA,8773.0,0.373,medium,1620.0,-0.502,0.126,3.899,2.26,-0.697,-1.912,-1.081,-0.268,0.068
15016.0,Rhodes College,USA,8777.0,-0.397,very low,580.0,-0.945,-0.165,-0.425,-0.545,-0.48,0.73,-1.413,-0.268,0.667
15375.0,Western Kentucky University,USA,8777.0,-0.265,very low,1313.0,-0.753,-0.212,-0.867,-0.346,-0.513,-0.14,-1.413,1.616,-0.021
3346.0,Jaypee University of Information Technology,IND,8777.0,-0.325,very low,1389.0,-1.325,-0.484,-0.569,0.207,-1.331,0.169,-0.299,-0.268,1.099
90705.0,Guizhou Institute of Technology,CHN,8781.0,-0.077,low,1301.0,1.485,-0.663,-0.581,0.137,-0.822,2.561,-1.413,-0.268,1.119
12528.0,National University of Pharmacy,UKR,8781.0,1.148,significant,874.0,-0.885,-0.043,4.13,5.731,-1.012,0.674,-0.587,-0.268,-0.014
13579.0,Hamilton College,USA,8783.0,-0.374,very low,653.0,-0.489,-0.099,-0.934,-0.465,-0.806,-0.258,-1.413,-0.268,1.305
72823.0,Kazan National Research Technological University,RUS,8783.0,0.857,medium,2196.0,-0.764,-0.212,6.313,3.737,-1.102,-1.694,-1.252,-0.268,4.522
9234.0,Shanghai Business School,CHN,8786.0,-0.284,very low,740.0,-0.292,-0.146,-1.175,0.937,-1.303,-1.894,-0.934,-0.268,-1.186
81200.0,China Europe International Business School,CHN,8786.0,-0.647,very low,412.0,-1.222,-0.108,-1.715,-0.545,-0.988,-0.406,-1.413,-0.268,-1.186
13642.0,Indiana University of Pennsylvania,USA,8786.0,-0.374,very low,825.0,-0.39,-0.165,-0.649,-0.292,-0.577,-0.665,-1.413,-0.268,0.709
12327.0,National Institute of Development Administration,THA,8786.0,0.234,medium,788.0,-0.814,0.032,0.36,3.167,-1.124,-1.871,-1.413,-0.268,-0.553
13328.0,Colorado College,USA,8786.0,-0.536,very low,571.0,-0.866,-0.137,-1.495,-0.545,-0.678,0.731,-1.413,-0.268,-1.186
859.0,Universidade Federal Rural do Semi-Arido,BRA,8786.0,0.138,medium,2257.0,-0.539,-0.23,1.614,0.172,-0.992,-0.634,-1.413,4.163,-0.962
59302.0,"State University of New York, College at Cortland",USA,8794.0,-0.511,very low,523.0,-0.992,-0.071,-0.973,-0.446,-0.705,-0.786,-1.413,-0.268,-0.195
80147.0,Universidad de Investigacion de Tecnologia Experimental Yachay,ECU,8794.0,0.46,medium,905.0,1.374,-0.531,-0.312,3.957,-0.73,-1.158,-1.413,-0.268,-0.632
96928.0,Wollega University,ETH,8794.0,0.141,medium,1312.0,0.152,-0.616,-1.714,1.844,-0.198,4.007,-1.153,-0.268,-0.421
1750.0,National Kaohsiung Normal University,TWN,8794.0,0.272,medium,726.0,-1.174,1.507,-0.937,0.966,-1.133,-1.255,-1.413,-0.268,1.578
1690.0,Universidade da Cidade de Macau - City University of Macau,MAC,8798.0,0.799,medium,2412.0,2.046,1.939,-0.841,1.382,-1.24,-0.761,-0.564,-0.268,-0.769
77728.0,Shandong University of Aeronautics,CHN,8798.0,-0.36,very low,1289.0,1.331,-0.531,-1.037,0.063,-1.212,-0.913,-1.413,-0.268,-0.411
8573.0,National University of Ukraine on Physical Education and Sport,UKR,8798.0,1.766,significant,439.0,-0.889,4.541,7.08,0.764,-0.239,-0.819,-1.413,-0.268,4.137
10298.0,Thiagarajar College of Engineering,IND,8798.0,-0.252,low,1599.0,-1.563,-0.09,-1.142,1.317,-1.234,-1.116,-1.183,-0.268,-0.247
77380.0,Holon Institute of Technology,ISR,8798.0,-0.262,very low,725.0,0.016,-0.428,0.542,-0.185,-0.899,-0.611,-1.413,-0.268,2.368
90789.0,Shangluo University,CHN,8798.0,1.771,significant,572.0,1.732,4.822,-1.339,1.829,-1.358,0.323,-1.413,-0.268,1.442
70624.0,PES University,IND,8805.0,-0.238,low,2932.0,-0.708,0.023,-0.456,0.363,-1.244,-0.28,-1.297,-0.268,0.178
4661.0,Tokyo Denki University,JPN,8805.0,-0.048,low,1533.0,-1.079,-0.193,1.134,-0.205,-0.609,0.704,-1.413,-0.268,5.311
881.0,Universidade Regional do Noroeste do Estado do Rio Grande do Sul,BRA,8808.0,0.363,medium,469.0,-0.177,-0.146,3.567,1.905,-1.038,-1.379,0.182,-0.268,-0.11
13991.0,Northern Michigan University,USA,8808.0,-0.327,very low,447.0,-0.487,-0.221,1.358,-0.195,-0.478,-2.127,-1.413,-0.268,1.146
98232.0,Ardahan University,TUR,8808.0,-0.242,low,645.0,-0.337,-0.578,1.6,0.183,-1.025,0.383,-0.335,-0.268,-1.186
4077.0,Tikrit University,IRQ,8811.0,1.003,medium,3606.0,-1.059,-0.259,2.164,6.539,-1.233,-0.392,-1.413,-0.268,0.406
3313.0,Gurukula Kangri University,IND,8811.0,-0.213,low,1315.0,-0.907,-0.371,0.133,0.964,-1.05,-1.107,-1.134,-0.268,0.754
62873.0,PLA Rocket Force University of Engineering,CHN,8813.0,-0.378,very low,1422.0,-0.387,-0.306,0.041,-0.178,-1.333,0.007,-1.136,-0.268,-0.135
3376.0,Mahatma Jyotiba Phule Rohilkhand University,IND,8813.0,0.083,medium,635.0,-0.53,-0.512,-1.075,0.113,-0.713,1.694,2.781,-0.268,0.409
9170.0,Changchun Normal University,CHN,8815.0,-0.216,low,1109.0,0.38,-0.409,-0.398,0.774,-1.248,-0.869,-1.413,-0.268,0.165
1226.0,Beijing Foreign Studies University,CHN,8815.0,-0.361,very low,1061.0,-0.474,0.38,-1.333,-0.102,-1.241,-1.511,-1.413,-0.268,-0.704
70226.0,Kharazmi University,IRN,8815.0,-0.143,low,4130.0,-0.452,0.371,-0.032,0.125,-1.278,-0.549,-0.819,-0.268,-0.639
9954.0,American College of Greece,GRC,8815.0,0.155,medium,453.0,2.309,-0.155,-1.24,-0.084,-0.65,3.306,-1.413,-0.268,1.703
12111.0,Ufa State Petroleum Technological University,RUS,8815.0,1.127,significant,2537.0,-0.981,-0.296,10.91,3.367,-1.353,-2.406,-0.493,-0.268,7.184
96398.0,North-Western State Medical University,RUS,8820.0,0.08,medium,3180.0,-0.257,0.098,0.538,-0.283,0.538,2.719,-1.297,-0.268,1.998
464.0,Belarusian State Medical University,BLR,8820.0,-0.098,low,1310.0,-1.676,0.042,0.084,-0.386,-0.196,4.267,-1.413,-0.268,1.891
72458.0,Shandong JiaoTong University,CHN,8825.0,0.391,medium,2244.0,-0.052,2.052,-0.137,0.339,-1.314,-0.412,-1.413,-0.268,-0.518
95337.0,New Valley University,EGY,8825.0,3.454,significant,1363.0,2.049,10.026,1.094,1.103,-1.062,-0.905,1.321,-0.268,-0.818
8079.0,University of Gezira,SDN,8827.0,-0.077,low,790.0,2.268,-0.559,-0.708,0.777,-0.417,-0.789,-1.413,-0.268,-0.543
8487.0,National University of Civil Defense of Ukraine,UKR,8827.0,0.476,medium,632.0,-1.729,-0.212,10.593,1.604,1.519,-3.273,-1.413,-0.268,2.368
98790.0,DAV University,IND,8827.0,0.157,medium,614.0,-0.261,0.446,-0.559,0.731,-1.203,-1.868,-1.413,-0.268,5.065
1689.0,Instituto Politecnico de Macau,MAC,8827.0,0.043,medium,1893.0,0.013,-0.447,1.427,0.31,-0.952,-1.17,1.81,-0.268,-0.125
879.0,Fundacao Universidade Regional de Blumenau,BRA,8831.0,-0.278,very low,907.0,0.031,-0.315,0.372,-0.142,-0.357,0.251,-1.413,-0.268,-0.073
72249.0,"Instituto Federal de Educacao, Ciencia e Tecnologia de Piaui",BRA,8831.0,-0.046,low,627.0,2.276,-0.334,-0.78,0.871,-0.859,-0.768,-1.413,-0.268,-1.186
98375.0,Madhyanchal Professional University,IND,8831.0,0.68,medium,350.0,2.063,-0.766,-0.287,1.246,-0.568,2.637,4.51,-0.268,-1.186
81189.0,The Max Stern Yezreel Valley College,ISR,8836.0,-0.365,very low,620.0,0.791,-0.08,0.364,-0.461,-1.166,-2.023,-1.413,-0.268,-0.359
77073.0,Ecole Nationale des Travaux Publics de l'Etat,FRA,8836.0,0.268,medium,2027.0,3.645,0.389,0.414,-0.52,-0.527,-0.638,-1.238,-0.268,1.568
12513.0,National University of Food Technologies,UKR,8836.0,0.794,medium,731.0,-0.341,-0.033,5.263,3.314,-0.471,1.208,-1.413,-0.268,0.876
7259.0,Kazan National Research Technical University named after AN Tupolev,RUS,8836.0,0.653,medium,1706.0,-0.085,-0.353,7.904,1.506,-0.988,-2.477,-1.413,-0.268,8.242
13654.0,Ithaca College,USA,8836.0,-0.47,very low,577.0,-1.114,-0.09,-0.845,-0.455,-0.139,0.727,-1.413,-0.268,-1.186
93968.0,Cebu Technological University,PHL,8843.0,0.767,medium,445.0,-0.312,-0.108,0.628,3.915,1.382,-0.279,-0.646,-0.268,1.052
15473.0,University of Tampa,USA,8843.0,-0.353,very low,946.0,-1.102,-0.061,-0.664,0.007,-0.785,0.368,-1.413,-0.268,-0.078
80243.0,Ho Chi Minh City University of Information Technology,VNM,8843.0,-0.351,very low,1009.0,-1.333,-0.259,2.843,0.128,-1.064,-2.286,-1.036,-0.268,-0.2
15047.0,Sacred Heart University,USA,8843.0,-0.501,very low,747.0,-0.875,-0.108,-1.092,-0.405,-1.076,0.022,-1.413,-0.268,-0.493
4691.0,Toyama Prefectural University,JPN,8847.0,-0.407,very low,1085.0,-0.562,-0.437,0.919,-0.497,-0.864,0.224,-1.413,-0.268,0.672
780.0,Universidade do Estado de Minas Gerais,BRA,8847.0,-0.182,low,1178.0,1.693,-0.306,-1.031,-0.191,-0.741,1.452,-1.413,-0.268,-0.754
182.0,Universidad Nacional de Misiones,ARG,8849.0,-0.372,very low,769.0,-0.252,-0.23,-0.255,-0.342,-0.328,0.279,-1.413,-0.268,-0.528
15037.0,Rollins College,USA,8849.0,-0.401,very low,546.0,0.918,-0.052,-1.94,-0.354,-0.956,-0.679,-1.413,-0.268,-1.186
94675.0,Ankara Haci Bayram Veli University,TUR,8849.0,-0.351,very low,853.0,-1.316,-0.146,0.237,0.129,-1.23,-0.344,-1.413,-0.268,0.677
80566.0,University of Economics and Human Sciences in Warsaw,POL,8849.0,0.406,medium,707.0,5.205,0.183,-1.423,-0.25,-0.954,1.755,-0.021,-0.268,-1.186
1231.0,Beijing Institute of Graphic Communication,CHN,8849.0,-0.509,very low,1237.0,-1.081,-0.418,-0.822,0.257,-1.224,-0.35,-1.413,-0.268,-0.784
76744.0,Escola superior de Enfermagem do Porto,PRT,8854.0,-0.247,low,610.0,1.469,-0.146,1.984,-0.288,-1.003,-4.229,-0.854,-0.268,-0.359
67948.0,Universite Sultan Moulay Slimane,MAR,8854.0,0.194,medium,4263.0,-0.038,-0.39,3.16,0.986,-1.162,-0.928,-0.219,-0.268,2.251
8969.0,Hanoi University of Natural Resources and Environment,VNM,8857.0,0.598,medium,334.0,0.266,-0.306,-0.912,3.521,-0.092,1.728,-1.413,-0.268,1.824
78600.0,American University of Ras Al Khaimah,ARE,8860.0,0.115,medium,631.0,0.27,0.455,-0.595,0.531,-1.286,1.284,-0.789,-0.268,-0.389
15361.0,West Chester University of Pennsylvania,USA,8860.0,-0.331,very low,1311.0,-0.723,-0.155,-1.169,-0.346,-0.586,0.649,-1.413,-0.268,1.608
96243.0,International University of Information Technologies,KAZ,8862.0,0.065,medium,606.0,0.357,-0.118,1.172,1.006,-0.8,-0.201,-1.413,-0.268,0.461
99126.0,Purdue University Fort Wayne,USA,8862.0,0.514,medium,831.0,-0.986,2.606,-0.485,-0.168,-0.934,1.169,-1.003,-0.268,0.086
1891.0,Universidad Autonoma de Bucaramanga,COL,8862.0,-0.017,low,734.0,-0.143,-0.24,-0.735,1.732,-0.872,0.61,-1.413,-0.268,-1.186
98300.0,Chettinad Academy of Research and Education,IND,8862.0,1.765,significant,1811.0,-1.614,2.024,1.534,4.878,-1.146,2.226,2.782,-0.268,-0.766
6893.0,Aurel Vlaicu University of Arad,ROU,8862.0,0.515,medium,686.0,0.139,-0.409,0.342,2.425,-0.728,1.104,1.896,-0.268,-1.186
65.0,Universite 8 mai 1945 Guelma,DZA,8862.0,-0.042,low,1464.0,1.389,-0.165,0.562,0.275,-1.268,0.498,-1.413,-0.268,-0.16
97972.0,Khmelnytskyi National University,UKR,8868.0,0.561,medium,964.0,-0.882,-0.052,3.696,3.628,-0.796,-0.606,-1.413,-0.268,-0.143
71279.0,National Institute of Technology Jamshedpur,IND,8868.0,-0.447,very low,2042.0,-1.186,-0.428,0.053,-0.06,-1.341,-2.274,-1.22,-0.268,2.768
7935.0,Univerzita Mateja Bela v Banskej Bystrici,SVK,8868.0,-0.217,low,1346.0,-0.51,-0.155,0.386,0.619,-1.076,0.367,-1.413,-0.268,-1.186
97857.0,VIT Bhopal University,IND,8872.0,0.76,medium,2012.0,-1.226,2.409,-0.533,1.61,-1.28,-0.398,-0.924,-0.268,1.352
1261.0,Changchun University,CHN,8872.0,-0.079,low,998.0,-0.163,-0.184,-1.499,1.706,-1.231,0.307,-1.413,-0.268,-1.186
1331.0,Guangxi University for Nationalities,CHN,8872.0,-0.113,low,2810.0,0.479,0.258,-0.449,0.031,-1.228,-0.901,-0.699,-0.268,-0.384
6586.0,Polytechnic University of the Philippines,PHL,8872.0,0.18,medium,504.0,-0.143,-0.061,0.706,2.046,-1.064,-1.009,-1.413,-0.268,0.808
1035.0,Mount Allison University,CAN,8877.0,-0.401,very low,562.0,0.195,-0.4,-0.613,-0.452,0.154,0.799,-1.413,-0.268,-1.186
807.0,Universidade Estadual de Mato Grosso do Sul,BRA,8877.0,-0.206,low,1197.0,0.113,-0.315,0.389,-0.109,-0.772,1.098,-0.503,-0.268,-1.186
91838.0,Afe Babalola University,NGA,8879.0,0.577,medium,2360.0,1.708,0.277,1.463,0.761,-0.959,-0.228,1.583,-0.268,0.523
98097.0,Galala University,EGY,8879.0,0.654,medium,939.0,8.457,-0.738,-0.846,0.4,-0.987,-0.046,1.298,-0.268,-1.186
1159.0,Universidad Bernardo O'Higgins,CHL,8883.0,0.218,medium,1578.0,3.841,-0.353,-0.072,0.58,-0.909,0.571,-1.18,-0.268,-0.217
72218.0,Centro Universitario Christus,BRA,8883.0,-0.08,low,591.0,3.203,-0.437,-0.877,0.25,-0.661,-0.292,-1.413,-0.268,-1.186
91972.0,Sapientia Hungarian University of Transylvania,ROU,8883.0,0.164,medium,583.0,2.179,-0.324,-1.498,0.082,-0.151,5.861,-1.413,-0.268,-0.312
13127.0,Belmont University,USA,8883.0,-0.54,very low,454.0,-1.168,-0.127,-1.307,-0.315,-0.706,-1.031,-1.413,-0.268,-0.026
26446.0,Veermata Jijabai Technological Institute,IND,8887.0,-0.376,very low,927.0,-1.208,-0.277,-0.386,0.187,-1.322,-0.106,-1.413,-0.268,0.982
26416.0,Pandit Bhagwat Dayal Sharma Post Graduate Institute of Medical Sciences,IND,8887.0,-0.329,very low,927.0,-1.613,-0.381,-1.963,0.976,-0.039,1.567,-1.413,-0.268,-1.186
97899.0,University of Global Health Equity,RWA,8887.0,-0.144,low,465.0,2.497,-0.484,-0.89,0.129,0.792,-0.843,-1.413,-0.268,-1.186
84844.0,Piri Reis University,TUR,8893.0,0.826,medium,670.0,4.008,-0.428,-0.655,0.235,6.463,1.671,2.19,-0.268,-1.186
79138.0,Shahid Rajaee Teacher Training University,IRN,8893.0,-0.371,very low,1884.0,-1.145,-0.531,0.289,0.453,-1.298,-0.3,-1.413,-0.154,0.679
3993.0,Ilam University of Medical Sciences,IRN,8893.0,0.17,medium,1714.0,-0.494,1.113,-1.261,0.034,-0.749,1.772,-0.38,-0.268,-0.893
13880.0,"Minnesota State University, Mankato",USA,8893.0,-0.381,very low,812.0,-1.213,-0.08,-1.195,-0.353,-0.653,1.168,-1.413,-0.268,0.739
71318.0,"National University of Science and Technology, Oman",OMN,8898.0,0.048,medium,783.0,0.166,-0.306,-0.371,1.256,-1.091,-0.69,-0.977,-0.268,2.083
61807.0,Kyiv National University of Technologies and Design,UKR,8898.0,1.38,significant,657.0,-0.935,0.681,3.121,5.816,-1.142,0.481,-1.413,-0.268,3.016
6010.0,Pokhara University,NPL,8898.0,-0.142,low,616.0,0.2,-0.465,-0.544,1.405,-0.967,-0.013,-1.413,-0.268,-1.186
76577.0,Escola Superior de Enfermagem de Coimbra,PRT,8898.0,1.803,significant,828.0,3.392,-0.259,0.263,-0.482,-0.052,0.59,-1.413,16.745,1.293
3315.0,Hemwati Nandan Bahuguna Garhwal University,IND,8898.0,-0.343,very low,990.0,-0.932,-0.324,-0.217,0.352,-1.18,0.462,-1.413,-0.268,-0.16
98907.0,"Indian Institute of Technology, Jammu",IND,8898.0,-0.538,very low,1565.0,-0.91,-0.493,0.479,-0.379,-1.277,-1.213,-1.178,-0.268,0.433
6253.0,Institute of Business Administration Karachi,PAK,8898.0,0.777,medium,584.0,2.857,-0.249,-0.674,0.26,6.374,0.977,2.226,-0.268,-0.317
2225.0,Universidad de las Fuerzas Armadas,ECU,8906.0,2.026,significant,1745.0,1.214,3.817,1.051,4.395,-1.164,-0.621,-0.406,-0.268,-0.317
93906.0,Bukhara Engineering and Technology Institute,UZB,8906.0,0.455,medium,459.0,-1.229,-0.869,7.565,2.983,-1.401,1.012,-1.413,-0.268,1.022
2808.0,Tbilisi State Medical University,GEO,8908.0,0.172,medium,593.0,-0.754,0.418,-1.639,0.335,1.056,4.459,-1.413,-0.268,0.587
15035.0,Roger Williams University,USA,8908.0,-0.462,very low,379.0,-0.708,-0.184,-1.173,-0.545,-0.952,2.132,-1.413,-0.268,-1.186
70739.0,"University of Prishtina, Prishtina",XKX,8908.0,0.392,medium,1731.0,-0.933,-0.221,2.903,1.899,-0.714,2.219,-0.352,-0.268,0.274
42962.0,Sophiahemmet University,SWE,8914.0,-0.023,low,430.0,6.278,-0.324,-0.595,-0.545,-1.006,-2.732,-1.413,-0.268,-1.186
4014.0,Payame Noor University,IRN,8915.0,0.253,medium,5586.0,-1.227,1.732,-0.232,0.25,-1.279,0.628,-1.263,-0.268,0.071
7497.0,Orenburg State University,RUS,8915.0,1.201,significant,769.0,-1.487,0.333,2.979,4.753,-1.243,1.649,-1.413,-0.268,5.967
3984.0,Gorgan University of Agricultural Sciences and Natural Resources,IRN,8915.0,0.747,medium,2302.0,-0.83,2.305,-0.372,-0.137,-1.116,0.092,2.314,0.525,-0.965
84925.0,Universidade Federal do Sul da Bahia,BRA,8919.0,-0.306,very low,624.0,0.474,-0.23,-0.813,-0.462,-0.117,0.84,-1.413,-0.268,-0.376
92605.0,University of Misan,IRQ,8920.0,4.008,significant,1102.0,0.201,8.391,0.363,8.082,-1.203,0.896,-1.08,-0.268,-0.282
7373.0,Moscow City University,RUS,8920.0,1.432,significant,772.0,-0.582,0.333,0.803,7.575,-1.244,0.517,-1.413,-0.268,0.786
13294.0,Coastal Carolina University,USA,8926.0,-0.5,very low,817.0,-1.217,-0.165,-0.584,-0.289,-0.896,-0.645,-1.413,-0.268,0.061
6142.0,"Federal University of Technology, Minna",NGA,8926.0,0.249,medium,1581.0,-0.24,0.342,1.11,0.512,-1.14,1.424,0.529,-0.268,-0.553
4054.0,Yasuj University of Medical Sciences,IRN,8929.0,0.364,medium,1014.0,-0.633,0.953,-1.561,1.618,-0.228,2.688,-1.413,-0.268,-1.186
12558.0,Tashkent State University of Economics,UZB,8929.0,1.159,significant,1272.0,-0.227,2.521,3.196,1.426,-0.981,1.38,-1.413,-0.268,2.574
81145.0,Silesian University in Opava,CZE,8929.0,-0.129,low,866.0,0.22,-0.268,2.464,-0.003,-0.336,-0.96,-1.019,-0.268,-0.004
98691.0,Qilu Normal University,CHN,8929.0,-0.21,low,781.0,0.875,-0.681,-1.231,0.592,-1.028,1.291,-1.413,-0.268,0.093
7827.0,Voronezh State Technical University,RUS,8929.0,1.413,significant,1474.0,-0.879,-0.324,8.626,4.877,-1.319,-2.664,-1.413,-0.268,11.173
3243.0,Avinashilingam University for Women,IND,8934.0,0.12,medium,919.0,-1.57,-0.39,-1.174,2.695,-1.269,-0.242,-1.413,-0.268,3.158
96269.0,Central University of Karnataka,IND,8934.0,-0.333,very low,685.0,-1.536,-0.475,-0.537,1.133,-1.153,-0.509,-1.413,-0.268,0.299
6173.0,University of Jos,NGA,8937.0,-0.145,low,1012.0,-0.186,-0.381,-1.725,0.023,0.638,4.811,-1.413,-0.268,-0.689
13546.0,Gettysburg College,USA,8937.0,-0.405,very low,509.0,-1.117,-0.174,-1.328,-0.545,-0.399,-0.026,-1.413,-0.268,2.482
825.0,Universidade Federal de Itajuba,BRA,8937.0,-0.467,very low,2260.0,-0.645,-0.484,1.137,-0.083,-0.832,-1.672,-1.413,-0.268,-0.076
80264.0,American University in the Emirates,ARE,8937.0,0.55,medium,691.0,-0.165,-0.193,-1.244,3.84,-1.19,3.058,-0.881,-0.268,-1.186
77065.0,Universite Jean Moulin Lyon,FRA,8943.0,-0.254,low,751.0,1.1,-0.024,-1.39,-0.406,-1.142,0.853,-1.413,-0.268,-0.468
6431.0,Universidad Nacional Pedro Ruiz Gallo,PER,8943.0,0.636,medium,466.0,-1.238,-0.09,0.16,4.051,-0.776,0.934,-1.413,-0.268,2.569
1547.0,Shenyang University,CHN,8943.0,-0.103,low,693.0,-0.386,0.004,-1.448,0.962,-1.296,0.69,-1.413,-0.268,0.257
69306.0,Kazakh National Pedagogical University,KAZ,8943.0,2.796,significant,1230.0,-1.046,1.939,1.845,12.026,-0.907,-0.134,-1.413,-0.268,0.838
15526.0,University of Northern Iowa,USA,8943.0,-0.497,very low,987.0,-1.119,-0.127,-0.808,-0.387,-0.786,-0.854,-1.413,-0.268,0.426
6411.0,Universidad Nacional de Educacion Enrique Guzman y Valle,PER,8950.0,1.592,significant,360.0,-1.134,0.042,-1.044,9.612,-0.929,-0.827,-1.413,-0.268,1.573
152.0,Universidad de San Andres,ARG,8952.0,1.627,significant,566.0,4.926,2.334,3.344,-0.361,0.658,-0.501,1.902,-0.268,3.372
73207.0,Hebei Normal University of Science and Technology,CHN,8952.0,-0.214,low,1246.0,0.668,-0.644,-1.409,1.048,-0.953,0.567,-1.413,-0.268,-0.786
66989.0,Beijing Normal-Hong Kong Baptist University,CHN,8957.0,0.308,medium,1946.0,5.779,-0.052,-0.85,-0.25,-1.151,-0.623,-0.004,-0.268,-0.925
98212.0,Xiamen Medical College,CHN,8957.0,-0.661,very low,1020.0,-0.738,-0.691,-1.493,-0.033,-0.663,-0.766,-1.413,-0.268,-1.186
84153.0,Oles Honchar Dnipro National University,UKR,8957.0,0.403,medium,1366.0,-0.895,-0.08,5.553,1.788,-1.241,0.478,-1.413,-0.268,1.752
30.0,Universite d'El Oued,DZA,8960.0,0.053,medium,1251.0,0.988,-0.475,3.347,0.039,-1.149,0.21,-0.06,-0.268,0.014
93280.0,Sari Agricultural Sciences and Natural Resources University,IRN,8960.0,-0.355,very low,1261.0,-1.402,0.605,-0.851,-0.38,-1.305,0.295,-1.413,-0.268,-1.186
97004.0,SR University,IND,8960.0,1.511,significant,3338.0,-1.349,0.596,6.849,3.899,-1.335,-1.159,1.83,-0.268,6.272
3278.0,Dayalbagh Educational Institute,IND,8964.0,-0.434,very low,820.0,-0.853,-0.418,0.571,0.219,-1.194,-2.019,-1.413,-0.268,0.659
1155.0,Universidad Alberto Hurtado,CHL,8964.0,-0.299,very low,1221.0,-0.324,0.042,0.363,-0.289,-0.963,-0.053,-1.413,-0.092,-0.766
98510.0,FLAME University,IND,8964.0,-0.418,very low,566.0,-0.305,-0.23,-0.932,-0.545,-1.101,2.393,-1.413,-0.268,-1.186
93490.0,"University of Medicine, Tirana",ALB,8964.0,0.74,medium,452.0,-0.225,-0.268,-0.936,2.344,1.607,4.107,-1.413,-0.268,6.069
2023.0,Universite de Lubumbashi,COD,8964.0,-0.183,low,477.0,2.179,-0.493,0.902,-0.436,-0.383,0.716,-1.413,-0.268,-1.186
59241.0,"California State University, Stanislaus",USA,8964.0,-0.503,very low,485.0,-0.077,-0.146,-1.714,-0.545,0.401,-0.985,-1.413,-0.268,-1.186
12622.0,University of Science and Technology Yemen,YEM,8964.0,2.522,significant,487.0,2.584,7.302,-1.435,1.171,-0.005,0.887,-0.47,-0.268,-1.186
97222.0,Dayananda Sagar College of Engineering,IND,8973.0,0.267,medium,1769.0,-1.002,-0.221,0.159,1.168,-1.319,-0.136,-0.56,-0.268,6.956
92656.0,Tishk International University,IRQ,8973.0,1.236,significant,1450.0,2.247,2.24,-0.541,1.977,-0.463,1.978,-1.142,-0.268,0.722
91959.0,Ekiti State University,NGA,8976.0,-0.075,low,1080.0,-0.509,-0.127,-0.815,0.615,-0.569,1.667,-1.413,-0.268,0.9
77692.0,Bharath Institute of Higher Education and Research,IND,8976.0,1.696,significant,2993.0,-0.877,1.385,-1.253,5.93,-1.206,1.899,0.625,-0.268,3.483
25582.0,Instituto Tecnologico de Aeronautica,BRA,8976.0,0.057,medium,2537.0,-0.247,1.019,1.422,-0.134,-0.827,-1.175,-1.413,-0.268,0.001
91980.0,Yalova University,TUR,8976.0,-0.529,very low,963.0,-0.622,-0.39,-0.209,-0.22,-1.376,-1.018,-1.413,-0.268,-0.148
6867.0,Universidade Fernando Pessoa,PRT,8976.0,0.378,medium,1333.0,3.711,-0.428,-0.31,0.199,-0.162,2.599,0.181,-0.268,-0.046
96223.0,"Chitkara University, Himachal Pradesh",IND,8982.0,-0.422,very low,1563.0,-1.157,-0.324,-0.895,0.992,-1.261,-3.35,-0.951,-0.268,-0.207
97069.0,KIET Group of Institutions,IND,8982.0,0.122,medium,1925.0,-0.05,0.061,-0.147,1.436,-1.35,-1.05,-1.236,-0.268,1.993
1920.0,Universidad de Manizales,COL,8988.0,0.424,medium,486.0,1.796,-0.061,-0.038,0.315,-0.951,-3.096,-0.711,4.821,-0.145
92016.0,Lesya Ukrainka Eastern European National University,UKR,8991.0,0.532,medium,861.0,-0.508,-0.052,4.821,2.306,-0.245,-1.378,-1.413,-0.268,2.905
78506.0,Geisinger Commonwealth School of Medicine,USA,8991.0,-0.469,very low,835.0,-0.975,-0.409,-1.279,-0.108,-0.325,1.598,-1.413,-0.268,-1.186
97092.0,Institute of Aeronautical Engineering,IND,8993.0,1.156,significant,2093.0,-1.387,2.794,3.901,1.277,-1.296,0.841,-1.413,-0.268,3.933
80320.0,Odessa National Maritime University,UKR,8993.0,0.961,medium,360.0,-1.238,0.549,10.2,1.632,-1.131,-2.074,-0.174,-0.268,5.771
90990.0,Hebei University of Architecture,CHN,8996.0,1.457,significant,558.0,0.187,4.343,-0.197,2.451,-1.053,-1.3,-1.413,-0.268,-1.186
13173.0,Bradley University,USA,8996.0,-0.628,very low,679.0,-1.589,-0.193,-1.136,-0.238,-1.079,-0.512,-1.413,-0.268,-1.186
92820.0,University of Aden,YEM,8996.0,0.263,medium,588.0,3.186,-0.597,-1.197,0.787,-0.616,3.977,-1.413,-0.268,0.515
69338.0,"Institute of Management Technology, Ghaziabad",IND,9002.0,-0.569,very low,416.0,-1.138,-0.165,-1.387,-0.294,-1.109,0.095,-1.413,-0.268,-1.186
4056.0,Zabol University of Medical Sciences,IRN,9002.0,-0.468,very low,791.0,-1.165,-0.418,-1.611,0.247,-0.541,1.198,-1.413,-0.268,-1.186
92853.0,Bahrain Polytechnic,BHR,9002.0,-0.138,low,229.0,-0.355,-0.137,-0.827,0.367,-1.189,-0.53,-1.413,-0.268,3.21
12487.0,Chernivtsi National University,UKR,9002.0,1.237,significant,1629.0,-0.003,-0.052,4.32,2.373,0.239,0.448,-0.205,-0.268,11.511
3467.0,Tamil Nadu Veterinary and Animal Sciences University,IND,9002.0,-0.204,low,1028.0,-1.476,0.718,-1.547,-0.393,-1.283,2.527,-1.413,-0.268,-0.207
99080.0,JIS College of Engineering,IND,9002.0,0.815,medium,621.0,-0.782,2.136,1.062,1.306,-1.323,-2.308,-0.758,-0.268,4.45
843.0,Universidade Federal do Acre,BRA,9010.0,-0.255,low,1268.0,0.27,-0.249,-0.296,-0.381,0.265,1.554,-1.413,-0.268,-0.786
71105.0,University of Dodoma,TZA,9010.0,-0.344,very low,1439.0,0.056,-0.24,1.25,-0.037,-1.03,-1.082,-1.413,-0.268,-1.186
91903.0,University of Kyrenia,CYP,9010.0,1.218,significant,546.0,3.206,2.117,-0.289,1.081,-0.867,-0.269,1.11,-0.268,0.657
91894.0,ESCP Business School,FRA,9013.0,-0.29,very low,479.0,0.571,0.014,-1.916,-0.545,-0.691,1.235,-1.413,-0.268,-0.11
3443.0,Sher-e-Kashmir University of Agricultural Sciences and Technology-Jammu,IND,9013.0,-0.159,low,837.0,-0.962,-0.249,-0.914,0.641,-1.198,2.04,-0.567,-0.268,-0.572
97200.0,OP Jindal Global University,IND,9013.0,-0.289,very low,2961.0,-0.609,-0.09,-0.851,-0.051,-1.245,0.668,-0.518,-0.268,-0.816
91933.0,Gonabad University of Medical Sciences,IRN,9018.0,0.95,medium,964.0,-0.597,3.385,-1.373,0.592,-0.57,2.953,-1.413,-0.268,-0.14
96267.0,Kongu Engineering College,IND,9018.0,0.949,medium,4422.0,-1.608,1.169,1.086,3.885,-1.302,-0.933,-0.241,-0.268,1.814
59366.0,"University of Nebraska, Kearney",USA,9021.0,-0.457,very low,577.0,-0.789,-0.174,-0.93,-0.545,-0.77,1.012,-1.413,-0.268,-0.292
72128.0,"Instituto Federal de Educacao, Ciencia e Tecnologia de Goias",BRA,9021.0,-0.148,low,628.0,2.33,-0.447,-0.779,-0.13,-1.208,-0.283,-1.413,-0.268,1.211
1572.0,Southwest University of Political Science and Law,CHN,9023.0,-0.185,low,481.0,-0.997,0.032,-1.4,1.192,-1.35,-0.418,-1.413,-0.268,-0.13
9023.0,Midlands State University,ZWE,9023.0,0.218,medium,1162.0,0.763,1.16,0.926,-0.006,-1.108,-1.146,-1.413,-0.268,0.585
91857.0,Mudanjiang Medical University,CHN,9023.0,0.598,medium,829.0,-0.909,0.671,-1.534,3.803,-0.844,0.243,-1.413,-0.268,0.034
91987.0,Gumushane University,TUR,9027.0,-0.436,very low,1134.0,-1.024,-0.353,0.019,0.192,-1.294,-0.84,-1.413,-0.268,0.145
91970.0,Moscow State University of Psychology and Education,RUS,9030.0,0.233,medium,827.0,-0.136,-0.033,3.481,1.097,-1.019,-0.26,-1.413,-0.268,1.896
10401.0,Shahrood University of Technology,IRN,9034.0,-0.075,low,3832.0,-1.271,0.408,-0.24,0.109,-1.369,-0.121,-0.139,-0.268,0.704
62060.0,University of the Philippines Visayas,PHL,9036.0,-0.093,low,537.0,1.592,-0.24,-0.547,-0.253,-0.271,2.769,-1.413,-0.268,-1.186
35907.0,Georgia College & State University,USA,9036.0,-0.499,very low,491.0,-1.396,-0.118,-0.788,-0.226,-0.659,0.422,-1.413,-0.268,-1.186
71624.0,Claremont Graduate University,USA,9039.0,-0.207,low,1228.0,-0.394,-0.061,-0.017,0.008,-0.847,0.681,-1.413,-0.268,0.523
3253.0,"Indian Institute of Engineering Science and Technology, Shibpur",IND,9040.0,0.379,medium,4137.0,-1.254,1.751,0.975,0.616,-1.313,-1.499,-0.636,-0.268,0.764
13170.0,Bowdoin College,USA,9045.0,-0.485,very low,717.0,-1.027,-0.137,-0.949,-0.545,-0.182,1.033,-1.413,-0.268,-1.186
7365.0,Moscow Aviation Institute National Research University,RUS,9045.0,1.103,significant,4713.0,-0.437,0.061,10.839,3.123,-1.272,-1.485,-1.413,-0.268,5.363
98384.0,Tarsus University,TUR,9048.0,-0.495,very low,1017.0,-1.116,-0.597,0.526,-0.237,-0.971,-1.432,-0.02,-0.268,-0.694
92651.0,University of Zakho,IRQ,9050.0,2.092,significant,959.0,1.468,4.644,0.846,2.723,-0.894,2.892,-1.003,-0.268,-0.148
3992.0,Ilam University,IRN,9050.0,2.002,significant,1289.0,-1.208,7.894,2.042,-0.181,-1.307,-1.297,-1.148,-0.268,-0.796
71636.0,Jinggangshan University,CHN,9053.0,-0.038,low,1387.0,1.919,-0.475,-0.449,0.283,-0.473,-0.517,-0.77,-0.268,0.625
15545.0,University of Central Oklahoma,USA,9053.0,-0.498,very low,528.0,-1.047,-0.165,-1.606,0.147,-0.757,-0.546,-1.413,-0.268,-1.186
8217.0,Dhurakij Pundit University,THA,9053.0,0.879,medium,454.0,-0.122,-0.353,-1.477,6.128,-1.24,-0.02,-0.604,-0.268,-0.083
98518.0,State University of New York Polytechnic Institute,USA,9058.0,-0.152,low,678.0,0.033,-0.24,1.023,-0.16,-0.613,-0.17,-0.891,-0.268,1.054
73496.0,Shiraz University of Technology,IRN,9058.0,0.118,medium,2133.0,-0.628,0.361,0.301,0.263,-1.333,0.231,0.168,-0.268,1.402
67959.0,Faculte des Sciences Ain Chock,MAR,9058.0,0.411,medium,2170.0,-0.539,-0.503,2.232,0.73,3.612,-0.008,1.834,-0.268,0.436
15402.0,Widener University,USA,9058.0,-0.204,low,762.0,-0.992,-0.127,-0.999,-0.477,0.097,3.31,-1.413,-0.268,1.529
98728.0,Vinnytsia Mykhailo Kotsiubynskyi State Pedagogical University,UKR,9064.0,0.816,medium,434.0,-1.713,0.061,3.303,4.39,-0.282,-0.787,-1.413,-0.268,2.944
68515.0,Alfaisal University,SAU,9064.0,0.023,medium,3238.0,0.294,-0.616,-1.524,0.568,0.489,2.636,0.552,-0.268,-0.87
75.0,Universite Oran 1 Ahmed Ben Bella,DZA,9064.0,1.066,medium,1518.0,2.558,1.958,0.639,-0.064,-0.601,-0.037,0.229,-0.268,4.795
84220.0,Immanuel Kant Baltic Federal University,RUS,9067.0,0.751,medium,2625.0,1.77,1.479,1.161,0.191,-0.467,0.302,-0.793,-0.268,2.962
77697.0,Hindustan Institute of Technology and Science,IND,9067.0,0.5,medium,2922.0,-1.405,0.821,-0.401,2.548,-1.285,-0.019,-0.892,-0.268,1.722
90332.0,Omsk State Medical University,RUS,9067.0,0.07,medium,863.0,-1.481,0.061,3.405,-0.485,0.203,1.383,0.138,-0.268,1.198
8621.0,Ternopil Volodymyr Hnatiuk National Pedagogical University,UKR,9067.0,0.828,medium,490.0,-0.63,-0.043,5.229,2.333,-0.856,-0.56,-0.048,-0.268,5.555
1180.0,Universidad de Magallanes,CHL,9071.0,0.119,medium,925.0,2.764,-0.456,-0.127,-0.263,0.227,1.435,-1.413,1.01,-0.086
91902.0,Hebei GEO University,CHN,9073.0,-0.436,very low,1837.0,0.185,-0.503,-0.723,0.194,-1.084,-1.581,-1.413,-0.268,-0.096
98750.0,Bukhara State Medical Institute,UZB,9073.0,1.516,significant,217.0,-0.734,0.558,1.819,6.918,1.396,-0.211,-1.413,-0.268,1.136
3483.0,University of Kalyani,IND,9073.0,0.125,medium,2351.0,-1.217,0.436,0.955,0.899,-1.225,-0.171,-0.883,-0.268,1.459
13467.0,Elon University,USA,9077.0,-0.547,very low,1113.0,-1.087,-0.061,-1.159,-0.498,-0.834,0.136,-1.413,-0.268,-1.186
12008.0,Moscow State Institute of International Relations,RUS,9079.0,1.744,significant,2766.0,-0.311,5.405,2.274,1.457,-1.296,-1.388,-0.972,-0.268,0.143
94619.0,Chinese People's Armed Police Force Engineering University,CHN,9081.0,0.185,medium,1021.0,-0.409,-0.54,-0.525,2.934,-1.33,-0.267,-1.413,-0.268,1.511
4007.0,Lorestan University of Medical Sciences,IRN,9081.0,0.198,medium,1967.0,-0.857,0.681,-1.563,0.783,-0.5,3.441,-1.233,-0.268,0.093
986.0,Universite de Buea,CMR,9087.0,0.131,medium,2114.0,1.724,-0.099,0.342,-0.002,-0.069,0.809,-0.761,-0.268,0.759
7927.0,Slovak Medical University in Bratislava,SVK,9087.0,-0.017,low,726.0,0.546,-0.371,-1.071,-0.33,1.709,2.449,-1.413,-0.268,2.393
97106.0,"National Institute of Technology, Delhi",IND,9087.0,-0.233,low,1526.0,-1.443,-0.428,0.125,0.31,-1.226,-0.675,0.513,-0.268,0.831
84851.0,North Eastern Federal University,RUS,9087.0,0.464,medium,2384.0,-0.45,0.333,2.692,1.317,-0.698,0.065,-1.413,-0.268,4.209
98535.0,City University Malaysia,MYS,9092.0,0.797,medium,447.0,1.023,-0.296,0.358,2.493,-0.966,0.766,3.635,-0.268,-1.186
187.0,Universidad Nacional de San Juan,ARG,9095.0,-0.349,very low,1178.0,-0.863,-0.259,1.723,-0.324,-0.7,0.693,-1.413,-0.268,-0.759
13817.0,Marymount University,USA,9095.0,-0.45,very low,419.0,-1.351,-0.24,-0.497,-0.42,-1.111,-0.71,0.434,-0.268,-1.186
80428.0,Egypt-Japan University of Science and Technology,EGY,9095.0,0.546,medium,1997.0,7.475,-0.663,1.069,-0.153,-1.328,-2.157,1.346,-0.268,0.821
80224.0,University of Duhok,IRQ,9095.0,0.843,medium,1500.0,-0.646,1.188,-0.293,2.624,-0.753,3.663,-0.853,-0.268,0.158
92504.0,Faculte de Sciences et Techniques de Mohammedia,MAR,9095.0,-0.145,low,1161.0,-0.214,0.155,0.713,0.49,-1.129,-1.433,-1.108,-0.268,-0.751
98071.0,OSTIM Technical University,TUR,9095.0,0.577,medium,507.0,3.864,-0.512,0.202,0.691,-1.257,0.626,3.141,-0.268,-1.186
1403.0,Inner Mongolia University for Nationalities,CHN,9102.0,1.158,significant,1777.0,0.527,3.648,-1.096,1.512,-0.854,0.093,-1.413,-0.268,-0.622
98619.0,K Zhubanov Aktobe Regional University,KAZ,9102.0,0.903,medium,550.0,-1.26,-0.137,3.562,4.489,-0.562,-1.325,-1.413,-0.268,5.135
59426.0,Southern Illinois University Edwardsville,USA,9102.0,-0.383,very low,1587.0,-1.198,-0.155,-0.55,-0.48,-0.942,-0.287,-1.413,-0.268,2.726
8592.0,Petro Mohyla Black Sea National University,UKR,9102.0,0.429,medium,484.0,-1.648,0.004,6.179,2.369,-1.2,-0.826,-0.573,-0.268,-0.103
8619.0,Ternopil Ivan Puluj National Technical University,UKR,9106.0,0.222,medium,800.0,-1.032,-0.005,3.129,1.283,-0.673,0.408,-0.97,-0.268,1.007
3459.0,Sri Venkateswara University,IND,9106.0,0.233,medium,1270.0,-1.15,0.868,-1.13,2.128,-1.267,-0.805,-1.413,-0.268,-0.195
716.0,Universidade do Vale do Taquari,BRA,9109.0,-0.27,very low,644.0,0.538,-0.362,-0.306,0.103,-0.609,-0.028,-1.413,-0.268,-0.413
13488.0,Fairfield University,USA,9109.0,-0.128,low,955.0,-0.991,-0.118,-1.322,-0.436,2.057,2.693,-1.028,-0.268,1.037
98723.0,Changzhi Medical College,CHN,9112.0,-0.013,low,1226.0,-0.167,0.07,-1.751,1.074,-0.411,0.822,-1.413,-0.268,0.058
1541.0,Shenyang Jianzhu University,CHN,9114.0,-0.204,low,4159.0,-0.549,-0.447,-0.018,1.1,-1.319,-0.461,-1.041,-0.268,-0.287
61620.0,Escola Bahiana de Medicina e Saude Publica,BRA,9114.0,0.018,medium,969.0,2.259,-0.484,-1.884,-0.438,0.679,5.496,-1.034,-0.268,-1.186
5960.0,Universite Hassan 1er,MAR,9116.0,0.071,medium,2329.0,0.06,-0.24,1.368,1.272,-1.213,-0.959,-1.413,-0.268,1.829
15555.0,University of the District of Columbia,USA,9116.0,-0.579,very low,553.0,-1.535,-0.24,0.061,-0.168,-1.137,-1.727,-1.413,-0.268,-0.242
1161.0,Universidad Catolica Cardenal Raul Silva Henriquez,CHL,9116.0,-0.156,low,534.0,-0.12,0.032,0.765,0.14,-0.628,-2.878,-0.774,-0.268,1.203
8834.0,Universidad Catolica del Uruguay,URY,9116.0,1.317,significant,525.0,0.409,4.888,-0.803,-0.346,0.68,2.25,-1.413,-0.268,-1.186
1663.0,Minnan Normal University,CHN,9120.0,-0.319,very low,1951.0,0.65,-0.503,-0.045,0.204,-1.202,-0.587,-1.413,-0.268,-0.289
1519.0,Shanghai International Studies University,CHN,9120.0,-0.209,low,1722.0,-0.036,0.211,-0.537,0.243,-1.189,-0.965,-1.413,-0.268,-0.287
70958.0,Al-Azhar University Gaza,PSE,9120.0,0.04,medium,588.0,-0.745,-0.55,0.972,0.521,0.498,3.559,-1.413,-0.268,1.832
8574.0,Admiral Makarov National University of Shipbuilding,UKR,9120.0,0.727,medium,641.0,-1.516,-0.184,10.402,3.122,-0.303,-2.499,-1.413,-0.268,1.944
66.0,Universite 20 Aout 1955 Skikda,DZA,9124.0,1.841,significant,1319.0,-0.029,6.626,1.189,0.286,-1.143,-1.411,-1.413,-0.268,0.714
8626.0,Poltava State Medical University,UKR,9124.0,-0.062,low,749.0,-1.645,-0.005,4.482,-0.196,-0.526,1.571,-1.413,-0.268,0.699
84964.0,Neshabur University of Medical Sciences,IRN,9126.0,0.027,medium,872.0,-0.009,-0.221,-1.175,-0.186,-0.593,2.506,1.521,-0.268,-0.61
6301.0,University of Balochistan,PAK,9126.0,-0.288,very low,767.0,-0.525,-0.456,-1.011,0.817,-0.958,1.27,-1.413,-0.268,-1.186
98906.0,Poltava State Agrarian University,UKR,9126.0,1.271,significant,514.0,-0.807,-0.005,2.892,5.044,0.583,-0.847,-1.413,-0.268,7.614
5137.0,Lithuanian Sports University,LTU,9126.0,0.021,medium,639.0,2.043,-0.447,0.274,0.599,-0.337,-0.095,-0.756,-0.268,-1.186
1926.0,Universidad de Sucre,COL,9132.0,2.449,significant,501.0,0.815,5.217,-0.518,3.938,-1.062,1.553,-0.47,-0.268,1.799
71104.0,National Institute of Technology Durgapur,IND,9133.0,0.036,medium,4148.0,-1.199,0.662,0.301,0.236,-1.102,-0.56,-0.692,-0.268,1.487
13243.0,Central Connecticut State University,USA,9133.0,0.042,medium,728.0,-1.434,1.16,-1.007,0.603,-0.901,0.79,-1.413,-0.268,-1.186
11182.0,Gulf University for Science and Technology,KWT,9133.0,0.955,medium,1712.0,3.784,0.577,0.493,0.492,-1.004,0.56,2.71,-0.268,1.169
15201.0,Stephen F Austin State University,USA,9133.0,-0.285,very low,601.0,-1.205,-0.165,-0.213,-0.285,1.063,0.514,-0.845,-0.268,-0.297
90973.0,Hezhou University,CHN,9133.0,1.017,medium,856.0,3.251,2.249,-1.071,1.163,-1.174,-0.317,-0.601,-0.268,-0.014
13855.0,Metropolitan State University,USA,9139.0,-0.369,very low,898.0,-1.355,0.192,-0.942,-0.196,-0.995,0.851,-1.413,-0.268,-0.59
73497.0,Urmia University of Technology,IRN,9141.0,-0.062,low,1060.0,-1.027,0.84,-0.455,0.342,-1.378,0.313,-1.413,-0.268,-0.712
78723.0,"Islamic Azad University, Karaj",IRN,9141.0,-0.224,low,1558.0,-1.435,0.136,-0.612,0.192,-1.12,2.127,-1.413,-0.268,-0.222
81289.0,Kermanshah University of Technology,IRN,9141.0,-0.385,very low,940.0,-0.964,-0.738,0.111,-0.267,-1.401,-0.97,1.057,-0.268,0.414
91879.0,Anhui Xinhua University,CHN,9145.0,0.031,medium,796.0,-0.039,-0.24,-1.708,2.408,-1.37,0.143,-1.413,-0.268,-1.186
85679.0,Tianjin Agricultural University,CHN,9145.0,-0.286,very low,1829.0,0.235,-0.277,-1.096,0.112,-1.321,0.219,-0.932,-0.268,-0.369
97229.0,GL Bajaj Institute of Technology and Management,IND,9148.0,0.754,medium,1624.0,-0.982,2.794,-0.064,1.031,-1.326,0.05,-0.71,-0.268,-0.553
8557.0,Ukrainian State University of Science and Technologies,UKR,9149.0,0.407,medium,878.0,-1.373,-0.127,3.28,2.43,-0.903,-0.067,-0.935,-0.268,2.02
3956.0,Babol University of Medical Sciences,IRN,9149.0,0.96,medium,2941.0,-0.477,-0.165,-1.624,0.236,-0.427,4.218,-0.253,9.605,-0.674
15373.0,Western Illinois University,USA,9149.0,-0.591,very low,615.0,-0.995,-0.174,-0.935,-0.46,-1.125,-1.185,-1.413,-0.268,-0.341
92506.0,Ecole Nationale des Sciences Appliquees d'El Jadida,MAR,9153.0,-0.147,low,668.0,0.36,-0.587,2.159,0.315,-1.183,-2.467,0.531,-0.268,-0.433
8643.0,Zaporizhzhia National University,UKR,9153.0,0.411,medium,716.0,-1.427,0.004,2.019,2.957,-0.723,0.304,-1.413,-0.268,0.977
12733.0,Ahsanullah University of Science and Technology,BGD,9155.0,-0.201,low,1274.0,-0.514,-0.277,0.855,0.193,-1.191,1.204,-0.62,-0.268,-1.186
77716.0,Tumkur University,IND,9155.0,0.99,medium,572.0,-1.282,0.962,4.116,2.651,-1.358,-0.777,1.982,-0.268,0.575
92849.0,Doha Institute for Graduate Studies,QAT,9155.0,-0.391,very low,409.0,0.035,-0.024,0.74,-0.545,-0.57,-1.179,-1.413,-0.268,-1.186
79148.0,Laureate International Universities,MUL,9155.0,1.308,significant,6197.0,-0.59,2.596,1.119,3.004,-0.864,-0.075,-0.325,-0.268,0.756
12004.0,Moscow Power Engineering Institute - Technical University,RUS,9160.0,0.034,medium,4265.0,-0.63,-0.24,5.217,0.336,-1.23,-0.859,-1.333,-0.268,2.107
2255.0,Universidad Internacional del Ecuador,ECU,9160.0,0.377,medium,499.0,2.103,-0.456,-0.778,2.072,-0.185,3.291,-1.413,-0.268,-1.186
4024.0,Sabzevar University of Medical Sciences,IRN,9164.0,0.338,medium,1095.0,-0.436,1.413,-1.832,0.266,-0.536,4.091,-1.413,-0.268,-0.262
96085.0,Fenerbahce University,TUR,9164.0,-0.682,very low,327.0,-0.797,-0.324,-0.679,-0.545,-0.955,-1.74,-1.413,-0.268,-1.186
88343.0,Ahmet Yesevi University,KAZ,9164.0,3.326,significant,743.0,-0.248,6.241,1.782,7.61,-0.878,0.051,-1.413,-0.268,1.539
7473.0,Novosibirsk State Medical University,RUS,9164.0,0.293,medium,1127.0,-1.352,1.066,0.918,-0.36,-0.087,2.812,-1.413,-0.268,3.334
3954.0,Azarbaijan Shahid Madani University,IRN,9168.0,0.433,medium,2283.0,-0.898,2.268,0.642,-0.179,-1.273,-0.858,0.064,-0.268,-0.528
92778.0,Ajloun National University,JOR,9168.0,2.424,significant,405.0,-1.335,0.014,1.361,12.74,-0.861,-0.637,0.369,-0.268,0.041
96814.0,Ho Chi Minh City University of Economics and Law,VNM,9168.0,0.182,medium,534.0,-1.243,0.173,0.338,2.683,-1.264,-1.136,-1.413,-0.268,-0.222
91884.0,JC Bose University of Science and Technology YMCA,IND,9171.0,-0.069,low,1111.0,-0.771,-0.249,-0.444,1.429,-1.335,-0.288,-0.823,-0.268,0.195
13729.0,Lawrence Technological University,USA,9171.0,-0.132,low,470.0,-1.642,0.878,0.684,-0.434,-0.884,-0.839,-1.413,-0.268,1.519
70147.0,South Kazakhstan State University,KAZ,9171.0,0.844,medium,990.0,-1.349,-0.127,6.376,4.89,-1.033,-0.522,-1.413,-0.268,-0.682
96140.0,L'IPAG Business School,FRA,9174.0,0.362,medium,736.0,4.215,1.16,-1.61,-0.262,-1.335,-0.315,-1.413,-0.268,-0.478
91921.0,Al-Furat Al-Awsat Technical University,IRQ,9174.0,1.273,significant,2399.0,-0.516,-0.221,0.907,8.013,-1.3,-0.756,-1.413,-0.268,0.27
3366.0,Maharana Pratap University of Agriculture and Technology,IND,9174.0,-0.217,low,736.0,-1.574,-0.09,-0.366,1.584,-1.269,-0.801,-1.413,-0.268,-1.186
1050.0,Mount Saint Vincent University,CAN,9174.0,-0.438,very low,753.0,0.329,-0.155,0.117,-0.545,-0.691,-1.181,-1.413,-0.268,-1.186
84943.0,Tyumen Industrial University,RUS,9174.0,2.088,significant,1337.0,-0.52,2.399,1.24,7.895,-1.31,-0.83,-1.413,-0.268,1.092
1424.0,Jingdezhen Ceramic University,CHN,9181.0,0.086,medium,1605.0,-0.365,-0.54,0.725,1.733,-1.235,0.09,-0.947,-0.268,1.616
90797.0,Universidad de O'Higgins,CHL,9181.0,-0.294,very low,932.0,1.282,-0.353,-0.28,-0.489,-0.619,-0.557,-1.413,-0.268,0.443
78705.0,Jinnah Sindh Medical University,PAK,9183.0,0.427,medium,1031.0,-1.489,-0.221,-1.484,3.255,-0.906,4.782,-0.421,-0.268,-1.186
3359.0,Kurukshetra University,IND,9183.0,-0.072,low,2465.0,-1.149,-0.428,1.767,1.065,-1.243,0.025,-0.604,-0.268,0.354
1187.0,Universidad de Vina del Mar,CHL,9188.0,0.193,medium,436.0,2.842,-0.24,0.618,0.054,-0.231,-0.103,0.423,-0.268,-1.186
77699.0,Lala Lajpat Rai University of Veterinary and Animal Sciences,IND,9188.0,-0.574,very low,649.0,-1.174,-0.259,0.076,-0.545,-1.289,-0.412,-1.413,-0.268,-0.406
44469.0,Ono Academic College,ISR,9188.0,-0.303,very low,495.0,1.251,-0.287,-0.875,-0.334,-0.371,0.297,-1.413,-0.268,-1.186
68421.0,University Centre in Svalbard,NOR,9188.0,0.282,medium,746.0,5.825,-0.315,0.933,-0.545,0.812,-0.467,-1.413,-0.268,0.153
92524.0,Ecole Nationale Superieure d'Electricite et de Mecanique,MAR,9194.0,0.012,medium,905.0,-0.448,-0.315,1.491,1.186,-1.294,-1.496,-1.413,-0.268,2.949
7298.0,Kuban State University,RUS,9194.0,0.182,medium,1578.0,-0.229,-0.202,5.481,0.713,-0.939,0.578,-1.413,-0.268,0.714
1555.0,Sichuan International Studies University,CHN,9194.0,0.164,medium,545.0,-0.522,-0.165,-0.612,2.81,-1.356,0.594,-1.413,-0.268,-1.186
1538.0,Shenyang Institute of Engineering,CHN,9194.0,-0.192,low,944.0,-0.942,-0.428,-1.219,1.392,-1.324,0.028,-1.413,-0.268,0.92
96303.0,Azim Premji University,IND,9194.0,-0.232,low,488.0,-0.369,-0.061,-1.559,-0.331,-0.356,2.05,-1.413,-0.268,1.017
77691.0,Karpagam University,IND,9194.0,0.662,medium,3719.0,-1.062,0.737,-0.11,2.138,-1.264,1.023,0.323,-0.268,2.644
9060.0,Yerevan State University,ARM,9194.0,0.065,medium,1983.0,-0.732,-0.296,2.188,-0.229,1.317,1.676,-0.09,-0.268,0.99
15370.0,Western Carolina University,USA,9194.0,-0.367,very low,1109.0,-1.175,-0.09,-0.845,-0.216,-0.81,0.961,-1.413,-0.268,0.458
96498.0,Galgotias Educational Institutions,IND,9194.0,0.225,medium,5919.0,-1.041,-0.043,-0.049,1.573,-1.331,0.22,-0.136,-0.268,2.517
772.0,Universidade de Santo Amaro,BRA,9203.0,-0.045,low,701.0,2.788,-0.447,-0.81,-0.098,-0.258,1.485,-1.413,-0.268,-0.453
98624.0,Vietnam Military Medical University,VNM,9203.0,0.071,medium,586.0,-0.677,-0.54,-1.679,1.416,0.712,4.149,-1.413,-0.268,0.53
4751.0,Strathmore University,KEN,9203.0,-0.285,very low,456.0,0.09,-0.296,-1.654,0.486,-0.016,0.176,-1.413,-0.268,-1.186
7595.0,Samara State Medical University,RUS,9206.0,0.404,medium,1819.0,-0.839,-0.014,5.047,-0.114,-0.413,1.42,-0.605,-0.268,5.992
85673.0,Hubei University of Automotive Technology,CHN,9206.0,-0.005,low,1345.0,0.717,-0.193,0.275,0.581,-1.004,1.501,-0.877,-0.268,-1.186
98044.0,Sri Eshwar College of Engineering,IND,9206.0,-0.172,low,1994.0,-1.728,-0.146,2.698,0.084,-1.328,0.476,-0.67,-0.268,0.577
92133.0,Indian Institute of Space Science and Technology,IND,9209.0,-0.454,very low,1566.0,-1.525,-0.381,0.79,-0.212,-0.874,-0.35,-1.17,-0.268,0.416
168.0,Universidad Nacional de Entre Rios,ARG,9209.0,-0.393,very low,411.0,1.029,-0.343,-0.458,-0.291,-1.046,-0.633,-1.413,-0.268,-1.186
11855.0,Academia Tehnica Militara,ROU,9209.0,0.37,medium,471.0,0.586,-0.23,1.538,2.338,-1.092,0.236,-1.413,-0.268,0.933
1270.0,Chifeng University,CHN,9209.0,-0.035,low,785.0,-0.587,-0.287,-1.633,2.316,-0.906,0.021,-1.413,-0.268,-1.186
4022.0,Razi University,IRN,9209.0,-0.171,low,4101.0,-0.46,0.652,-0.089,-0.1,-1.217,-1.121,-1.112,-0.268,-0.818
84300.0,Linyi University,CHN,9215.0,-0.02,low,4062.0,1.106,-0.155,-0.822,0.483,-0.994,-0.396,-0.518,-0.268,0.173
2133.0,Universidad Central Marta Abreu de Las Villas,CUB,9216.0,0.396,medium,939.0,-0.112,-0.137,-0.223,3.683,-0.858,-1.208,-1.413,-0.268,-0.108
67400.0,Lanzhou City University,CHN,9216.0,2.069,significant,922.0,0.882,7.227,-1.065,0.305,-1.137,1.246,-1.413,-0.268,-0.647
86756.0,Yichun University,CHN,9216.0,-0.152,low,856.0,0.624,-0.55,-0.972,1.102,-1.089,0.623,-1.413,-0.268,-0.597
4072.0,University of Kerbala,IRQ,9216.0,1.802,significant,3316.0,0.078,0.192,2.114,8.655,-1.269,0.233,-1.017,-0.268,1.611
4035.0,Shahrekord University,IRN,9220.0,-0.178,low,2610.0,-1.335,0.821,0.359,-0.105,-1.271,-0.793,-1.413,-0.268,-0.322
3380.0,Mangalore University,IND,9220.0,-0.057,low,1795.0,-0.624,-0.137,0.439,1.201,-1.225,-2.115,-0.046,-0.268,-0.339
91977.0,Mus Alparslan University,TUR,9220.0,0.963,medium,1192.0,-0.665,-0.493,3.936,2.917,-1.299,-0.927,0.051,-0.268,10.611
3356.0,Kerala Agricultural University,IND,9220.0,0.916,medium,1021.0,-1.559,0.418,0.158,-0.341,-1.139,0.768,-1.413,12.265,-1.186
163.0,Universidad Maimonides,ARG,9224.0,-0.168,low,466.0,-0.005,-0.277,-0.736,-0.321,0.266,3.529,-1.413,-0.268,-0.088
7956.0,University of Mpumalanga,ZAF,9224.0,0.439,medium,712.0,0.734,1.103,1.178,0.042,-0.992,0.794,0.282,-0.268,-0.483
77605.0,Jining University,CHN,9232.0,-0.392,very low,766.0,2.331,-0.86,-0.273,0.205,-1.338,-2.653,-1.413,-0.268,-0.538
97065.0,"National Institute of Technology, Meghalaya",IND,9232.0,-0.263,very low,1466.0,-1.257,-0.071,0.882,0.132,-1.285,-1.989,-0.572,-0.268,1.216
81292.0,North Khorasan University of Medical Sciences,IRN,9232.0,0.127,medium,1243.0,-0.471,0.972,-0.625,0.632,-0.815,0.144,-0.927,-0.268,-1.186
1200.0,Universidad Metropolitana de Ciencias de la Educacion,CHL,9236.0,0.663,medium,696.0,0.739,1.545,1.066,-0.245,1.215,1.349,-0.301,-0.268,1.012
927.0,Trakia University,BGR,9237.0,0.762,medium,1367.0,-0.978,0.07,0.388,2.627,-1.117,-0.04,-1.413,4.608,0.647
3505.0,Vinayaka Mission's Research Foundation,IND,9237.0,1.018,medium,2278.0,-1.642,0.202,-0.01,5.967,-1.326,0.962,-0.929,-0.268,1.34
7307.0,Kuzbass State Technical University,RUS,9239.0,0.455,medium,908.0,-0.136,-0.569,3.479,1.698,-1.321,-0.097,-1.413,-0.268,7.293
81204.0,Beijing Institute of Fashion Technology,CHN,9240.0,-0.138,low,1205.0,-0.791,-0.202,-0.919,0.235,-0.897,0.735,-1.13,-0.268,2.977
91955.0,Kwara State University,NGA,9240.0,0.034,medium,1013.0,1.095,-0.033,0.615,0.692,-0.85,-0.788,-1.413,-0.268,0.299
67778.0,Nanjing Audit University,CHN,9240.0,-0.295,very low,2055.0,-0.278,0.248,-1.242,0.344,-1.295,-1.618,-1.413,-0.268,-0.699
4057.0,Zahedan University of Medical Sciences,IRN,9240.0,0.027,medium,2162.0,-0.933,-0.052,-1.247,0.566,-0.042,3.638,-0.782,-0.268,0.212
69335.0,JSS Science and Technology University,IND,9245.0,-0.164,low,1130.0,-1.099,-0.418,0.864,1.257,-1.229,-1.127,-1.413,-0.268,1.253
98378.0,University of Halabja,IRQ,9247.0,-0.389,very low,388.0,0.748,-0.587,-0.431,0.128,-1.088,-0.202,-1.413,-0.268,-1.186
4570.0,Ritsumeikan Asia Pacific University,JPN,9247.0,-0.467,very low,444.0,-0.421,-0.118,-0.744,-0.075,-0.909,-1.294,-1.413,-0.268,-1.186
95851.0,University for Business and Technology,XKX,9247.0,0.776,medium,704.0,background: #ffffff; color: #000000;,-0.202,-0.782,5.243,-0.711,1.096,-1.413,-0.268,-0.468
88.0,Universite Mohamed Khider de Biskra,DZA,9252.0,-0.243,low,2497.0,0.538,-0.371,1.194,-0.022,-1.274,-0.27,-1.276,-0.268,-0.185
98698.0,"Indian Institute of Management, Nagpur",IND,9252.0,-0.106,low,278.0,-0.75,-0.212,-1.867,-0.545,-1.226,3.303,2.174,-0.268,-1.186
13275.0,The Citadel,USA,9252.0,-0.409,very low,528.0,-1.308,-0.09,-0.384,0.048,-0.941,-0.324,-1.413,-0.268,-0.197
97895.0,Excelia Business School,FRA,9255.0,-0.276,very low,628.0,-0.873,-0.315,0.185,-0.213,-1.362,0.836,-0.285,-0.268,0.411
71974.0,Universidad Nacional de Rio Negro,ARG,9255.0,-0.199,low,982.0,0.5,-0.259,0.774,-0.492,-0.264,0.856,-1.066,-0.268,-0.153
13307.0,College of the Holy Cross,USA,9255.0,-0.542,very low,669.0,-1.324,-0.052,-0.944,-0.545,-0.893,0.678,-1.413,-0.268,-1.186
98766.0,Sinhgad Group of Educational Institutes,IND,9255.0,0.44,medium,970.0,1.199,-0.099,-1.431,3.171,-1.201,-0.061,-1.413,-0.268,0.379
15258.0,"Trinity College, Hartford",USA,9255.0,-0.482,very low,505.0,-0.962,-0.146,-0.293,-0.545,-1.112,-0.796,-1.413,-0.268,0.898
1493.0,Qinghai Normal University,CHN,9260.0,-0.078,low,2732.0,2.649,-0.512,-0.511,0.296,-1.019,-0.18,-1.413,-0.268,0.096
5527.0,Instituto Tecnologico Autonomo de Mexico,MEX,9260.0,0.319,medium,672.0,-0.527,0.859,-0.564,0.154,-1.148,1.426,-1.413,-0.268,5.309
90930.0,Toulouse School of Economics,FRA,9260.0,0.18,medium,721.0,6.437,-0.071,-1.031,-0.545,-1.03,-0.757,-1.413,-0.268,-0.486
91878.0,Guizhou Minzu University,CHN,9264.0,-0.2,low,1795.0,0.935,-0.672,0.14,0.182,-1.252,0.411,-1.186,-0.268,1.039
4006.0,Lorestan University,IRN,9264.0,0.186,medium,2461.0,-0.61,1.16,0.065,0.389,-1.223,-0.04,-0.736,-0.268,-0.371
68788.0,Guru Angad Dev Veterinary and Animal Sciences University,IND,9264.0,-0.317,very low,1165.0,-0.466,-0.221,-0.502,-0.321,-1.088,3.353,-1.413,-0.268,-1.186
92442.0,Newgiza University,EGY,9267.0,0.093,medium,465.0,5.399,-0.663,-1.164,-0.321,0.479,1.561,-1.413,-0.268,-1.186
47801.0,New Horizon College of Engineering,IND,9267.0,1.229,significant,2315.0,-1.445,2.258,5.371,0.425,-1.306,1.186,2.673,-0.268,2.152
97098.0,Hindusthan College of Engineering and Technology,IND,9269.0,0.538,medium,804.0,-1.424,1.789,-1.325,2.119,-1.159,-0.468,-1.413,-0.268,0.714
79233.0,Universidad de Ingenieria y Tecnologia,PER,9270.0,-0.376,very low,467.0,0.392,-0.287,0.067,-0.322,-0.257,-1.645,-1.413,-0.268,-0.103
8645.0,Zaporizhzhia National Technical University,UKR,9270.0,0.279,medium,762.0,-1.566,-0.061,4.455,2.745,-1.114,-2.025,-1.413,-0.268,0.143
448.0,University of Liberal Arts Bangladesh,BGD,9270.0,-0.039,low,428.0,-0.194,-0.23,-0.931,0.553,-0.493,2.404,-1.413,-0.268,1.164
89924.0,Maharishi Markandeshwar College of Pharmacy,IND,9270.0,1.099,significant,278.0,-1.019,4.541,-1.111,0.77,-1.313,0.677,-1.413,-0.268,-1.186
91859.0,Fujian Jiangxia University,CHN,9274.0,-0.012,low,658.0,0.963,-0.681,-1.578,1.836,-1.253,1.194,-1.413,-0.268,-0.428
77684.0,Kabale University,UGA,9274.0,-0.132,low,377.0,2.115,-0.597,-1.132,-0.407,0.531,0.357,-0.508,-0.268,0.138
91930.0,University of Wasit,IRQ,9276.0,1.631,significant,1726.0,-0.424,-0.296,1.687,8.686,-1.19,0.37,-1.413,-0.268,3.004
99009.0,Rajagiri College of Social Sciences,IND,9276.0,-0.156,low,380.0,0.473,-0.371,0.516,0.83,-1.273,-1.998,-0.343,-0.268,-1.186
3512.0,"Maulana Abul Kalam Azad University of Technology, West Bengal",IND,9278.0,0.065,medium,1735.0,-0.323,-0.447,0.238,1.051,-1.191,-1.307,1.249,-0.268,0.731
80189.0,Universite Nangui Abrogoua,CIV,9278.0,-0.446,very low,581.0,-0.431,-0.381,-0.711,-0.096,-0.816,0.682,-1.413,-0.268,-1.186
5845.0,Mongolian University of Science and Technology,MNG,9278.0,-0.122,low,507.0,0.389,-0.4,-0.454,0.485,-0.874,2.135,-1.413,-0.268,-0.197
8755.0,University of Buckingham,GBR,9281.0,-0.273,very low,574.0,0.261,-0.165,-1.354,-0.09,-0.978,1.284,-1.413,-0.268,-0.215
4050.0,University of Zabol,IRN,9281.0,0.67,medium,1712.0,-1.317,2.812,-0.098,-0.057,-1.316,-0.848,1.392,-0.268,-0.6
2264.0,Universidad Regional Autonoma de Los Andes,ECU,9283.0,3.628,significant,1810.0,-0.841,0.136,12.186,16.397,-1.388,-1.164,-1.413,-0.268,1.561
15461.0,University of Scranton,USA,9283.0,-0.512,very low,575.0,-0.829,-0.212,-0.618,-0.454,-0.725,-0.502,-1.413,-0.268,-0.287
3360.0,Kuvempu University,IND,9283.0,0.629,medium,1217.0,-1.151,1.714,1.85,1.429,-1.321,-1.209,0.441,-0.268,-0.776
90164.0,National University Yuri Kondratyuk Poltava Polytechnic,UKR,9287.0,0.225,medium,643.0,-1.187,-0.202,5.7,1.973,-0.985,-2.33,-1.413,-0.268,1.176
96984.0,University of Professional Studies,GHA,9287.0,-0.414,very low,647.0,-0.921,-0.146,-0.245,0.424,-1.138,-2.103,-1.413,-0.268,-0.416
2263.0,Universidad Politecnica Salesiana,ECU,9290.0,1.768,significant,1759.0,-0.671,2.578,1.931,4.652,-1.318,-0.172,-1.137,2.177,0.103
7020.0,Ufa University of Science and Technology,RUS,9290.0,0.184,medium,3637.0,0.126,-0.118,3.672,0.963,-0.96,-0.554,-1.319,-0.268,1.295
8639.0,Lutsk National Technical University,UKR,9292.0,0.512,medium,604.0,-1.477,0.145,4.686,3.519,-0.798,-1.929,-1.413,-0.268,-0.361
709.0,Universidade Positivo,BRA,9292.0,0.218,medium,716.0,1.33,1.235,-1.494,-0.181,-0.451,0.806,-1.413,-0.268,-0.476
11315.0,South East European University,MKD,9292.0,3.031,significant,537.0,-1.549,10.551,0.101,1.4,-1.311,-2.366,0.053,-0.268,-1.186
937.0,South West University Neofit Rilski,BGR,9295.0,-0.049,low,821.0,-1.509,-0.108,0.805,0.473,-0.514,1.869,-1.413,-0.268,1.991
4063.0,Al-Muthanna University,IRQ,9295.0,1.877,significant,1462.0,-0.367,-0.315,-0.063,10.746,-1.069,2.188,-1.413,-0.268,-0.503
4605.0,University of Shiga Prefecture,JPN,9297.0,-0.352,very low,622.0,-0.683,-0.428,2.225,0.126,-0.737,-1.369,-1.413,-0.268,-0.371
6005.0,Namibia University of Science and Technology,NAM,9297.0,-0.163,low,937.0,0.985,-0.005,-0.471,-0.043,-0.649,-1.026,-1.413,-0.268,0.481
6179.0,University of Uyo,NGA,9297.0,-0.277,very low,1152.0,-0.549,-0.334,-0.494,0.452,-0.79,1.141,-1.413,-0.268,-0.749
8988.0,Ho Chi Minh City University of Education,VNM,9297.0,0.03,medium,670.0,-0.579,-0.418,2.959,1.092,-1.002,1.372,-1.413,-0.268,-0.063
98180.0,Vietnam Maritime University,VNM,9305.0,0.8,medium,606.0,0.357,1.15,-0.522,1.265,-0.96,1.775,-1.413,-0.268,6.404
8447.0,Mbarara University of Science and Technology,UGA,9305.0,-0.158,low,1619.0,1.853,-0.587,-0.459,-0.191,0.519,1.07,-1.154,-0.268,-0.873
59275.0,University of Wisconsin - LaCrosse,USA,9308.0,-0.212,low,941.0,-0.66,0.596,-0.566,-0.49,-0.833,0.317,-1.413,-0.268,-0.088
68851.0,Phramongkutklao College of Medicine,THA,9308.0,-0.637,very low,557.0,-1.178,-0.587,-0.175,-0.17,-0.747,-0.709,-1.413,-0.268,-1.186
77591.0,Vishwakarma Institute of Technology,IND,9308.0,0.046,medium,1927.0,-1.504,-0.118,-0.741,2.165,-1.363,-2.363,0.173,-0.268,0.63
3301.0,Goa University,IND,9311.0,-0.447,very low,1370.0,-1.363,-0.493,0.212,0.37,-1.064,-0.994,-1.135,-0.268,-0.071
1717.0,Fooyin University,TWN,9311.0,-0.182,low,607.0,1.259,-0.315,-0.248,-0.201,-1.201,-0.546,-0.7,-0.268,0.473
1963.0,Universidad Surcolombiana,COL,9311.0,0.253,medium,730.0,0.225,0.333,0.179,0.743,-0.736,0.615,-1.413,-0.268,2.937
92000.0,Tunku Abdul Rahman University of Management & Technology,MYS,9315.0,2.426,significant,1010.0,-1.061,8.081,-0.499,1.885,-1.185,-0.148,-1.413,-0.268,-0.197
3228.0,Acharya NG Ranga Agricultural University,IND,9315.0,-0.187,low,635.0,-1.691,-0.155,-1.29,1.1,-0.483,2.499,-1.413,-0.268,-1.186
98733.0,Indian Institute of Management Bodh Gaya,IND,9315.0,-0.246,low,392.0,-0.745,-0.4,-1.348,-0.279,-1.401,-0.656,2.603,-0.268,-1.186
4058.0,Zanjan University,IRN,9315.0,-0.274,very low,3035.0,-0.816,-0.005,0.127,-0.132,-1.281,-0.224,-0.76,-0.268,0.135
93961.0,Lyceum of the Philippines University,PHL,9319.0,0.706,medium,295.0,0.501,-0.146,-1.699,4.59,-1.236,-0.299,-1.413,-0.268,2.229
92029.0,Northern Technical University,IRQ,9319.0,1.289,significant,1819.0,-0.269,1.977,1.985,3.619,-1.347,0.46,-1.413,-0.268,2.242
92612.0,University of Ninevah,IRQ,9319.0,0.648,medium,711.0,-0.124,-0.014,2.412,3.643,-1.401,0.153,-1.413,-0.268,0.915
7393.0,Russian State Social University,RUS,9319.0,2.123,significant,881.0,-0.68,0.549,4.732,8.231,-1.291,2.075,-1.413,-0.268,5.445
13849.0,Merrimack College,USA,9323.0,-0.43,very low,517.0,-0.306,-0.184,-0.901,-0.141,-0.743,-0.121,-1.413,-0.268,-1.186
97729.0,Chengdu Normal University,CHN,9323.0,-0.124,low,847.0,0.532,-0.475,-0.954,1.305,-1.143,0.726,-1.413,-0.268,-1.186
804.0,Universidade Estadual de Goias,BRA,9323.0,-0.122,low,1105.0,1.609,-0.259,0.545,-0.073,-0.808,0.522,-1.413,-0.268,-0.721
96307.0,Madanapalle Institute of Technology and Science,IND,9323.0,0.409,medium,1427.0,-1.049,1.131,-1.424,2.42,-1.299,-1.382,-1.413,-0.268,1.27
4747.0,Maseno University,KEN,9328.0,-0.319,very low,540.0,-0.417,-0.475,-0.533,0.132,1.387,0.475,-1.413,-0.268,-1.186
91922.0,Al-Qasim Green University,IRQ,9328.0,2.289,significant,1589.0,-0.72,0.418,2.474,11.389,-1.263,-0.287,-1.198,-0.268,1.164
7677.0,Siberian State Medical University,RUS,9330.0,0.398,medium,1980.0,1.011,-0.174,2.195,-0.202,-0.555,1.372,-1.413,-0.268,8.14
1517.0,Shanghai University of International Business and Economics,CHN,9330.0,-0.443,very low,1015.0,-0.77,0.061,-1.397,-0.031,-1.281,-1.32,-1.413,-0.268,-0.197
67781.0,Heilongjiang University of Science and Technology,CHN,9334.0,-0.208,low,1035.0,1.129,-0.512,-0.941,0.615,-1.307,0.502,-1.413,-0.268,-0.704
9559.0,Universite de Bejaia,DZA,9336.0,-0.068,low,2280.0,0.627,0.136,0.622,-0.294,-1.167,0.406,-1.24,-0.268,0.898
7832.0,Voronezh State University,RUS,9336.0,0.882,medium,2460.0,0.681,1.723,6.075,0.092,-1.065,-0.942,-1.088,-0.268,4.211
94199.0,Botswana International University of Science and Technology,BWA,9336.0,0.001,medium,1511.0,1.462,0.267,0.329,0.146,-0.951,-0.595,-1.413,-0.268,-0.523
97199.0,"Institute of Infrastructure, Technology, Research and Management",IND,9336.0,-0.479,very low,847.0,-1.12,-0.606,0.922,-0.237,-1.286,-0.716,-0.886,-0.268,0.645
72965.0,"Jawaharlal Nehru Technological University, Kakinada",IND,9336.0,0.65,medium,1599.0,-0.594,1.178,-1.262,2.918,-1.386,-1.104,-1.413,-0.268,2.554
757.0,Universidade da Regiao de Joinville,BRA,9341.0,-0.012,low,584.0,0.589,-0.334,-0.797,-0.188,0.47,2.754,-1.413,-0.268,2.269
5789.0,Universidad Popular Autonoma del Estado de Puebla,MEX,9341.0,-0.381,very low,743.0,-0.836,-0.193,-0.975,0.439,-1.237,-1.162,-1.413,-0.268,0.183
1154.0,Universidad Adventista de Chile,CHL,9343.0,0.711,medium,346.0,5.032,-0.202,0.17,2.625,-0.138,-0.613,-1.413,-0.268,-1.186
97147.0,Ravenshaw University,IND,9345.0,-0.191,low,692.0,-0.673,-0.409,0.347,0.587,-1.296,0.469,-0.825,-0.268,0.294
91914.0,BS Abdur Rahman Crescent Institute of Science and Technology,IND,9345.0,0.058,medium,2061.0,-1.21,-0.212,0.09,1.939,-1.307,0.041,-0.853,-0.268,0.52
92844.0,Applied Science University,BHR,9349.0,4.24,significant,952.0,-1.238,3.592,2.452,16.466,-1.375,-4.314,0.571,-0.268,2.492
79152.0,University of Maragheh,IRN,9349.0,-0.466,very low,1677.0,-0.852,-0.616,0.205,-0.296,-1.184,-0.049,-1.413,-0.268,1.658
88331.0,Shanghai Jian Qiao University,CHN,9352.0,-0.16,low,421.0,0.902,-0.569,-1.766,2.433,-1.228,-3.772,-1.413,-0.268,-1.186
59534.0,Instituto Balseiro,ARG,9353.0,0.128,medium,988.0,0.258,-0.456,2.01,-0.281,2.506,2.031,0.034,-0.268,-0.17
98721.0,Korkyt Ata Kyzylorda University,KAZ,9353.0,1.37,significant,401.0,-1.423,-0.315,0.277,8.964,-0.553,-0.153,-1.413,-0.268,0.068
93277.0,Quchan University of Technology,IRN,9353.0,1.072,medium,731.0,1.334,3.263,-0.461,-0.188,-1.102,-0.912,2.069,-0.268,-1.186
73489.0,Tianjin University of Technology and Education,CHN,9353.0,-0.403,very low,2046.0,-0.766,-0.193,-0.798,0.297,-1.353,-0.345,-1.413,-0.268,-0.697
3250.0,Banasthali University,IND,9357.0,0.401,medium,2642.0,-1.076,1.037,-0.083,1.452,-1.3,-0.19,-0.524,-0.268,1.305
21.0,University of Tirana,ALB,9357.0,0.79,medium,788.0,-1.416,0.352,-1.006,4.891,-0.076,1.303,-1.413,-0.268,0.106
7257.0,Kazan State Medical University,RUS,9360.0,0.323,medium,2592.0,0.596,0.22,2.067,-0.102,-0.146,1.651,-1.018,-0.268,3.354
10900.0,Osaka Electro-Communication University,JPN,9360.0,0.528,medium,518.0,-1.322,-0.174,1.412,-0.545,6.052,4.32,1.221,-0.268,2.733
7930.0,Alexander Dubcek University of Trencin,SVK,9360.0,0.448,medium,820.0,0.183,0.277,-0.078,1.621,-1.164,0.01,0.171,-0.268,1.874
93298.0,Iranshahr University of Medical Sciences,IRN,9360.0,-0.054,low,402.0,0.409,-0.324,-2.185,0.105,0.894,5.472,-1.413,-0.268,-1.186
5612.0,Universidad Autonoma Agraria Antonio Narro,MEX,9364.0,-0.465,very low,864.0,-1.163,-0.221,0.818,-0.485,-1.12,-0.807,-1.018,-0.268,-0.024
96230.0,Sri Krishna College of Engineering & Technology,IND,9364.0,1.762,significant,2314.0,-1.645,4.503,-0.407,3.451,-1.306,-0.341,-1.254,-0.268,2.813
13149.0,"Bethel University, Minnesota",USA,9364.0,2.142,significant,548.0,6.858,-0.39,1.089,-0.45,14.771,2.801,6.99,-0.268,1.161
13003.0,Adelphi University,USA,9364.0,-0.425,very low,1208.0,-0.256,-0.146,-0.751,-0.459,-0.798,0.384,-1.413,-0.268,-0.749
97165.0,Jiroft University of Medical Sciences,IRN,9364.0,-0.214,low,573.0,-0.607,-0.437,-1.004,1.369,-1.189,-1.915,-0.039,-0.268,-1.186
78727.0,"Islamic Azad University, Isfahan Khorasgan Branch",IRN,9371.0,-0.42,very low,1353.0,-1.136,0.183,-0.132,-0.043,-1.383,-1.364,-1.413,-0.268,-0.813
59232.0,"California State University, Fresno",USA,9371.0,0.027,medium,1870.0,0.65,-0.193,-0.176,-0.266,2.144,0.851,0.187,-0.268,-1.186
92046.0,Abadan University of Medical Sciences,IRN,9371.0,-0.269,very low,749.0,-0.761,-0.512,-1.904,-0.336,0.674,4.471,-0.818,-0.268,-0.515
70933.0,Jaipur National University,IND,9371.0,0.771,medium,699.0,-1.024,0.145,-1.17,5.732,-1.193,0.576,-1.413,-0.268,-1.186
98602.0,Astana IT University,KAZ,9371.0,0.415,medium,582.0,0.791,1.441,2.633,0.801,-1.109,-3.822,-1.413,-0.268,0.53
747.0,Universidade Catolica de Pelotas,BRA,9371.0,0.09,medium,591.0,1.829,-0.409,-0.591,-0.369,0.283,2.252,-0.791,-0.268,2.239
95088.0,Al-Bayan University,IRQ,9378.0,1.05,medium,282.0,-0.721,-0.249,-1.923,5.383,-1.315,4.857,-1.413,-0.268,4.156
3194.0,Universidad Tecnologica Centroamericana,HND,9379.0,37.599,significant,544.0,-0.657,122.964,2.525,3.488,-1.133,-0.725,0.396,-0.268,0.647
97845.0,National School of Political Science and Public Administration,ROU,9379.0,-0.418,very low,496.0,-1.375,-0.221,-0.24,-0.229,-0.618,0.405,-0.593,-0.268,-1.186
96301.0,Vardhaman College of Engineering,IND,9379.0,0.629,medium,1820.0,-1.238,0.718,0.071,2.67,-1.321,1.207,-0.195,-0.268,1.032
77611.0,Shanxi Datong University,CHN,9379.0,-0.112,low,1523.0,0.731,0.117,-1.209,0.175,-1.082,0.26,-1.172,-0.268,-0.197
96378.0,Astrakhan State Medical University,RUS,9379.0,0.021,medium,607.0,-1.355,0.014,1.727,0.401,-0.281,1.966,-0.548,-0.268,-0.339
92944.0,Middle East College,OMN,9384.0,-0.138,low,303.0,-1.169,-0.146,-1.436,1.696,-1.321,-2.529,-1.413,-0.268,2.324
97137.0,Chaitanya Bharathi Institute of Technology,IND,9386.0,1.146,significant,1868.0,-0.979,3.066,-0.552,2.027,-1.362,-0.894,-0.43,-0.268,2.574
3948.0,Arak University,IRN,9386.0,-0.247,low,2320.0,-1.349,0.173,0.69,-0.05,-1.254,-1.014,-0.915,-0.268,0.871
97974.0,Dragomanov Ukrainian State University,UKR,9386.0,1.178,significant,554.0,-1.107,0.361,0.785,5.867,-0.831,0.949,-1.413,-0.268,2.607
67436.0,"Madhav Institute of Technology and Science, Gwalior",IND,9386.0,0.464,medium,767.0,-1.47,1.46,-0.581,2.383,-1.369,-0.899,-1.413,-0.268,0.14
79.0,Universite des Sciences et de la Technologie Houari Boumediene,DZA,9390.0,1.009,medium,4601.0,0.309,3.498,1.147,0.193,-1.206,-0.471,-0.737,-0.268,0.337
3461.0,Swami Ramanand Teerth Marathwada University,IND,9390.0,-0.096,low,722.0,-1.603,-0.184,0.186,1.77,-1.367,-1.575,-0.105,-0.268,-1.186
77714.0,South Asian University,IND,9390.0,-0.212,low,869.0,-1.023,-0.296,0.501,0.116,-1.373,-0.76,-1.413,-0.268,4.112
74.0,Universite d'Alger,DZA,9390.0,0.042,medium,537.0,1.545,-0.409,-1.085,0.525,0.679,2.122,-1.413,-0.268,-0.24
97064.0,"National Institute of Technology, Srinagar",IND,9390.0,0.003,medium,2944.0,-1.018,0.681,0.81,0.129,-1.351,-0.895,-0.798,-0.268,1.057
13448.0,Eastern Kentucky University,USA,9395.0,-0.349,very low,690.0,-0.452,-0.137,-0.814,-0.318,-0.592,1.197,-1.413,-0.268,-0.421
89.0,Universite Mouloud Mammeri de Tizi Ouzou,DZA,9395.0,-0.302,very low,1297.0,0.705,-0.324,-0.236,-0.062,-1.064,0.207,-1.413,-0.268,-0.798
1283.0,China University of Political Science and Law,CHN,9395.0,-0.117,low,1651.0,-0.754,0.568,-1.482,0.625,-1.239,-0.11,-1.413,-0.268,-0.548
84947.0,Rostov State Medical University,RUS,9398.0,0.014,medium,1276.0,-1.28,-0.024,1.439,0.233,0.121,1.349,-1.413,-0.268,2.505
92006.0,Emperor Alexander I St Petersburg State Transport University,RUS,9400.0,1.057,medium,1054.0,-1.247,-0.503,10.702,1.834,-1.309,-1.915,-1.413,-0.268,15.199
15564.0,University of Hartford,USA,9401.0,-0.458,very low,752.0,-1.081,-0.118,-1.097,-0.267,-1.013,0.061,-1.413,-0.268,0.183
97997.0,Beijing Polytechnic,CHN,9402.0,-0.178,low,861.0,-0.943,-0.202,-1.138,0.608,-1.232,0.379,-0.743,-0.268,1.131
72222.0,Instituto de Ensino e Pesquisa,BRA,9402.0,-0.145,low,437.0,1.002,-0.184,-1.737,-0.545,-0.234,3.723,-1.413,-0.268,-0.014
7399.0,Moscow State Technological University Stankin,RUS,9406.0,0.939,medium,1106.0,0.341,-0.371,9.039,2.242,-1.313,-3.213,2.478,-0.268,2.428
1260.0,Jilin University of Finance and Economics,CHN,9407.0,-0.018,low,603.0,-0.71,-0.277,-1.604,2.573,-1.119,-0.297,-1.413,-0.268,-1.186
13552.0,Gonzaga University,USA,9407.0,-0.343,very low,754.0,-1.05,-0.118,-1.339,-0.337,-0.757,1.755,-1.413,-0.268,0.995
7018.0,Bashkir State Medical University,RUS,9407.0,0.248,medium,1720.0,-0.397,0.295,0.15,-0.15,-0.328,4.18,-0.94,-0.268,2.992
13315.0,St Catherine University,USA,9407.0,-0.378,very low,412.0,-1.101,-0.108,-0.842,-0.418,-0.163,0.04,-1.413,-0.268,1.293
753.0,Universidade Cidade de Sao Paulo,BRA,9412.0,0.005,medium,558.0,3.814,-0.334,-0.542,0.016,0.339,-0.836,-1.413,-0.268,-1.186
13990.0,Northern Kentucky University,USA,9412.0,-0.279,very low,824.0,-1.328,-0.137,-1.387,0.089,-0.075,1.034,-1.413,-0.268,1.323
6870.0,Universidade Lusiada,PRT,9412.0,0.18,medium,511.0,3.502,-0.249,-0.459,1.295,-0.973,-1.115,-1.413,-0.268,-1.186
84563.0,Beibu Gulf University,CHN,9417.0,0.041,medium,1540.0,2.025,0.248,-0.764,0.506,-1.18,-0.26,-1.413,-0.268,-1.186
7563.0,Gubkin University,RUS,9417.0,0.209,medium,1910.0,0.121,-0.306,1.877,0.713,-1.109,0.519,-1.008,-0.268,4.191
10278.0,Rajasthan Technical University,IND,9422.0,0.156,medium,951.0,-1.158,-0.371,0.924,1.652,-1.375,-1.756,-0.213,-0.268,4.231
3434.0,Sambalpur University,IND,9422.0,-0.252,low,1070.0,-0.848,-0.447,0.582,0.968,-1.288,-1.795,-1.094,-0.268,0.694
80653.0,Luoyang Institute of Science and Technology,CHN,9424.0,1.33,significant,1067.0,1.638,3.442,-0.69,1.07,-0.9,2.264,-0.515,-0.268,-0.719
8315.0,Universite de Lome,TGO,9426.0,-0.127,low,1277.0,0.852,-0.353,1.043,0.478,-0.564,-0.759,-1.413,-0.268,-0.399
91931.0,Karaganda State Technical University,KAZ,9426.0,0.187,medium,833.0,-1.303,-0.127,6.251,1.336,-1.226,-1.742,-1.413,-0.268,1.837
97293.0,Parul University,IND,9429.0,0.43,medium,2798.0,-1.087,0.089,-0.463,2.33,-1.305,1.656,0.116,-0.268,1.333
62744.0,Lomonosov State Academy of Fine Chemical Technology,RUS,9429.0,0.195,medium,3209.0,-0.672,0.277,3.837,1.018,-1.053,-1.21,-1.413,-0.268,1.305
80348.0,Guangxi University of Finance and Economics,CHN,9433.0,0.263,medium,623.0,1.26,0.324,-1.726,1.383,-1.323,0.469,-1.413,-0.268,1.213
10007.0,Hong Kong Shue Yan University,HKG,9436.0,2.639,significant,692.0,-0.51,8.992,-1.195,0.21,-1.015,2.151,0.028,-0.268,-0.448
91954.0,Redeemer's University,NGA,9442.0,0.01,medium,851.0,0.521,-0.137,0.635,0.805,-0.288,0.377,-1.413,-0.268,-0.595
77675.0,PSG College of Arts and Science,IND,9442.0,0.243,medium,896.0,-1.033,1.056,-0.465,1.087,-1.32,-1.064,-1.003,-0.268,1.628
769.0,Universidade de Ribeirao Preto,BRA,9445.0,-0.322,very low,508.0,0.975,-0.428,-0.722,-0.442,-0.684,-0.562,-0.69,-0.268,-0.173
77.0,Universite Kasdi Merbah Ouargla,DZA,9445.0,-0.206,low,1594.0,0.429,-0.39,1.539,0.373,-1.218,-1.157,-1.413,-0.268,0.068
92004.0,V.I. Vernadsky Crimean Federal University,UKR,9445.0,0.472,medium,2045.0,-1.01,0.164,5.196,1.677,-0.831,-0.859,-1.413,-0.268,3.622
77384.0,Ruppin Academic Center,ISR,9445.0,-0.425,very low,732.0,0.8,-0.334,0.818,-0.545,-0.903,-1.976,-1.413,-0.268,-0.488
6642.0,University of San Carlos,PHL,9445.0,-0.009,low,539.0,0.513,-0.146,-1.546,0.036,0.131,3.626,-1.413,-0.268,0.677
13401.0,Denison University,USA,9451.0,-0.501,very low,560.0,-1.248,-0.127,-0.556,-0.545,-0.1,0.633,-1.413,-0.268,-1.186
8393.0,Istanbul Bilim Universitesi,TUR,9451.0,-0.289,very low,601.0,-1.309,0.079,-1.2,0.063,0.336,0.679,-1.413,-0.268,-0.339
76737.0,Escola Superior de Enfermagem de Lisboa,PRT,9454.0,0.104,medium,408.0,3.071,-0.287,2.512,-0.417,-0.984,-2.604,-1.413,-0.268,3.769
87.0,Universite Constantine,DZA,9454.0,-0.016,low,2817.0,1.232,-0.362,0.575,0.141,-0.349,0.428,-1.073,-0.268,0.861
98055.0,Sino-Danish Center for Education and Research,CHN,9454.0,0.665,medium,1659.0,10.56,-0.681,-1.075,-0.514,-0.333,0.035,0.714,-0.268,-1.186
10709.0,Kanagawa Institute of Technology,JPN,9454.0,0.458,medium,629.0,-1.113,-0.315,3.635,0.202,2.15,4.114,0.131,-0.268,2.853
78738.0,"Islamic Azad University, Najafabad Branch",IRN,9459.0,0.676,medium,1996.0,-0.889,3.479,-0.533,-0.074,-1.267,-0.807,-0.973,-0.268,-0.182
3455.0,Sri Krishnadevaraya University,IND,9459.0,0.544,medium,777.0,-1.41,2.399,0.502,0.867,-1.307,0.523,-1.413,-0.268,-0.523
3229.0,Acharya Nagarjuna University,IND,9463.0,0.632,medium,1687.0,-0.88,0.07,-0.522,4.595,-1.343,-0.648,-1.413,-0.268,1.484
1934.0,Universidad del Sinu Elias Bechara Zainum,COL,9465.0,0.505,medium,574.0,0.131,-0.249,-1.292,2.458,-0.513,4.368,-1.413,-0.268,2.306
91872.0,Huanghuai University,CHN,9467.0,0.593,medium,1228.0,0.969,0.549,-0.042,2.518,-1.223,-0.082,-1.413,-0.268,1.265
92623.0,University of Alkafeel,IRQ,9467.0,1.299,significant,534.0,-0.144,-0.174,1.261,7.77,-1.174,-2.118,-1.413,-0.268,1.621
77734.0,Uttarakhand Technical University,IND,9467.0,-0.22,low,540.0,-0.116,-0.184,-0.893,0.615,-1.401,1.31,-1.413,-0.268,-1.186
93235.0,University of Garmian,IRQ,9467.0,-0.05,low,515.0,0.889,-0.512,1.046,0.672,-0.647,0.779,-1.413,-0.268,-0.21
78.0,Universite des Sciences et de la Technologie d'Oran-Mohamed Boudiaf,DZA,9467.0,-0.167,low,2166.0,1.136,-0.353,0.63,-0.256,-1.244,0.164,-1.413,-0.268,1.347
97161.0,PSG Institute of Technology and Applied Research,IND,9473.0,-0.254,low,927.0,-1.181,-0.503,0.983,0.694,-1.27,-0.599,-0.21,-0.268,-0.639
7702.0,North-Caucasus Federal University,RUS,9473.0,0.525,medium,2154.0,-0.668,-0.005,4.002,2.486,-0.995,-0.245,-1.078,-0.268,1.854
98089.0,Guangzhou College of Technology and Business,CHN,9477.0,1.717,significant,756.0,-0.473,4.512,-1.86,3.324,-1.401,0.093,-1.413,-0.268,1.442
6362.0,Papua New Guinea University of Technology,PNG,9477.0,2.213,significant,390.0,-0.483,5.968,-1.271,1.598,-0.716,1.256,1.379,-0.268,1.536
6423.0,Universidad Nacional del Callao,PER,9477.0,0.658,medium,388.0,-1.184,-0.071,-0.769,4.571,-0.713,1.107,-1.413,-0.268,1.402
7597.0,Samara State Technical University,RUS,9481.0,1.168,significant,1880.0,-0.499,0.84,2.945,4.123,-1.259,-1.05,-1.225,-0.268,5.185
180.0,Universidad Nacional de Lujan,ARG,9482.0,-0.124,low,503.0,1.227,-0.249,-0.568,-0.441,-0.146,2.589,-1.413,-0.268,-0.175
99053.0,Hanoi Architectural University,VNM,9483.0,0.673,medium,438.0,-0.687,-0.569,3.782,3.39,-1.401,-1.693,-1.413,-0.268,7.358
92606.0,Southern Technical University,IRQ,9486.0,1.001,medium,993.0,0.323,-0.268,0.438,6.241,-1.23,-0.16,-1.413,-0.268,0.334
96253.0,"Guru Nanak Dev Engineering College, Ludhiana",IND,9487.0,0.454,medium,853.0,0.676,-0.437,0.986,1.537,-1.23,-1.777,2.171,-0.268,2.41
6852.0,Universidade Aberta,PRT,9487.0,0.36,medium,887.0,4.186,-0.259,-0.248,0.279,-0.662,0.611,-1.413,-0.268,2.934
91888.0,JECRC University,IND,9487.0,0.538,medium,991.0,-0.845,0.455,0.882,1.458,-1.229,0.18,2.36,-0.268,-0.135
6359.0,Universidad Tecnologica de Panama,PAN,9491.0,-0.305,very low,740.0,-0.579,-0.221,0.817,0.443,-0.974,-1.356,-1.413,-0.268,-0.51
373.0,Ahlia University,BHR,9492.0,0.661,medium,1055.0,0.848,-0.221,1.537,1.386,-1.263,-3.206,4.22,-0.268,2.336
98339.0,"APJ Abdul Kalam Technological University, Thiruvananthapuram",IND,9492.0,-0.233,low,1247.0,2.189,-0.362,-0.087,0.167,-1.362,-1.937,-1.413,-0.268,-0.784
99055.0,Father Muller Medical College,IND,9494.0,0.38,medium,508.0,-1.509,-0.371,-2.261,2.54,1.515,6.969,-1.413,-0.268,-0.182
49432.0,Mary Immaculate College,IRL,9494.0,-0.078,low,580.0,3.105,0.042,0.425,-0.545,-1.192,-1.445,-1.413,-0.268,-0.272
12020.0,Moscow Technical University of Communications and Informatics,RUS,9494.0,0.886,medium,1175.0,0.032,0.032,14.836,0.255,-1.236,-3.025,-1.413,-0.268,9.226
69844.0,SKEMA Business School,FRA,9497.0,0.306,medium,752.0,5.847,-0.099,-1.784,-0.059,-1.143,0.913,-0.855,-0.268,-0.486
88346.0,Krishna Institute of Medical Sciences University,IND,9497.0,3.912,significant,856.0,-1.755,-0.043,-2.058,18.984,-0.55,6.059,-0.969,1.993,0.57
11415.0,Bowen University,NGA,9497.0,0.045,medium,1163.0,0.084,-0.371,0.378,0.218,-0.67,2.793,0.437,-0.268,-0.749
98708.0,Shakarim University,KAZ,9501.0,1.006,medium,397.0,-1.325,-0.296,0.183,6.955,-0.361,0.193,-1.413,-0.268,0.066
98506.0,Alliance University,IND,9501.0,0.076,medium,1426.0,-1.303,0.014,0.467,0.627,-1.231,0.907,0.473,-0.268,0.99
92617.0,"Cihan University, Erbil",IRQ,9501.0,5.2,significant,1064.0,2.434,14.412,-1.315,1.369,-0.306,3.227,2.94,-0.268,0.227
11826.0,Instituto Politecnico do Cavado e do Ave,PRT,9501.0,0.362,medium,1065.0,2.019,-0.202,0.811,0.436,-0.626,0.099,0.841,-0.268,1.243
7895.0,Universite Gaston Berger de Saint-Louis,SEN,9506.0,-0.103,low,695.0,-0.534,-0.296,0.412,1.108,-0.563,-1.127,-1.413,-0.268,0.99
8445.0,Kyambogo University,UGA,9506.0,0.319,medium,626.0,0.866,1.516,-0.539,0.122,-0.276,0.431,-1.413,-0.268,-1.186
7490.0,Omsk State Technical University,RUS,9510.0,-0.081,low,1323.0,-0.601,-0.484,4.814,0.245,-1.291,-0.632,-1.155,-0.268,1.459
1249.0,Capital University of Economics and Business,CHN,9511.0,-0.127,low,2316.0,-0.922,0.671,-1.399,0.673,-1.317,-0.589,-1.413,-0.268,-0.754
5636.0,Universidad Autonoma de Tlaxcala,MEX,9511.0,-0.337,very low,636.0,1.865,-0.324,0.52,-0.381,-0.981,-2.777,-1.413,-0.268,-0.389
97072.0,Jaipuria Institute of Management,IND,9511.0,0.17,medium,892.0,-0.848,1.761,-0.963,0.157,-1.292,0.136,-1.413,-0.268,-0.615
93049.0,Ecole Mohammadia d'Ingenieurs,MAR,9514.0,0.212,medium,1724.0,-0.77,0.699,0.447,1.424,-1.33,-1.05,-0.956,-0.268,0.262
15342.0,Washington College,USA,9514.0,1.869,significant,287.0,5.703,-0.353,1.32,-0.181,12.473,3.439,5.764,-0.268,0.582
78481.0,Catholic University of Health and Allied Sciences-Bugando,TZA,9514.0,0.391,medium,493.0,-0.739,1.263,0.152,0.09,0.471,0.911,0.769,-0.268,-1.186
8441.0,Gulu University,UGA,9514.0,1.012,medium,737.0,1.901,2.108,-0.927,-0.12,-0.05,3.215,1.88,-0.268,-1.186
3962.0,Damghan University,IRN,9514.0,-0.139,low,1504.0,-0.333,-0.005,0.635,0.114,-0.626,-0.911,-0.453,-0.268,-0.187
6874.0,Universidade Portucalense Infante D Henrique,PRT,9521.0,0.494,medium,964.0,2.876,-0.334,-0.675,2.056,-1.048,-0.271,0.547,-0.268,-0.647
4049.0,University of Social Welfare and Rehabilitation Sciences,IRN,9521.0,0.264,medium,2122.0,0.35,-0.249,-0.868,-0.25,-0.703,2.002,-1.024,4.698,-0.712
98832.0,Rajamangala University of Technology Krungthep,THA,9525.0,-0.214,low,444.0,-1.153,-0.259,0.876,0.396,-1.346,-1.544,-1.413,-0.268,3.362
86.0,Universite de Boumerdes,DZA,9526.0,-0.215,low,1880.0,0.418,-0.353,0.352,-0.101,-1.104,-0.54,-1.413,-0.268,2.028
94643.0,Kutahya Health Sciences University,TUR,9529.0,-0.609,very low,997.0,-1.49,-0.371,-1.08,-0.126,-0.256,-1.092,-1.413,-0.268,-0.682
96820.0,VNU University of Economics and Business,VNM,9529.0,0.488,medium,471.0,0.586,-0.184,-0.766,4.002,-0.834,-1.235,-1.413,-0.268,-0.128
10396.0,Shahed University,IRN,9531.0,-0.363,very low,2368.0,-1.037,-0.371,-0.692,0.315,-1.227,0.97,-1.413,-0.268,0.091
7208.0,Irkutsk State University,RUS,9532.0,0.317,medium,1406.0,-0.193,0.267,3.329,0.532,1.051,0.234,-0.667,-0.268,0.255
80233.0,Gomel State Medical University,BLR,9532.0,-0.149,low,319.0,-1.398,-0.024,0.154,-0.382,0.654,5.225,-1.413,-0.268,-1.186
8511.0,State Biotechnological University,UKR,9532.0,0.846,medium,1178.0,-1.224,0.38,3.79,3.801,0.722,-0.2,-1.413,-0.268,0.933
91943.0,University of Bojnord,IRN,9532.0,-0.523,very low,912.0,-1.253,-0.343,-0.578,-0.144,-1.268,-1.126,-1.413,-0.268,1.01
7343.0,Ogarev Mordovian State University,RUS,9536.0,0.883,medium,1620.0,-1.204,0.85,2.404,2.325,-0.577,0.633,-1.186,2.453,0.679
97923.0,Dawood University of Engineering and Technology,PAK,9536.0,-0.148,low,606.0,1.903,-0.663,-0.726,-0.201,-1.12,-0.461,0.189,-0.268,0.471
2623.0,Institut National des Langues et Civilisations Orientales,FRA,9536.0,-0.387,very low,584.0,-0.331,0.117,0.22,-0.545,-1.027,-0.248,-1.413,-0.268,-1.186
92620.0,"Islamic University, Najaf",IRQ,9541.0,1.8,significant,4059.0,0.175,3.169,0.689,1.63,-0.97,0.15,5.517,-0.268,-0.262
7653.0,Saratov State University,RUS,9542.0,0.367,medium,3162.0,1.356,-0.259,4.455,-0.166,-0.779,-0.354,-0.094,-0.268,4.241
2239.0,Universidad Catolica de Cuenca,ECU,9542.0,1.696,significant,983.0,0.37,2.089,0.257,5.248,-1.08,2.345,-0.332,-0.268,-0.674
91843.0,Shaanxi University of Chinese Medicine,CHN,9544.0,0.313,medium,2854.0,-0.143,1.141,-1.26,1.121,-0.95,-0.367,-0.691,-0.268,-0.289
59272.0,"University of Wisconsin, Oshkosh",USA,9544.0,-0.509,very low,755.0,-1.398,-0.146,-0.427,-0.545,-0.629,0.588,-1.413,-0.268,-0.495
5933.0,Institut National des Postes et Telecommunications,MAR,9544.0,-0.374,very low,436.0,-0.596,-0.306,0.251,0.773,-1.289,-1.966,-1.413,-0.268,-1.186
98173.0,"Presidency University, Bangalore",IND,9544.0,0.535,medium,2057.0,-1.063,0.587,0.097,2.756,-1.33,-0.573,-1.234,-0.268,3.086
7435.0,Moscow State Pedagogical University,RUS,9549.0,0.368,medium,1469.0,1.412,-0.118,-0.426,1.339,-0.74,2.291,-1.413,-0.268,2.117
97959.0,Vancouver Island University,CAN,9550.0,-0.175,low,446.0,2.794,-0.315,-0.468,-0.428,-0.639,0.172,-1.413,-0.268,-1.186
1544.0,Shenyang Normal University,CHN,9551.0,0.19,medium,1894.0,1.279,0.399,0.363,0.254,-1.273,-1.133,0.533,-0.268,-0.657
7389.0,Russian University of Medicine,RUS,9554.0,-0.034,low,3475.0,-0.793,0.023,1.192,-0.305,-0.178,1.053,-0.601,-0.268,1.66
91848.0,Zaozhuang University,CHN,9555.0,-0.096,low,1398.0,1.174,-0.259,-0.774,0.352,-0.863,-0.316,-1.113,-0.268,0.6
12591.0,University of Transport and Communications,VNM,9558.0,-0.107,low,1304.0,-0.726,-0.362,1.252,0.657,-1.252,-0.042,-1.121,-0.268,1.685
816.0,Universidade Estadual do Piaui,BRA,9558.0,-0.152,low,697.0,0.412,-0.23,0.407,0.204,-0.913,-0.411,-1.413,-0.268,0.977
69898.0,Tishreen University,SYR,9558.0,0.12,medium,969.0,0.028,-0.409,-0.55,1.665,-0.624,-0.54,0.523,-0.268,-0.662
86357.0,Fuyang Normal University,CHN,9561.0,0.288,medium,1515.0,0.934,0.248,-1.312,2.145,-1.241,0.27,-1.413,-0.268,-0.525
1626.0,Xi'an International University,CHN,9562.0,0.443,medium,438.0,0.853,0.418,-1.634,2.317,-1.29,1.712,-1.413,-0.268,-0.036
12550.0,National University of Uzbekistan,UZB,9562.0,1.007,medium,2894.0,0.477,0.108,6.071,3.101,-1.174,0.121,-0.579,-0.268,2.81
69354.0,Indira Gandhi Medical College,IND,9562.0,-0.169,low,590.0,-1.278,-0.165,-1.974,0.074,-0.002,5.485,-1.413,-0.268,-0.282
70148.0,Almaty Technological University,KAZ,9562.0,0.698,medium,420.0,-0.4,-0.071,1.824,4.057,-0.707,2.392,-1.413,-0.268,-1.186
13983.0,Northeastern Illinois University,USA,9562.0,-0.464,very low,496.0,-1.022,-0.118,-1.11,-0.44,-0.226,1.112,-1.413,-0.268,-1.186
91835.0,Universite Abdelhamid Mehri Constantine,DZA,9568.0,-0.19,low,518.0,0.246,-0.212,-0.502,0.463,-1.401,-1.329,-1.413,-0.268,1.713
4218.0,Universita IUAV di Venezia,ITA,9568.0,-0.211,low,890.0,1.316,-0.212,-0.124,-0.311,-0.801,-0.606,-1.413,-0.268,0.563
80570.0,"College of Engineering, Thiruvananthapuram",IND,9568.0,-0.276,very low,1046.0,1.576,-0.362,-0.126,0.204,-1.145,-1.496,-1.413,-0.268,-1.186
2268.0,Universidad Tecnica de Cotopaxi,ECU,9572.0,0.301,medium,333.0,0.085,-0.165,0.594,3.063,-1.328,-0.129,-1.413,-0.268,-1.186
4025.0,Sahand University of Technology,IRN,9572.0,0.027,medium,2616.0,-1.16,1.188,1.482,-0.426,-1.382,-1.238,-0.515,-0.268,0.148
91963.0,Federal University Dutse,NGA,9574.0,0.48,medium,855.0,3.651,-0.024,-0.478,1.227,-0.095,-0.069,-0.047,-0.268,-1.186
8871.0,Karakalpak State University,UZB,9576.0,1.014,medium,452.0,-1.552,0.305,5.239,3.847,-1.24,3.425,-1.413,-0.268,2.117
84870.0,Bridgewater State University,USA,9576.0,-0.24,low,460.0,-0.633,-0.014,-1.088,-0.545,-0.187,1.059,-1.413,-0.268,2.311
79170.0,Privolzhsky Research Medical University,RUS,9576.0,0.143,medium,1552.0,0.208,0.014,1.992,-0.209,0.132,1.387,-1.117,-0.268,2.453
7526.0,Northern Arctic Federal University,RUS,9581.0,0.159,medium,1356.0,0.024,-0.137,3.259,1.111,-0.989,-0.281,-1.413,-0.268,0.883
80140.0,Universidade Federal do Cariri,BRA,9581.0,-0.408,very low,730.0,0.157,-0.437,-0.815,-0.044,-0.769,-1.609,-1.413,-0.268,0.881
946.0,Universite du Burundi,BDI,9581.0,-0.055,low,370.0,1.076,-0.409,-1.503,-0.122,0.305,5.445,-1.413,-0.268,-1.186
12533.0,Uzhhorod National University,UKR,9586.0,0.366,medium,1734.0,-0.921,-0.071,4.575,1.353,-0.785,0.79,-1.186,-0.268,2.515
690.0,Universidade Feevale,BRA,9586.0,-0.422,very low,682.0,0.004,-0.4,-0.85,-0.162,-0.404,0.396,-1.413,-0.268,-1.186
2754.0,Ivane Javakhishvili Tbilisi State University,GEO,9589.0,1.102,significant,3049.0,1.823,0.23,2.247,-0.031,4.794,4.095,1.595,0.649,1.521
9206.0,Huaihua University,CHN,9590.0,-0.165,low,1003.0,0.912,-0.522,-0.988,1.278,-1.231,-0.333,-1.413,-0.268,-1.186
96282.0,University of Haripur,PAK,9590.0,0.282,medium,2293.0,0.978,-0.268,-0.582,1.14,-0.077,-1.276,1.974,-0.268,-0.744
92005.0,Ural State Medical University,RUS,9590.0,-0.032,low,1190.0,-0.568,-0.005,0.791,-0.37,0.742,2.671,-1.413,-0.268,1.174
69090.0,Institut Catholique de Lille,FRA,9590.0,-0.196,low,525.0,0.432,-0.118,-1.737,-0.545,0.403,1.948,-1.413,-0.268,0.853
7559.0,Herzen State Pedagogical University of Russia,RUS,9596.0,0.213,medium,1821.0,-0.25,-0.071,3.499,1.09,-1.201,-0.294,-1.413,-0.268,2.184
98607.0,Alma Mater Europaea University,SVN,9598.0,0.461,medium,463.0,4.81,-0.202,-1.364,0.357,-1.191,1.194,0.684,-0.268,-0.093
96297.0,MLR Institute of Technology,IND,9599.0,2.098,significant,1684.0,-1.598,6.795,2.282,0.758,-1.329,-1.438,-0.517,-0.268,3.409
12815.0,"University of Architecture, Civil Engineering and Geodesy",BGR,9599.0,0.375,medium,512.0,-1.121,-0.24,4.071,1.699,-1.211,0.323,-0.721,-0.268,3.188
13193.0,Butler University,USA,9599.0,-0.482,very low,715.0,-1.042,-0.108,-1.057,-0.326,-0.484,0.487,-1.413,-0.268,-1.186
4636.0,Biju Patnaik University of Technology,IND,9599.0,-0.021,low,595.0,-1.072,-0.268,-1.019,1.65,-1.279,-0.253,-1.413,-0.268,2.649
3240.0,Assam Agricultural University,IND,9605.0,-0.324,very low,1115.0,-1.335,-0.184,-0.721,0.485,-1.052,1.675,-1.413,-0.268,-1.186
26838.0,A’Sharqiyah University,OMN,9605.0,-0.136,low,634.0,-0.134,-0.456,-0.563,1.432,-0.941,0.604,-1.413,-0.268,-1.186
8996.0,Hanoi University of Civil Engineering,VNM,9605.0,-0.02,low,1125.0,-0.174,-0.465,0.138,2.148,-1.25,-0.635,-1.413,-0.268,-0.744
98789.0,NLA University College,NOR,9605.0,0.057,medium,325.0,1.132,-0.296,0.676,-0.063,-0.505,0.027,1.211,-0.268,-1.186
4016.0,Petroleum University of Technology,IRN,9610.0,-0.551,very low,687.0,-0.901,-0.747,-0.09,-0.469,-1.401,-0.001,-0.916,-0.268,1.002
9005.0,Thamar University,YEM,9610.0,0.109,medium,953.0,4.897,-0.634,0.158,0.825,-1.019,-2.223,-1.413,-0.268,-0.657
8581.0,Odessa National I I Mechnikov University,UKR,9613.0,0.306,medium,1069.0,-0.952,-0.071,3.036,1.947,-0.81,0.13,-1.413,-0.268,1.668
99025.0,GD Goenka University,IND,9613.0,-0.23,low,908.0,-1.113,-0.343,-1.179,1.008,-1.294,1.557,-1.413,-0.268,-0.063
67163.0,Henan University of Engineering,CHN,9613.0,-0.1,low,1368.0,1.797,-0.55,-0.94,0.791,-1.277,0.579,-1.413,-0.268,-0.456
8210.0,Assumption University,THA,9617.0,0.233,medium,518.0,-0.719,0.258,-1.455,2.077,-1.307,-1.329,-1.413,-0.268,3.694
7609.0,Saint Petersburg State Pediatric Medical University,RUS,9617.0,0.019,medium,1920.0,-0.26,0.032,2.028,-0.055,-0.389,-0.025,-1.413,-0.268,2.671
96809.0,"Vietnam National University System, Ho Chi Minh City",MUL,9620.0,0.029,medium,12184.0,-0.234,0.117,1.059,0.552,-1.03,-0.66,-0.465,-0.268,0.237
13093.0,Austin Peay State University,USA,9621.0,-0.324,very low,515.0,-0.761,-0.146,-1.236,-0.139,-0.458,0.689,-1.413,-0.268,0.841
80847.0,Universidade Europeia,PRT,9621.0,0.479,medium,656.0,3.942,-0.212,-0.833,1.047,-0.957,5.12,-1.413,-0.268,-1.186
92447.0,Heliopolis University,EGY,9624.0,1.652,significant,559.0,5.279,-0.728,5.141,5.623,-0.967,-1.333,-0.404,-0.268,2.855
8637.0,Vinnytsia National Technical University,UKR,9624.0,0.37,medium,732.0,-1.231,-0.08,4.598,1.024,-0.24,-0.711,-1.413,1.935,1.551
15139.0,Simmons University,USA,9624.0,-0.257,low,762.0,-0.025,-0.174,-2.032,-0.545,0.001,4.721,-1.413,-0.268,-1.186
77736.0,Hunan City University,CHN,9624.0,0.608,medium,1455.0,1.4,1.357,-1.163,1.609,-1.301,1.11,-1.413,-0.268,-0.498
3642.0,Hang Tuah University,IDN,9630.0,1.315,significant,444.0,-0.084,-0.024,3.096,6.632,-0.854,1.263,-1.413,-0.268,-0.068
988.0,Universite de Dschang,CMR,9630.0,0.165,medium,3256.0,1.157,-0.052,2.26,0.867,-0.857,-1.046,-0.716,-0.268,-0.565
84862.0,Kuban State Medical University,RUS,9630.0,0.034,medium,1311.0,-0.856,0.089,2.585,0.052,0.803,1.072,-1.413,-0.268,0.55
1401.0,Inner Mongolia Normal University,CHN,9634.0,-0.268,very low,1976.0,-0.001,-0.4,-0.19,0.248,-1.131,-0.401,-0.762,-0.268,-0.175
19.0,Agricultural University of Tirana,ALB,9636.0,0.193,medium,582.0,-1.141,-0.202,-0.516,1.788,0.685,2.867,-1.413,-0.268,0.538
80568.0,COEP Technological University,IND,9637.0,-0.313,very low,1874.0,-1.455,-0.324,-0.415,0.765,-1.362,-1.287,-1.175,-0.268,1.491
70149.0,D. Serikbayev East Kazakhstan State Technical University,KAZ,9641.0,-0.013,low,608.0,-1.232,-0.212,3.207,1.259,-0.443,-0.59,-1.413,-0.268,-0.369
7614.0,St. Petersburg State Electrotechnical University,RUS,9641.0,-0.107,low,3734.0,-0.095,-0.249,2.538,-0.168,-0.991,-0.755,-1.216,-0.268,2.388
5830.0,Moldova State University,MDA,9644.0,-0.087,low,643.0,-0.429,-0.221,2.618,-0.139,-0.872,-0.588,-0.658,-0.268,1.693
91900.0,Yantai Nanshan University,CHN,9644.0,2.429,significant,427.0,1.39,6.194,-1.794,3.247,-1.173,3.159,-1.413,-0.268,-1.186
77644.0,Lishui University,CHN,9646.0,0.11,medium,1126.0,1.179,0.183,-0.847,0.939,-1.013,-0.102,-1.11,-0.268,-0.297
7728.0,Tyumen State University,RUS,9648.0,0.602,medium,1998.0,0.623,0.305,2.638,0.213,-0.866,0.586,0.242,2.853,-0.426
91944.0,University of Bonab,IRN,9648.0,2.142,significant,945.0,-1.194,7.724,-0.857,0.56,-1.324,0.227,-0.108,-0.268,-0.649
97056.0,"CMR Institute of Technology, Bangalore",IND,9648.0,0.122,medium,1644.0,-0.392,-0.249,0.072,1.743,-1.386,-0.596,-1.205,-0.268,2.602
10388.0,University of Mazandaran,IRN,9653.0,0.338,medium,2991.0,-0.855,1.883,0.196,0.608,-1.214,-1.36,-1.413,-0.268,0.486
2724.0,"Universite Sorbonne Nouvelle, Paris",FRA,9653.0,-0.332,very low,1413.0,-0.21,0.098,0.285,-0.398,-1.16,-1.924,-1.413,-0.268,0.935
69.0,Universite Abou Bekr Belkaid Tlemcen,DZA,9655.0,0.249,medium,2601.0,0.674,0.925,0.263,0.519,-0.953,0.254,-1.11,-0.268,-0.801
91839.0,Universite de Bamenda,CMR,9659.0,0.005,medium,1386.0,2.057,-0.277,0.505,0.321,-0.35,0.039,-1.413,-0.268,-0.461
72.0,Universite Badji Mokhtar - Annaba,DZA,9659.0,0.837,medium,3220.0,0.182,2.465,0.816,0.542,-1.031,1.378,-1.413,-0.268,1.613
97074.0,Nitte Meenakshi Institute of Technology,IND,9659.0,-0.056,low,2742.0,-1.227,0.004,1.889,0.274,-1.321,-1.132,0.19,-0.268,0.928
91919.0,Middle Technical University,IRQ,9663.0,1.523,significant,3088.0,-0.849,0.465,0.581,7.964,-1.267,0.425,-1.175,-0.268,0.669
5872.0,Ecole Nationale d'Agriculture de Meknes,MAR,9665.0,0.497,medium,431.0,4.549,-0.071,0.674,0.061,-1.288,-2.455,2.91,-0.268,-1.186
67840.0,Hunan University of Arts and Science,CHN,9665.0,0.195,medium,1122.0,0.9,0.314,-1.13,1.131,-1.293,1.327,-1.413,-0.268,0.153
71676.0,"Hunan University of Humanities, Science and Technology",CHN,9668.0,0.11,medium,864.0,1.584,-0.597,-0.642,1.571,-1.12,0.318,-1.413,-0.268,1.131
3482.0,University of Jammu,IND,9671.0,0.0,low,3287.0,-0.642,-0.493,0.36,0.504,1.192,0.172,0.882,-0.268,-0.721
77760.0,Lingnan Normal University,CHN,9671.0,-0.235,low,1607.0,0.255,-0.456,-1.064,1.015,-1.174,-0.68,-1.413,-0.268,-0.25
86440.0,Shijiazhuang University,CHN,9675.0,-0.254,low,623.0,-0.906,-0.569,-1.637,2.138,-1.128,-1.089,-1.413,-0.268,-1.186
70682.0,Bannari Amman Institute of Technology,IND,9675.0,0.393,medium,3015.0,-1.596,-0.099,-0.546,3.717,-1.369,0.298,-0.604,-0.268,0.14
78734.0,"Islamic Azad University, Mashhad",IRN,9677.0,0.358,medium,2032.0,-1.103,1.779,-0.662,0.38,-0.959,1.601,-1.032,-0.268,-0.205
882.0,Universidade Regional Integrada do Alto Uruguai e das Missoes,BRA,9677.0,-0.331,very low,529.0,0.51,-0.381,0.511,-0.052,-1.126,-0.96,-1.413,-0.268,-0.215
27299.0,Institut Superieur de Gestion de Tunis,TUN,9677.0,0.292,medium,844.0,1.887,-0.315,-0.57,1.992,-1.315,-0.526,-1.413,-0.268,1.765
69214.0,Datta Meghe Institute of Higher Education and Research,IND,9677.0,2.655,significant,3963.0,-1.069,0.07,-1.034,12.149,-0.623,5.779,0.795,-0.268,1.039
15445.0,University of Portland,USA,9683.0,-0.429,very low,582.0,-1.292,-0.09,-1.182,-0.097,-0.858,0.598,-1.413,-0.268,-0.274
3494.0,Utkal University,IND,9686.0,0.828,medium,1276.0,-0.497,1.451,-0.795,2.116,0.483,4.317,-1.146,-0.268,-0.786
92607.0,Al-Mansour University College,IRQ,9688.0,1.741,significant,370.0,-0.984,-0.24,-0.489,9.055,-1.401,0.552,-0.491,-0.268,4.854
97807.0,Namangan Engineering and Technology Institute,UZB,9689.0,0.841,medium,477.0,-1.514,0.765,10.694,1.098,-1.401,-2.754,-1.413,-0.268,7.683
91854.0,Guangdong University of Finances and Economics,CHN,9689.0,0.022,medium,1774.0,-0.73,0.164,-1.529,1.869,-1.332,-0.005,-1.413,-0.268,-0.336
91858.0,Guangdong University of Finance,CHN,9689.0,-0.272,very low,700.0,-0.65,-0.353,-1.524,0.574,-1.262,0.858,-1.413,-0.268,0.965
10343.0,Alzahra University,IRN,9692.0,-0.025,low,2516.0,-1.208,0.934,0.008,0.015,-1.189,-0.285,-0.485,-0.268,-0.786
893.0,Universidade Tuiuti do Parana,BRA,9694.0,-0.075,low,295.0,1.856,-0.277,1.388,-0.191,-0.166,0.535,-1.413,-0.268,-1.186
7477.0,Novosibirsk State Technical University,RUS,9694.0,0.282,medium,3727.0,0.287,-0.259,3.501,0.786,-0.886,0.311,-1.413,-0.268,3.913
97087.0,Vallurupalli Nageswara Rao Vignana Jyothi Institute of Engineering & Technology,IND,9698.0,0.742,medium,2090.0,-1.057,1.639,1.498,1.829,-1.389,-0.972,-1.011,-0.268,3.225
94381.0,"Universidad Internacional Iberoamericana, Mexico",MEX,9698.0,3.599,significant,463.0,8.425,9.415,-1.961,1.373,-0.772,0.434,-1.413,-0.268,-1.186
8504.0,Kharkiv National Automobile and Highway University,UKR,9698.0,0.77,medium,654.0,-1.332,-0.014,2.971,2.251,1.458,0.836,-1.413,-0.268,7.246
71326.0,Sri Venkateswara College of Engineering,IND,9698.0,0.096,medium,1587.0,-1.143,-0.259,-1.058,2.22,-1.279,0.767,-1.413,-0.268,1.804
15266.0,Troy University,USA,9705.0,-0.454,very low,607.0,-1.005,-0.137,-0.4,0.057,-1.201,-0.334,-1.413,-0.268,-1.186
90770.0,Heilongjiang Institute of Technology,CHN,9705.0,0.203,medium,522.0,1.307,0.173,-1.737,0.856,-1.261,0.224,-1.413,-0.268,3.113
7516.0,Perm National Research Polytechnic University,RUS,9705.0,1.001,medium,2509.0,-1.037,-0.155,6.057,1.453,-1.227,-0.115,-1.413,5.775,3.779
7517.0,Perm State University,RUS,9705.0,0.212,medium,2068.0,-0.372,0.23,5.424,-0.065,-1.213,-0.192,-1.21,-0.268,2.815
1536.0,Shaoguan University,CHN,9705.0,-0.162,low,1308.0,2.756,-0.7,-1.149,0.094,-0.993,0.228,-1.413,-0.268,0.344
8618.0,West Ukrainian National University,UKR,9712.0,1.021,medium,1022.0,-0.557,0.211,5.775,5.128,-0.997,-0.469,-1.413,-0.268,-1.186
8335.0,Universite de Tunis,TUN,9714.0,0.377,medium,2933.0,3.709,0.145,-0.208,0.755,-1.111,-0.017,-1.297,-0.268,0.699
81248.0,Yuri Gagarin State Technical University of Saratov,RUS,9714.0,0.387,medium,1178.0,-0.556,-0.362,2.579,1.938,-0.824,-0.327,-1.413,-0.268,5.209
7737.0,Tomsk State University of Control Systems and Radioelectronics,RUS,9716.0,0.279,medium,1775.0,1.388,-0.334,2.81,0.72,-1.209,-2.145,-0.164,-0.268,3.337
7512.0,EA Wagner Perm State Medical University,RUS,9716.0,-0.127,low,972.0,-1.597,0.079,1.945,-0.438,-0.302,2.174,-1.413,-0.268,1.477
77640.0,Pune Institute of Computer Technology,IND,9718.0,0.07,medium,546.0,-0.707,-0.127,-0.889,2.803,-1.401,-2.637,-1.413,-0.268,0.65
97719.0,Bengbu University,CHN,9718.0,-0.142,low,510.0,1.013,-0.315,-1.304,0.889,-1.211,0.525,-1.413,-0.268,-1.186
91957.0,Orel State University,RUS,9718.0,0.434,medium,962.0,-0.075,-0.221,2.436,2.985,-1.199,-0.563,-1.413,-0.268,0.905
9671.0,Fiji National University,FJI,9721.0,-0.092,low,825.0,0.64,-0.306,-0.622,0.404,-0.283,0.412,-1.413,-0.268,0.95
1756.0,National Taichung University of Education,TWN,9721.0,-0.336,very low,505.0,0.745,-0.437,0.397,-0.545,-1.112,-2.054,0.042,-0.268,-0.187
5663.0,Universidad de Ciencias y Artes de Chiapas,MEX,9725.0,-0.247,low,502.0,-0.31,-0.259,0.305,-0.441,-0.821,2.054,-1.413,-0.268,0.821
15002.0,Radford University,USA,9726.0,-0.547,very low,563.0,-0.941,-0.09,-1.164,-0.452,-0.754,-0.241,-1.413,-0.268,-1.186
3096.0,Ghana Institute of Management and Public Administration,GHA,9731.0,-0.548,very low,537.0,-0.572,-0.343,-1.232,0.038,-1.084,-1.049,-1.413,-0.268,-1.186
91999.0,SEGi University,MYS,9731.0,0.9,medium,958.0,0.219,1.451,-1.097,3.49,-1.097,1.125,-1.413,-0.268,-0.667
3440.0,Saurashtra University,IND,9735.0,-0.31,very low,595.0,-1.093,-0.493,1.966,0.421,-0.462,-0.537,-1.413,-0.268,-0.341
72964.0,"Jawaharlal Nehru Technological University, Anantapur",IND,9735.0,0.556,medium,1342.0,-1.093,0.568,-1.17,3.542,-1.347,-0.185,-1.413,-0.268,1.79
13097.0,Azusa Pacific University,USA,9737.0,-0.338,very low,513.0,-0.635,-0.014,-1.432,-0.342,-0.502,1.393,-1.413,-0.268,-0.13
78787.0,Rajamangala University of Technology Lanna,THA,9737.0,-0.267,very low,649.0,-1.097,-0.306,0.74,0.501,-0.877,0.604,-1.413,-0.268,-0.413
2586.0,Grenoble Ecole de Management,FRA,9739.0,-0.319,very low,695.0,1.372,-0.071,-1.091,-0.545,-0.667,-0.966,-1.413,-0.268,-0.436
3235.0,Sant Gadge Baba Amravati University,IND,9740.0,0.465,medium,591.0,0.222,-0.296,-0.909,1.842,-1.195,2.567,1.806,-0.268,-0.274
66683.0,"ISS Academy of Technical Education, Noida",IND,9740.0,0.14,medium,797.0,-0.276,-0.381,0.842,1.225,-1.34,-1.34,-0.886,-0.268,4.887
7256.0,Kazan State Power Engineering University,RUS,9742.0,0.912,medium,1533.0,-0.296,-0.55,7.72,2.453,-1.338,-1.01,-0.882,-0.268,9.238
989.0,Universite de Ngaoundere,CMR,9742.0,0.32,medium,1376.0,0.995,0.568,1.119,0.973,-1.136,-0.326,-1.413,-0.268,0.811
69339.0,Coimbatore Institute of Technology,IND,9742.0,0.007,medium,979.0,-1.216,-0.362,-0.238,1.856,-1.327,0.363,-1.413,-0.268,1.876
96304.0,Aliah University,IND,9746.0,-0.217,low,1210.0,-1.023,-0.447,2.277,0.577,-1.301,-1.076,-1.012,-0.268,0.734
9006.0,Taiz University,YEM,9746.0,0.884,medium,1259.0,4.741,0.108,-0.984,1.903,-0.514,2.789,-0.809,-0.268,0.799
13640.0,Indiana State University,USA,9749.0,-0.421,very low,980.0,-0.553,-0.165,-0.702,-0.279,-0.98,0.485,-1.413,-0.268,-0.639
92618.0,Erbil Polytechnic University,IRQ,9753.0,1.778,significant,904.0,2.138,3.911,-0.93,2.055,-0.756,2.73,-0.978,-0.268,1.034
91286.0,Leshan Normal University,CHN,9754.0,0.064,medium,887.0,-0.166,0.061,-0.713,0.809,-1.209,-0.053,-1.413,-0.268,3.344
5120.0,University of Benghazi,LBY,9757.0,-0.05,low,923.0,0.676,0.389,-0.718,-0.092,-0.349,0.754,-1.413,-0.268,-0.644
96299.0,Karpagam College of Engineering,IND,9757.0,0.63,medium,1155.0,-1.439,0.333,-0.97,3.887,-1.254,0.651,-1.118,-0.268,2.274
71270.0,University of Technology and Applied Sciences,OMN,9757.0,0.238,medium,2667.0,-0.348,0.671,-0.235,1.57,-1.246,-0.635,-1.261,-0.268,0.332
56181.0,Ardakan University,IRN,9761.0,-0.547,very low,469.0,-0.15,-0.587,0.131,-0.434,-1.349,-1.78,-1.413,-0.268,0.977
5617.0,Universidad Autonoma de Baja California Sur,MEX,9762.0,-0.35,very low,564.0,-1.119,-0.212,0.083,-0.175,-0.282,1.952,-1.413,-0.268,-1.186
80618.0,Aja University of Medical Sciences,IRN,9762.0,-0.306,very low,1524.0,0.139,-0.362,-1.072,0.62,-1.178,-0.242,-1.413,-0.268,-0.856
92459.0,Ibn Sina National College for Medical Studies,SAU,9762.0,10.52,significant,320.0,1.412,34.999,-1.142,1.087,-0.339,-0.739,-1.413,-0.268,-1.186
98566.0,Sichuan Tourism University,CHN,9765.0,0.406,medium,520.0,1.896,1.188,-1.156,0.761,-1.261,1.129,-1.413,-0.268,-1.186
72561.0,"Indian Institute of Management, Indore",IND,9765.0,-0.594,very low,697.0,-1.416,-0.146,-1.566,-0.395,-1.052,0.585,-1.413,-0.268,-1.186
1233.0,Beijing International Studies University,CHN,9765.0,-0.135,low,510.0,-0.971,0.54,-1.516,0.889,-1.163,-1.306,-1.413,-0.268,-0.195
90169.0,TED University,TUR,9768.0,-0.387,very low,727.0,-0.608,-0.221,-0.583,0.245,-1.067,-0.676,-1.413,-0.268,-0.486
84494.0,Zhejiang University of Water Resources and Electric Power,CHN,9770.0,-0.315,very low,1382.0,0.368,-0.719,-0.841,0.173,-1.225,-0.669,-0.824,-0.268,1.514
98491.0,Sivas University of Science and Technology,TUR,9770.0,-0.483,very low,525.0,-1.067,-0.512,2.38,-0.147,-1.216,-1.433,-1.413,-0.268,-0.222
175.0,Universidad Nacional de la Patagonia San Juan Bosco,ARG,9774.0,-0.336,very low,965.0,-0.223,-0.23,1.16,-0.437,-0.571,0.303,-1.413,-0.268,-0.664
4046.0,University of Birjand,IRN,9776.0,0.621,medium,2028.0,0.685,2.596,0.191,-0.056,-1.257,-0.527,-1.238,-0.268,0.297
96977.0,Bule Hora University,ETH,9776.0,0.054,medium,606.0,-0.633,-0.597,-0.394,1.265,-1.281,-2.015,-1.413,-0.268,7.922
8330.0,Universite de La Manouba,TUN,9778.0,0.191,medium,2658.0,3.417,-0.249,-0.19,0.595,-1.045,-0.014,-0.939,-0.268,-0.237
98325.0,Lloyd Institute of Management & Technology,IND,9779.0,2.829,significant,309.0,-0.615,9.922,-0.758,-0.038,-1.401,0.324,-1.413,-0.268,3.637
7823.0,Voronezh State Forestry University named after GF Morozov,RUS,9779.0,0.601,medium,660.0,0.046,0.324,4.587,1.196,-1.364,0.848,-1.413,-0.268,4.502
92372.0,Dar Al Uloom University,SAU,9779.0,0.748,medium,469.0,2.088,0.136,-1.582,3.242,-0.314,2.379,-1.413,-0.268,-0.123
98634.0,Great Bay University,CHN,9779.0,-0.202,low,427.0,2.151,-0.616,-0.016,-0.545,-0.605,-0.673,0.277,-0.268,-1.186
1235.0,Beijing Language and Culture University,CHN,9783.0,-0.049,low,1132.0,-0.658,0.267,0.428,0.239,-1.101,-1.025,-0.289,-0.268,0.582
3429.0,Avinashilingam Institute for Home Science & Higher Education for Women,IND,9784.0,-0.012,low,739.0,-0.611,-0.296,0.011,1.434,-1.072,0.589,-1.413,-0.268,0.863
92655.0,Dijlah University College,IRQ,9784.0,1.795,significant,637.0,2.447,3.545,-0.952,3.719,-0.639,-3.25,-0.466,-0.268,1.171
5876.0,Ecole Nationale Superieure des Mines de Rabat,MAR,9786.0,-0.423,very low,377.0,1.486,-0.334,-0.164,0.009,-1.143,-4.928,-1.413,-0.268,0.143
4015.0,Persian Gulf University,IRN,9786.0,-0.3,very low,1830.0,-0.668,-0.324,-0.175,-0.06,-1.348,0.469,-0.474,-0.268,0.051
90701.0,Hubei Engineering University,CHN,9786.0,0.236,medium,1224.0,1.897,-0.071,0.491,1.119,-1.282,0.104,-0.974,-0.268,0.039
97075.0,"National Institute of Technology, Agartala",IND,9786.0,-0.223,low,2380.0,-1.492,-0.146,1.012,0.574,-1.319,-1.222,-1.259,-0.268,1.69
4294.0,Fukuoka Institute of Technology,JPN,9786.0,2.868,significant,1189.0,-1.429,-0.569,2.74,2.838,-0.319,-0.034,2.946,-0.268,44.533
80198.0,Aleksander Moisiu University,ALB,9786.0,6.964,significant,410.0,-1.706,13.679,1.367,7.609,-1.223,-0.025,-1.413,-0.268,33.426
11193.0,Kazakh British Technical University,KAZ,9786.0,0.373,medium,787.0,4.331,-0.324,1.426,-0.014,-0.29,-1.488,-0.146,-0.268,1.986
97159.0,Deenbandhu Chhotu Ram University of Science and Technology,IND,9793.0,-0.051,low,1716.0,-1.078,-0.512,2.973,1.22,-1.372,-1.153,-1.008,-0.268,1.442
98834.0,Rajamangala University of Technology Phra Nakhon,THA,9795.0,-0.341,very low,413.0,-0.86,-0.371,-0.776,0.719,-1.283,-0.352,-1.413,-0.268,0.031
1266.0,Chengdu Sport University,CHN,9795.0,0.091,medium,565.0,-0.236,-0.334,-1.091,3.061,-1.229,-1.08,-1.413,-0.268,-1.186
15352.0,Weber State University,USA,9797.0,-0.336,very low,705.0,-1.013,-0.071,-1.1,-0.471,-0.712,1.351,-1.413,-0.268,1.437
92779.0,Aqaba University of Technology,JOR,9797.0,0.676,medium,328.0,0.914,-0.39,-0.447,3.914,-1.327,2.399,-1.413,-0.268,1.107
644.0,"Instituto Federal de Educacao, Ciencia e Tecnologia do Maranhao",BRA,9797.0,-0.342,very low,876.0,2.293,-0.456,-0.153,-0.128,-0.93,-2.553,-1.413,-0.268,-1.186
8916.0,Universidad del Zulia,VEN,9800.0,3.389,significant,987.0,1.02,-0.061,-0.791,2.101,-0.442,1.59,-1.413,30.129,-0.078
72109.0,Universidade Evangelica de Goias,BRA,9803.0,-0.003,low,509.0,4.504,-0.418,-0.364,-0.34,-0.447,0.154,-1.413,-0.268,-1.186
7809.0,Volgograd State Medical University,RUS,9803.0,0.66,medium,1326.0,-1.235,0.915,0.082,0.755,0.155,4.356,-1.096,-0.268,5.304
589.0,Universite d Abomey Calavi,BEN,9806.0,-0.126,low,2805.0,0.822,-0.418,0.558,0.051,-0.241,0.838,-1.001,-0.268,-0.471
98831.0,Rajamangala University of Technology Rattanakosin,THA,9806.0,0.294,medium,516.0,-0.109,-0.353,-1.031,2.897,-0.977,1.245,-1.413,-0.268,0.746
364.0,Baku State University,AZE,9808.0,0.543,medium,1768.0,0.843,0.427,-0.028,0.932,-0.756,3.371,-1.413,-0.268,3.662
77758.0,Taiyuan Normal University,CHN,9808.0,-0.217,low,1081.0,0.31,-0.522,-0.134,0.856,-1.109,0.544,-1.413,-0.268,-1.186
1665.0,Zhaoqing University,CHN,9810.0,-0.273,very low,1229.0,0.489,-0.484,-1.479,0.56,-1.302,-0.272,-1.413,-0.268,0.642
7022.0,Belgorod State University,RUS,9811.0,0.931,medium,3138.0,0.612,0.295,3.6,2.967,-0.666,-0.707,-0.464,-0.268,2.997
84917.0,Universidade Federal do Sul e Sudeste do Para,BRA,9811.0,-0.261,low,724.0,0.398,-0.343,0.121,-0.184,-0.361,0.881,-1.413,-0.268,-0.493
35918.0,State University of West Georgia,USA,9813.0,-0.59,very low,772.0,-1.408,-0.033,-1.061,-0.207,-1.244,-1.107,-1.413,-0.268,-1.186
97138.0,"Indian Institute of Management, Ranchi",IND,9815.0,-0.514,very low,702.0,-1.472,-0.052,-0.559,-0.322,-1.332,-0.647,-0.74,-0.268,-1.186
92541.0,Faculte des Sciences et Techniques de Tanger,MAR,9816.0,-0.067,low,409.0,-0.668,-0.493,-0.137,2.265,-0.748,-0.659,-1.413,-0.268,-1.186
84849.0,Vyatka State University,RUS,9817.0,0.521,medium,1507.0,-0.941,-0.052,5.029,1.951,-1.256,-1.37,-0.36,-0.268,3.67
12793.0,Agricultural University of Plovdiv,BGR,9817.0,0.263,medium,501.0,0.291,0.897,0.207,0.81,-1.159,0.555,-1.413,-0.268,-0.187
13430.0,Drake University,USA,9819.0,-0.528,very low,608.0,-1.335,-0.099,-0.287,-0.545,-0.722,0.45,-1.413,-0.268,-1.186
10313.0,Hawler Medical University,IRQ,9819.0,1.287,significant,1105.0,1.937,-0.287,-0.059,5.175,-0.632,2.304,1.496,-0.268,-1.186
26401.0,Puducherry Technological University,IND,9822.0,0.03,medium,1041.0,-1.444,-0.343,-0.663,2.466,-1.378,-0.12,-1.413,-0.268,1.216
5112.0,National University of Lesotho,LSO,9822.0,-0.245,low,477.0,0.738,-0.174,-1.059,-0.107,-0.892,1.599,-1.413,-0.268,-1.186
7580.0,Rostov State Transport University,RUS,9822.0,0.645,medium,874.0,-0.585,-0.587,6.693,2.802,-1.373,-0.433,-1.413,-0.268,4.872
12517.0,Odessa National Medical University,UKR,9826.0,0.807,medium,754.0,-1.712,0.089,1.443,4.651,-0.757,2.156,-1.413,-0.268,0.953
941.0,Universite Joseph Ki-Zerbo,BFA,9826.0,-0.149,low,1483.0,0.463,-0.146,0.308,0.018,-0.255,0.707,-1.413,-0.268,-0.503
7555.0,Russian State Hydrometeorological University,RUS,9826.0,0.445,medium,570.0,-0.075,-0.4,4.876,0.921,-1.145,-1.44,-1.413,-0.268,8.836
7650.0,Saratov State Medical University,RUS,9829.0,0.022,medium,1151.0,0.158,-0.024,0.997,-0.409,-0.03,1.686,-1.413,-0.268,2.607
97090.0,ISF College of Pharmacy,IND,9829.0,-0.238,low,1023.0,0.37,-0.343,0.346,-0.29,-1.353,-2.122,1.037,-0.268,-0.692
79230.0,Universidad Autonoma del Peru,PER,9831.0,0.707,medium,548.0,-1.19,-0.155,4.325,2.696,-1.268,-0.425,1.292,-0.268,1.986
98150.0,Agricultural Sciences and Natural Resources University of Khuzestan,IRN,9833.0,-0.301,very low,739.0,-1.287,-0.343,3.281,-0.404,-1.302,-1.36,-0.011,-0.268,0.17
170.0,Universidad Nacional de General Sarmiento,ARG,9836.0,-0.122,low,557.0,1.716,-0.043,-0.512,-0.545,-1.401,0.223,-1.413,-0.268,1.621
4130.0,Sami Shamoon College of Engineering,ISR,9836.0,-0.103,low,630.0,-0.182,-0.428,1.735,-0.462,-1.208,-0.812,-1.413,-0.268,6.364
12496.0,National Technical University - Kharkiv Polytechnic Institute,UKR,9836.0,0.177,medium,2722.0,-1.282,-0.071,6.436,0.203,-0.429,-0.811,-1.413,-0.268,3.888
84938.0,Universidad Nacional de Moquegua,PER,9836.0,0.981,medium,343.0,-0.553,1.864,0.988,2.805,-0.127,2.004,-1.413,-0.268,-1.186
98323.0,"Eastern Institute of Technology, Ningbo",CHN,9840.0,0.362,medium,765.0,5.733,-0.55,-0.013,-0.409,-0.385,-2.261,2.549,-0.268,-1.186
59304.0,"State University of New York, College at Brockport",USA,9841.0,-0.404,very low,761.0,-1.172,-0.09,-0.327,-0.545,-0.891,0.736,-1.413,-0.268,0.836
4076.0,University of Thi-Qar,IRQ,9841.0,2.055,significant,2044.0,-0.245,0.061,1.835,10.444,-1.199,0.065,-1.413,-0.268,2.112
97054.0,"CMR Group of Institutions, Bangalore",IND,9841.0,0.028,medium,2012.0,-0.617,-0.24,-0.079,1.61,-1.389,-0.625,-1.244,-0.268,1.916
93973.0,Technological Institute of the Philippines,PHL,9845.0,0.088,medium,398.0,-0.039,-0.146,-0.527,1.817,-1.035,-0.946,-1.413,-0.268,1.323
98892.0,Cooch Behar Panchanan Barma University,IND,9846.0,-0.142,low,370.0,-0.883,0.333,1.162,0.16,-1.335,-0.347,-1.413,-0.268,0.178
99089.0,Northeastern University London,GBR,9846.0,-0.328,very low,266.0,0.567,-0.108,-1.596,-0.545,-0.853,2.133,-1.413,-0.268,-1.186
80571.0,LNM Institute of Information Technology,IND,9852.0,2.867,significant,684.0,-1.006,10.27,-0.155,0.6,-1.401,-1.13,-1.413,-0.268,1.377
83.0,Universite de Batna,DZA,9855.0,-0.288,very low,708.0,0.819,-0.362,-0.69,-0.177,-1.161,-0.238,-1.413,-0.268,0.933
96361.0,Tyumen State Medical University,RUS,9859.0,0.014,medium,743.0,-1.021,0.192,-0.719,0.228,-0.192,2.991,-1.413,-0.268,1.536
77725.0,Hanshan Normal University,CHN,9860.0,-0.2,low,928.0,2.211,-0.625,-1.083,0.524,-1.165,-0.51,-1.413,-0.268,-0.647
6175.0,University of Maiduguri,NGA,9863.0,0.094,medium,1034.0,1.386,-0.165,-1.286,0.213,-0.156,4.756,-1.413,-0.268,-0.699
3382.0,Manipur University,IND,9863.0,-0.15,low,870.0,-1.024,-0.353,0.94,1.436,-1.289,-0.844,-1.413,-0.268,-0.029
4040.0,University of Sistan and Baluchestan,IRN,9863.0,-0.102,low,2080.0,-1.059,0.774,-0.2,-0.043,-1.296,0.933,-1.413,-0.268,-0.463
95212.0,University of Warith Al-Anbiyaa,IRQ,9863.0,1.4,significant,1414.0,3.367,1.817,1.461,0.674,-1.023,-0.666,3.662,-0.268,1.116
4027.0,Semnan University of Medical Sciences,IRN,9863.0,-0.187,low,2245.0,-0.253,-0.137,-1.363,0.06,-0.644,3.909,-1.413,-0.268,-1.186
91853.0,Sichuan University of Arts and Science,CHN,9869.0,-0.186,low,454.0,0.924,-0.127,-1.562,0.95,-1.294,-1.207,-1.413,-0.268,-1.186
77626.0,BMS College of Engineering,IND,9869.0,-0.205,low,1769.0,-0.719,-0.381,0.089,0.872,-1.319,0.48,-1.124,-0.268,-0.334
94372.0,Universidade Federal do Agreste de Pernambuco,BRA,9872.0,0.124,medium,665.0,-0.175,1.084,0.409,0.24,-0.78,0.291,-1.413,-0.268,-1.186
98825.0,Shandong Sport University,CHN,9872.0,0.512,medium,367.0,-0.092,-0.512,-1.081,5.433,-1.136,-1.467,-1.413,-0.268,-1.186
81023.0,Northern State Medical University,RUS,9874.0,0.233,medium,675.0,1.54,0.023,0.632,-0.468,0.685,3.644,-0.752,-0.268,0.386
92345.0,University of Business and Technology,SAU,9874.0,0.834,medium,1235.0,3.402,-0.409,1.014,2.077,-1.106,-1.006,1.997,-0.268,1.653
13740.0,Lewis & Clark College,USA,9874.0,-0.539,very low,430.0,-0.986,-0.043,-0.911,-0.545,-0.893,-0.021,-1.413,-0.268,-1.186
5836.0,Technical University of Moldova,MDA,9877.0,0.165,medium,604.0,0.178,0.098,3.53,0.406,-0.918,0.187,-1.413,-0.268,1.298
97966.0,Jilin Agricultural Science and Technology University,CHN,9878.0,0.237,medium,916.0,0.749,-0.108,-1.013,2.078,-1.215,1.529,-0.998,-0.268,-1.186
6887.0,Universitatea 1 Decembrie 1918 din Alba Iulia,ROU,9879.0,-0.016,low,577.0,-0.009,-0.381,-0.478,0.541,-0.77,2.125,-0.776,-0.268,1.025
818.0,Universidade Estadual do Vale do Acarau,BRA,9879.0,-0.02,low,537.0,1.382,-0.315,2.533,-0.156,-0.361,-2.814,0.859,-0.268,-1.186
72568.0,"Indian Institute of Management, Kozhikode",IND,9881.0,-0.474,very low,669.0,-1.268,-0.08,-1.584,-0.077,-1.22,1.192,-1.413,-0.268,-1.186
98613.0,Institute of Disaster Prevention,CHN,9883.0,-0.322,very low,1156.0,-0.153,-0.447,0.404,0.268,-1.191,0.801,-1.413,-0.268,-1.186
1332.0,Guangzhou College of Commerce,CHN,9886.0,0.711,medium,489.0,-0.423,2.042,-0.845,1.805,-1.401,1.36,-1.413,-0.268,-0.163
55969.0,Yasouj University,IRN,9886.0,-0.289,very low,1637.0,-1.286,0.183,-0.252,-0.162,-1.253,-0.356,-0.491,-0.268,-0.267
97224.0,Aditya University,IND,9889.0,0.127,medium,1115.0,-0.797,-0.475,0.481,1.891,-1.314,-1.159,-0.354,-0.268,2.649
78641.0,"Lincoln University College, Kuala Lumpur",MYS,9889.0,0.734,medium,1253.0,-0.632,1.028,-0.885,2.957,-1.285,-0.797,0.514,-0.268,0.431
92349.0,"Arab Open University, Saudi Arabia Branch",SAU,9892.0,1.631,significant,336.0,10.665,-0.315,-1.128,4.741,-1.184,-0.412,-1.413,-0.268,0.297
1415.0,Jiaying University,CHN,9893.0,0.023,medium,1039.0,1.166,-0.493,-0.891,0.561,-1.167,0.406,-1.413,-0.268,3.853
26226.0,Harcourt Butler Technical University,IND,9893.0,0.281,medium,1034.0,-1.115,1.779,-0.894,0.111,-1.33,0.156,-0.728,-0.268,0.791
97190.0,All India Institute of Speech and Hearing,IND,9896.0,-0.553,very low,425.0,-1.123,-0.428,2.749,-0.545,-1.229,-2.228,-1.413,-0.268,-0.004
96373.0,South Ural State Medical University,RUS,9896.0,0.176,medium,765.0,-1.159,0.07,2.843,-0.204,0.948,3.012,-1.413,-0.268,2.798
12146.0,Yugra State University,RUS,9896.0,0.405,medium,500.0,0.67,-0.118,1.207,2.38,0.056,1.232,-1.413,-0.268,-1.186
92615.0,Al-Iraqia University,IRQ,9899.0,1.656,significant,938.0,-0.43,1.009,-0.408,7.53,-1.246,1.338,-1.413,-0.268,1.482
70620.0,Dhirubhai Ambani Institute of Information and Communication Technology,IND,9899.0,-0.291,very low,755.0,-1.001,-0.24,0.051,0.216,-1.24,-0.46,-0.944,-0.268,0.838
97086.0,SRM Easwari Engineering College,IND,9899.0,0.508,medium,1451.0,-1.226,1.16,0.121,2.515,-1.351,-1.896,-1.413,-0.268,2.08
88958.0,Hung Yen University of Technology and Education,VNM,9903.0,-0.125,low,501.0,0.74,-0.616,0.323,0.81,-1.11,0.817,-1.413,-0.268,-0.192
93238.0,Graduate University of Advanced Technology,IRN,9903.0,-0.005,low,1612.0,-1.239,1.028,-0.343,-0.059,-1.25,-1.344,0.402,-0.268,-0.875
97193.0,St Joseph's College of Engineering,IND,9903.0,0.202,medium,1828.0,-1.083,-0.202,-0.772,2.455,-1.321,0.041,-0.408,-0.268,1.005
4239.0,Aichi Center for Industry and Science Technology,JPN,9903.0,-0.009,low,753.0,-0.684,-0.212,1.22,-0.268,-0.659,1.132,-0.96,-0.268,4.288
7822.0,Voronezh State Medical University named after NN Burdenko,RUS,9911.0,0.165,medium,787.0,-0.971,-0.043,3.251,0.119,-0.352,2.059,-1.413,-0.268,3.431
98960.0,"Institute of Engineering and Technology, Lucknow",IND,9911.0,0.681,medium,912.0,1.61,2.117,-0.371,1.058,-1.374,-1.351,-1.413,-0.268,-0.076
91942.0,Torbat Heydarieh University of Medical Sciences,IRN,9915.0,-0.076,low,723.0,0.228,0.258,-0.626,0.177,-0.998,0.566,-1.413,-0.268,0.198
81.0,Universite Djillali Liabes de Sidi Bel Abbes,DZA,9917.0,0.466,medium,2745.0,2.65,0.126,1.057,0.482,-1.233,-0.528,0.604,-0.268,1.362
80240.0,Technical University of Kenya,KEN,9917.0,-0.271,very low,610.0,0.998,-0.428,-0.351,-0.374,-0.486,0.36,-1.413,-0.268,0.491
90991.0,Hechi University,CHN,9917.0,3.381,significant,618.0,2.296,8.974,-0.655,4.019,-1.244,-1.244,-1.413,-0.268,-0.379
77246.0,Penza State University,RUS,9921.0,0.248,medium,1568.0,-1.302,-0.118,4.154,1.32,-1.029,-1.166,-1.413,-0.268,4.4
97144.0,M Kumarasamy College of Engineering,IND,9921.0,0.395,medium,1653.0,-1.594,0.258,0.354,3.311,-1.328,-0.738,-1.413,-0.268,1.377
13771.0,Loyola University Maryland,USA,9923.0,-0.546,very low,717.0,-0.974,-0.099,-1.03,-0.545,-1.062,-0.319,-1.413,-0.268,-0.431
98361.0,Scuola Superiore Meridionale,ITA,9923.0,0.879,medium,893.0,7.112,-0.437,1.196,-0.545,3.819,-0.651,1.628,-0.268,1.079
84858.0,Kuban State Technological University,RUS,9923.0,0.708,medium,806.0,-0.201,-0.184,2.841,3.214,-1.311,0.539,-1.413,-0.268,4.092
78415.0,Electronic Engineering Institute of the PLA,CHN,9926.0,1.105,significant,793.0,10.24,-0.484,0.386,0.772,-1.248,-0.002,1.383,-0.268,0.073
7676.0,Siberian State Industrial University,RUS,9926.0,2.432,significant,700.0,-0.24,-0.221,5.536,4.306,-1.366,0.374,2.054,-0.268,25.108
41.0,Universite Yahia Fares de Medea,DZA,9926.0,0.002,medium,918.0,1.207,-0.418,1.916,0.137,-1.057,-0.661,-0.541,-0.268,1.007
84854.0,Wuhan Donghu University,CHN,9930.0,0.394,medium,986.0,-1.043,0.549,-1.497,2.74,-1.352,0.316,-0.522,-0.268,-0.175
91923.0,Almaty University of Power Engineering and Telecommunications,KAZ,9930.0,0.178,medium,676.0,-0.904,-0.061,3.785,0.691,-0.826,0.157,-1.413,-0.268,3.223
7749.0,Udmurt State University,RUS,9930.0,1.474,significant,618.0,-1.505,0.202,6.432,1.061,-1.204,-0.065,-1.413,8.084,8.538
72548.0,Indian Institute of Management Calcutta,IND,9936.0,-0.705,very low,454.0,-1.361,-0.061,-1.844,-0.43,-1.134,-1.768,-1.413,-0.268,-1.186
96987.0,Ho Technical University,GHA,9936.0,-0.425,very low,427.0,1.361,-0.428,-0.261,-0.301,-1.23,-1.416,-1.413,-0.268,-1.186
10258.0,Odisha University of Technology and Research,IND,9941.0,-0.168,low,846.0,-1.4,0.126,0.451,0.751,-1.315,-0.275,-0.731,-0.268,-1.186
96908.0,"Cihan University, Sulaimaniya",IRQ,9941.0,0.232,medium,250.0,3.869,-0.634,-1.534,0.708,0.541,3.426,-1.413,-0.268,-1.186
26482.0,Institute for Advanced Studies in Basic Sciences,IRN,9941.0,0.06,medium,1457.0,0.075,1.056,-0.472,-0.366,-0.951,1.804,-1.413,-0.268,-0.841
97135.0,Rajalakshmi Institute of Technology,IND,9948.0,0.612,medium,1332.0,-1.481,0.69,-0.663,3.847,-1.273,-1.923,-1.157,-0.268,2.376
2254.0,Universidad Estatal Peninsula de Santa Elena,ECU,9950.0,0.989,medium,443.0,2.148,-0.39,2.152,5.469,-0.962,-0.694,-1.413,-0.268,-1.186
97140.0,Pimpri Chinchwad College of Engineering,IND,9952.0,0.689,medium,1394.0,-0.341,0.202,0.697,2.94,-1.262,-0.364,0.243,-0.268,2.465
90.0,Universite Saad Dahlab de Blida,DZA,9952.0,-0.297,very low,1990.0,0.658,-0.334,0.52,-0.23,-1.096,-0.361,-1.215,-0.268,-0.433
3945.0,Allameh Tabatabai University,IRN,9952.0,0.414,medium,1755.0,-1.465,2.258,-0.886,0.11,-1.179,1.436,-1.219,-0.268,0.823
97071.0,Panimalar Engineering College,IND,9955.0,0.877,medium,2974.0,-1.463,1.197,-0.205,3.495,-1.319,1.683,-0.826,-0.268,1.325
473.0,Belarusian National Technical University,BLR,9958.0,2.099,significant,568.0,-1.322,-0.137,2.404,-0.178,-1.23,2.734,-1.413,20.936,3.195
67045.0,Zunyi Normal University,CHN,9960.0,-0.238,low,835.0,0.895,-0.625,-1.062,0.456,-1.052,0.832,-1.413,-0.268,0.014
57909.0,"Islamic Azad University, Shahr-e-Qods Branch",IRN,9960.0,0.238,medium,585.0,-1.102,1.789,-0.967,0.258,-1.276,-1.425,-1.413,-0.268,2.234
926.0,Technical University of Varna,BGR,9962.0,0.212,medium,854.0,-1.77,0.108,3.492,2.391,-1.372,-2.332,-1.413,-0.268,1.151
96376.0,Ryazan State Medical University,RUS,9964.0,0.16,medium,940.0,-1.416,-0.014,3.576,0.01,-0.264,1.307,-0.073,-0.268,2.145
7440.0,Russian University of Transport,RUS,9965.0,0.975,medium,1412.0,-0.775,-0.268,5.736,3.931,-1.16,-0.723,-0.911,-0.268,5.44
80393.0,Federal University of Petroleum Resource Effurun,NGA,9965.0,0.049,medium,524.0,0.937,-0.08,-0.111,0.551,-0.938,0.104,-1.413,-0.268,1.698
96227.0,ABES Engineering College,IND,9967.0,0.727,medium,1421.0,-0.527,0.38,-0.239,2.726,-1.128,1.51,-0.877,-0.268,4.556
7409.0,Russian Biotechnological University,RUS,9968.0,0.201,medium,801.0,-0.222,-0.221,2.105,1.476,-0.916,0.705,-1.413,-0.268,1.347
80573.0,Mepco Schlenk Engineering College,IND,9968.0,0.351,medium,1547.0,-1.368,0.943,-0.235,1.616,-1.26,0.617,-1.413,-0.268,1.881
3478.0,"University of Agricultural Sciences, Dharwad",IND,9968.0,-0.334,very low,426.0,-1.594,-0.24,-0.749,0.436,-0.717,2.22,-1.413,-0.268,-1.186
6829.0,Instituto Politecnico de Portalegre,PRT,9968.0,0.374,medium,706.0,5.746,-0.503,0.538,0.194,-0.919,-1.32,0.111,-0.268,0.245
7812.0,Volgograd State University,RUS,9973.0,1.154,significant,1567.0,0.532,0.117,8.439,4.422,-1.355,-2.26,-0.718,-0.268,0.769
91856.0,Dalian Neusoft University of Information,CHN,9973.0,0.946,medium,791.0,-0.738,2.061,-1.692,3.681,-1.278,-0.425,-1.413,-0.268,0.071
76.0,Universite Mohamed Boudiaf - M'sila,DZA,9977.0,-0.064,low,2128.0,1.119,-0.324,2.017,0.289,-1.059,-1.061,-1.043,-0.268,-0.011
97236.0,SR Gudlavalleru Engineering College,IND,9977.0,0.459,medium,594.0,-1.555,0.821,-0.864,3.412,-1.36,-2.039,-1.413,-0.268,1.34
92657.0,University of Raparin,IRQ,9977.0,0.476,medium,648.0,2.105,0.333,-0.25,1.067,-1.251,1.451,0.025,-0.268,-0.413
59349.0,University of Maryland Eastern Shore,USA,9982.0,0.237,medium,566.0,5.721,-0.334,-0.67,0.193,-0.157,-1.427,-1.413,-0.268,0.145
92002.0,Polzunov Altai State Technical University,RUS,9982.0,0.509,medium,580.0,-0.881,-0.418,4.907,1.886,-1.359,0.557,-1.413,-0.268,6.171
97145.0,Velammal Engineering College,IND,9982.0,0.41,medium,524.0,-1.065,0.521,-1.221,3.841,-1.401,-0.989,-1.413,-0.268,-1.186
80409.0,Ashkelon Academic College,ISR,9982.0,-0.354,very low,453.0,1.095,-0.23,-1.013,-0.084,-0.704,-1.281,-1.413,-0.268,-1.186
42.0,Universite Larbi Ben M'hidi Oum El Bouaghi,DZA,9986.0,3.631,significant,1335.0,0.914,10.664,3.221,1.02,-1.092,-0.497,0.012,-0.268,1.616
92609.0,Al-Rafidain University College,IRQ,9986.0,1.781,significant,740.0,-1.069,1.188,-0.871,8.561,-1.007,0.564,-0.792,-0.268,-0.178
98830.0,Rajamangala University of Technology Srivijaya,THA,9986.0,-0.155,low,509.0,-0.92,-0.165,1.616,0.686,-1.258,1.17,-1.413,-0.268,-1.186
84946.0,Stavropol State Agrarian University,RUS,9986.0,0.717,medium,706.0,-1.351,0.718,3.09,1.452,-1.298,-0.551,-1.413,-0.268,9.044
98658.0,Thai Nguyen University of Education,VNM,9992.0,-0.196,low,468.0,0.067,-0.484,0.347,1.129,-1.193,-0.269,-1.413,-0.268,-1.186
34.0,"Universite Akli Mohand Oulhadj, Bouira",DZA,9994.0,5.178,significant,696.0,2.211,16.788,0.818,0.055,-1.017,-1.249,-0.753,-0.268,1.68
97103.0,GMR Institute of Technology,IND,9994.0,0.074,medium,1548.0,-0.949,-0.362,-0.405,2.964,-1.307,-0.691,-1.413,-0.268,-0.54
96308.0,Indira Gandhi Delhi Technical University for Women,IND,9996.0,-0.175,low,1531.0,-0.849,-0.409,1.172,0.58,-1.163,-1.094,-0.093,-0.268,0.128
12144.0,Yaroslavl State University,RUS,9998.0,0.167,medium,1107.0,0.316,-0.165,2.37,-0.262,-1.247,-0.968,-0.607,-0.268,6.347
7757.0,Ulyanovsk State University,RUS,9999.0,1.025,medium,787.0,-0.241,-0.202,7.65,1.048,-0.969,3.205,-1.413,-0.268,11.486
67.0,Universite Abdelhamid Ibn Badis de Mostaganem,DZA,10000.0,0.126,medium,1146.0,1.301,-0.334,0.879,0.685,-1.274,-0.24,-1.413,-0.268,3.168
5171.0,University of Malawi,MWI,10002.0,-0.387,very low,907.0,0.128,-0.315,-0.678,-0.43,-0.223,0.486,-1.413,-0.268,-0.605
92015.0,Odessa National Polytechnic University,UKR,10002.0,0.34,medium,802.0,-1.657,-0.174,3.001,2.125,-1.219,-0.216,-1.413,-0.268,4.452
80188.0,Universite Felix Houphouet-Boigny,CIV,10007.0,-0.044,low,1571.0,0.263,0.22,-0.596,-0.014,-0.242,2.711,-1.413,-0.268,-1.186
92544.0,Ecole Nationale Superieure d'Arts et Metiers de Meknes,MAR,10007.0,-0.111,low,691.0,-0.725,-0.475,-0.168,1.496,-1.26,-0.833,-1.413,-0.268,1.715
1641.0,Xinjiang Normal University,CHN,10015.0,-0.392,very low,1723.0,0.376,-0.484,-0.185,0.243,-1.345,-1.168,-1.413,-0.268,-0.607
88921.0,Universidad Tecnologica ECOTEC,ECU,10016.0,0.928,medium,398.0,2.692,-0.428,-0.444,2.999,-1.096,1.919,2.543,-0.268,-1.186
98171.0,Chengde Medical University,CHN,10016.0,0.09,medium,1593.0,-1.068,0.483,-1.441,1.652,-0.867,0.013,-1.413,-0.268,0.091
8566.0,National Aerospace University - Kharkiv Aviation Institute,UKR,10016.0,0.541,medium,1477.0,-0.779,-0.184,7.437,1.718,-0.957,0.044,-0.116,-0.268,0.853
99136.0,The NorthCap University,IND,10020.0,-0.016,low,846.0,-1.828,0.643,0.196,1.184,-1.372,-1.941,-1.413,-0.268,1.213
98372.0,Pan-Atlantic University,NGA,10020.0,-0.114,low,520.0,-0.867,-0.024,-0.46,0.56,-0.841,-0.269,-0.707,-0.268,0.871
92883.0,"Australian University, Kuwait",KWT,10023.0,4.236,significant,571.0,0.578,14.008,-0.833,-0.088,-1.146,-0.436,-0.195,-0.268,3.218
15395.0,"Wheaton College, Illinois",USA,10025.0,-0.434,very low,530.0,-0.673,-0.014,-0.667,-0.545,-0.393,0.552,-1.413,-0.268,-1.186
14091.0,Pratt Institute,USA,10027.0,-0.255,low,382.0,-0.585,0.07,-0.166,-0.408,-0.829,1.245,-1.413,-0.268,0.401
4134.0,Academic College of Tel Aviv-Yaffo,ISR,10029.0,0.54,medium,758.0,0.001,1.967,-0.105,-0.407,-0.985,-0.712,-1.413,-0.268,5.796
1535.0,Shanxi University of Finance and Economics,CHN,10031.0,-0.331,very low,1169.0,-0.386,-0.155,-1.656,0.348,-1.276,0.318,-1.413,-0.268,-0.327
26360.0,National Institute of Fashion Technology,IND,10031.0,0.301,medium,547.0,-0.8,-0.099,1.764,-0.163,-1.312,0.847,2.665,-0.268,2.788
15105.0,Salisbury University,USA,10034.0,-0.582,very low,631.0,-1.175,-0.061,-1.623,-0.545,-0.747,0.183,-1.413,-0.268,-1.186
1375.0,Henan University of Finance and Economics,CHN,10034.0,2.408,significant,949.0,0.291,7.734,-1.876,1.602,-1.222,0.841,-1.413,-0.268,0.389
94262.0,"Instituto Federal de Educacao, Ciencia e Tecnologia de Minas Gerais",BRA,10039.0,-0.333,very low,725.0,1.532,-0.362,-0.87,-0.257,-1.033,-0.072,-1.413,-0.268,-1.186
3094.0,"Zeppelin University, Friedrichshafen",DEU,10039.0,-0.228,low,409.0,2.143,-0.08,-1.083,-0.418,-1.282,-1.704,-0.451,-0.268,-1.186
97149.0,Noida Institute of Engineering & Technology,IND,10041.0,0.889,medium,1440.0,-1.1,1.376,-0.553,2.756,-1.266,0.06,0.528,-0.268,1.951
92017.0,O.M. Beketov National University of Urban Economy,UKR,10042.0,0.346,medium,851.0,-0.903,-0.193,3.249,2.524,-0.402,0.023,-1.413,-0.268,0.284
4073.0,University of Kirkuk,IRQ,10042.0,1.195,significant,1286.0,-0.769,-0.24,0.643,7.823,-1.288,0.786,-1.413,-0.268,-1.186
98615.0,Sri Sairam Institute of Technology,IND,10042.0,0.137,medium,1137.0,-1.422,0.483,-0.637,1.338,-1.337,-0.433,-1.032,-0.268,2.336
9280.0,Zhengzhou Railway Vocational & Technical College,CHN,10046.0,1.108,significant,514.0,-0.856,-0.39,-1.657,8.196,-1.354,1.0,-1.413,-0.268,-1.186
8605.0,Sevastopol State University,UKR,10050.0,0.606,medium,1222.0,-0.09,-0.353,4.605,3.046,-1.242,-1.334,-1.413,-0.268,3.565
10274.0,PSG College of Technology,IND,10052.0,0.416,medium,2436.0,-1.556,1.554,-1.003,1.77,-1.361,0.03,-1.085,-0.268,0.071
78669.0,Relizane University,DZA,10053.0,-0.002,low,511.0,2.67,-0.334,0.639,-0.136,-1.258,1.36,-1.413,-0.268,-0.205
79139.0,Hakim Sabzevari University,IRN,10054.0,0.252,medium,1897.0,-0.399,1.601,0.372,0.033,-1.017,1.287,-1.413,-0.268,-1.186
97059.0,CMR College of Engineering & Technology,IND,10058.0,0.145,medium,633.0,-0.96,-0.137,-0.532,2.838,-1.209,-0.992,-1.413,-0.268,0.389
6549.0,"National University, Philippines",PHL,10059.0,-0.122,low,587.0,1.364,-0.165,-0.68,0.522,-1.07,-2.022,-0.385,-0.268,-1.186
94677.0,TKM College of Engineering,IND,10061.0,0.128,medium,701.0,1.041,-0.456,-0.078,1.988,-1.297,-1.32,-1.413,-0.268,1.308
71984.0,Centro Universitario da FEI,BRA,10061.0,-0.315,very low,600.0,-0.183,-0.343,0.422,-0.371,0.218,-0.176,-1.413,-0.268,0.505
96818.0,Ho Chi Minh University of Banking,VNM,10064.0,2.966,significant,753.0,-0.153,3.827,1.085,8.682,-1.272,-1.339,0.591,-0.268,2.82
91899.0,Kumasi Technical University,GHA,10066.0,-0.067,low,474.0,0.702,0.004,-0.768,0.667,-1.247,0.081,-1.413,-0.268,-0.133
784.0,Universidade do Estado do Rio Grande do Norte,BRA,10067.0,-0.205,low,652.0,1.659,-0.362,-0.959,-0.225,-0.842,2.013,-1.413,-0.268,-1.186
1271.0,China Academy of Art,CHN,10070.0,0.292,medium,274.0,0.543,0.211,-1.795,1.933,-1.401,1.621,-1.413,-0.268,0.702
93421.0,Behbahan University of Medical Sciences,IRN,10070.0,0.831,medium,347.0,-0.676,4.597,-1.357,-0.244,-0.841,-1.876,-1.413,-0.268,-1.186
20191.0,"University of Applied Health Sciences, Zagreb",HRV,10074.0,-0.063,low,600.0,2.295,-0.165,1.509,-0.458,-0.713,-0.107,-1.413,-0.268,-0.356
84945.0,Platov South-Russian State Polytechnic University,RUS,10074.0,0.896,medium,1020.0,-0.934,0.972,5.314,3.04,-1.282,-1.105,-1.413,-0.268,2.229
22311.0,Oranim Academic College of Education,ISR,10074.0,-0.21,low,396.0,1.358,-0.202,1.789,-0.413,-1.156,-0.142,-1.413,-0.268,-1.186
72567.0,Indian Institute of Management Lucknow,IND,10077.0,-0.58,very low,757.0,-1.531,-0.23,-1.581,-0.27,-1.273,0.654,-1.413,-0.268,-0.513
67941.0,Ecole Polytechnique de Tunisie,TUN,10077.0,0.741,medium,720.0,4.21,0.69,-0.606,0.47,-0.962,-0.516,0.19,-0.268,2.619
98969.0,GIET University,IND,10077.0,0.433,medium,1148.0,-1.328,0.192,-0.654,2.64,-1.274,1.892,-0.682,-0.268,1.541
92660.0,Al-Ayen University,IRQ,10080.0,4.732,significant,2128.0,2.839,12.871,-0.319,3.137,-0.671,-1.561,1.257,-0.268,-0.247
96272.0,KPR Institute of Engineering and Technology,IND,10080.0,1.366,significant,2775.0,-1.238,4.052,0.924,1.469,-1.366,-1.263,0.332,-0.268,1.181
987.0,Universite de Douala,CMR,10080.0,-0.026,low,2039.0,0.672,-0.353,0.735,0.249,-0.71,2.546,-1.413,-0.268,0.044
39.0,Universite Mohamed-Cherif Messaadia Souk Ahras,DZA,10086.0,0.092,medium,804.0,0.953,-0.249,0.664,-0.22,-1.22,0.364,-0.532,-0.268,4.104
96438.0,Galgotias College of Engineering & Technology,IND,10086.0,0.122,medium,1595.0,-0.599,-0.353,0.054,1.059,-1.325,0.336,-1.175,-0.268,5.341
5045.0,Kyrgyz Turkish Manas University,KGZ,10088.0,0.947,medium,745.0,4.611,-0.315,-0.091,2.82,-1.075,1.955,-1.413,-0.268,2.907
15018.0,Richard Stockton College of New Jersey,USA,10088.0,-0.506,very low,621.0,-0.963,-0.127,-0.618,-0.461,-0.854,-0.714,-0.843,-0.268,-1.186
15014.0,Rhode Island College,USA,10088.0,-0.246,low,453.0,1.619,-0.118,-1.504,-0.545,-0.972,0.615,-1.413,-0.268,-0.043
98435.0,PSN College of Engineering and Technology,IND,10088.0,0.761,medium,588.0,-1.637,0.821,-0.783,3.097,-0.699,-1.754,3.072,-0.268,-1.186
6648.0,University of the Cordilleras,PHL,10095.0,2.82,significant,306.0,0.336,3.799,-2.082,7.991,-1.401,1.885,2.146,-0.268,-1.186
15472.0,University of Southern Indiana,USA,10097.0,-0.496,very low,447.0,-1.521,-0.061,-1.304,-0.312,-0.966,0.365,-1.413,-0.268,-0.001
96300.0,"National Institute of Technical Teachers Training and Research, Chandigarh",IND,10098.0,0.27,medium,1190.0,-0.642,-0.005,1.697,0.816,-1.381,-0.842,1.994,-0.268,0.53
4547.0,Osaka Medical and Pharmaceutical University,JPN,10098.0,-0.124,low,2771.0,-0.697,-0.428,-0.265,-0.168,1.578,1.468,0.362,-0.268,-0.818
98556.0,Kalinga University,IND,10100.0,1.513,significant,698.0,-1.345,-0.127,-0.724,9.259,-1.366,-0.313,-1.413,-0.268,2.445
84.0,Universite Hassiba BenBouali de Chlef,DZA,10101.0,0.147,medium,1382.0,2.357,-0.362,2.187,0.211,-1.208,0.145,-0.473,-0.268,-0.096
8253.0,Nakhon Pathom Rajabhat University,THA,10104.0,0.556,medium,554.0,-1.467,-0.353,4.175,-0.262,-0.831,-2.307,7.586,-0.268,1.539
7304.0,Southwest State University,RUS,10106.0,0.836,medium,1131.0,-0.889,-0.418,6.804,3.612,-1.38,0.281,-1.413,-0.268,4.214
44468.0,Achva Academic College,ISR,10107.0,-0.166,low,415.0,3.29,-0.362,1.628,-0.419,-1.342,-1.794,-1.413,-0.268,-1.186
5032.0,Arab Open University,KWT,10107.0,1.407,significant,968.0,10.033,-0.221,-1.137,3.556,-1.225,1.055,-1.413,-0.268,-0.15
1592.0,Tianjin University of Finance and Economics,CHN,10110.0,-0.442,very low,860.0,0.772,-0.437,-1.725,-0.12,-1.344,-0.235,-1.413,-0.268,-0.605
70915.0,AMET University,IND,10110.0,1.503,significant,828.0,-1.134,2.287,1.24,5.007,-1.342,-0.281,-0.858,-0.268,1.228
86464.0,Yangzhou Polytechnic Institute,CHN,10110.0,0.459,medium,438.0,2.08,-0.738,-1.437,3.033,-1.346,3.503,-1.413,-0.268,-0.048
9009.0,Hodeidah University,YEM,10116.0,0.596,medium,813.0,5.932,-0.616,-0.124,0.804,-0.565,0.946,0.233,-0.268,0.351
84639.0,Yulin University,CHN,10118.0,0.331,medium,1268.0,2.044,0.483,-0.5,1.185,-1.037,-0.374,-1.134,-0.268,-0.396
91934.0,University of Jiroft,IRN,10118.0,-0.493,very low,617.0,-1.221,-0.24,0.345,0.301,-1.125,-1.86,-1.413,-0.268,-1.186
97066.0,Sri Krishna College of Technology,IND,10120.0,3.509,significant,1151.0,-1.568,11.444,-0.923,2.586,-1.401,-1.408,-1.413,-0.268,1.412
97128.0,Acharya Institutes,IND,10120.0,-0.239,low,555.0,-0.905,-0.475,-0.69,0.773,-1.095,0.863,-1.413,-0.268,1.072
91874.0,Guiyang University,CHN,10122.0,0.56,medium,1107.0,1.535,1.366,-0.204,0.965,-1.335,-0.709,-1.105,-0.268,1.072
96302.0,Sri Sairam Engineering College,IND,10122.0,-0.117,low,2580.0,-1.368,0.098,0.177,0.892,-1.391,-0.03,-1.271,-0.268,0.558
92026.0,Shangrao Normal University,CHN,10124.0,-0.176,low,785.0,1.418,-0.493,-0.669,0.453,-1.123,-0.138,-1.413,-0.268,0.086
70.0,Universite de Jijel,DZA,10125.0,-0.27,very low,1193.0,-0.048,-0.343,0.922,-0.326,-1.258,-0.824,-1.413,-0.268,2.579
96306.0,Kamaraj College of Engineering and Technology,IND,10125.0,-0.591,very low,495.0,-1.5,-0.54,-1.293,0.404,-1.254,-0.1,-1.413,-0.268,-1.186
91837.0,Khazar University,AZE,10128.0,0.776,medium,662.0,5.607,0.803,-0.164,0.007,-0.961,0.261,0.648,-0.268,-0.431
86377.0,Ningde Normal University,CHN,10130.0,-0.295,very low,825.0,2.033,-0.7,-0.932,0.278,-1.254,-0.134,-1.413,-0.268,-1.186
3994.0,Imam Khomeini International University,IRN,10132.0,0.247,medium,2758.0,-1.615,1.197,0.597,0.61,-1.287,0.348,-0.509,-0.268,0.446
91864.0,Gansu University of Chinese Medicine,CHN,10132.0,-0.369,very low,2658.0,-1.212,-0.043,-1.185,0.555,-1.209,-0.176,-1.413,-0.268,-0.992
59412.0,University of Houston - Downtown,USA,10134.0,-0.21,low,689.0,-0.867,0.164,-1.03,-0.166,-1.119,0.898,-1.413,-0.268,1.829
85.0,Universite Ibn Khaldoun de Tiaret,DZA,10134.0,0.07,medium,1266.0,1.3,-0.259,1.939,0.239,-1.247,1.292,-1.413,-0.268,0.779
26144.0,RC Patel Institute of Pharmaceutical Education and Research,IND,10134.0,0.052,medium,465.0,-1.291,-0.653,2.232,0.016,-1.088,2.558,2.199,-0.268,-0.093
98889.0,Medicaps University,IND,10137.0,0.065,medium,623.0,-1.387,-0.324,-0.196,2.725,-1.284,-0.461,-1.413,-0.268,0.424
77580.0,Taishan University,CHN,10137.0,0.415,medium,1031.0,0.498,1.441,-0.724,0.721,-1.165,1.003,-1.413,-0.268,0.024
77581.0,Heze University,CHN,10140.0,0.03,medium,830.0,1.348,-0.709,-0.239,1.343,-1.079,0.85,-1.413,-0.268,0.62
97122.0,Ajay Kumar Garg Engineering College,IND,10141.0,-0.07,low,810.0,-0.363,-0.315,-0.035,1.583,-1.371,-1.631,-1.413,-0.268,1.285
71243.0,Kumaraguru College of Technology,IND,10141.0,0.179,medium,2055.0,-1.403,0.831,1.359,0.522,-1.129,-0.736,-0.807,-0.268,1.968
89534.0,Centro para el Desarrollo de la Nanociencia y la Nanotecnologia,CHL,10143.0,0.131,medium,709.0,6.189,-0.916,0.046,-0.472,-1.093,-1.058,-0.34,-0.268,0.938
8325.0,Universite de Gabes,TUN,10143.0,0.273,medium,3473.0,2.046,0.145,0.686,0.447,-1.247,0.061,-0.008,-0.268,-0.25
97139.0,National Engineering College,IND,10143.0,-0.079,low,849.0,-1.696,-0.381,-0.738,2.531,-1.372,-1.133,-1.413,-0.268,0.587
96407.0,Yaroslavl State Medical University,RUS,10148.0,-0.007,low,500.0,-1.553,0.061,2.67,-0.023,-0.284,-0.296,-1.413,-0.268,3.978
84957.0,Hubei University for Nationalities,CHN,10148.0,-0.228,low,1372.0,0.312,0.089,-0.378,0.026,-1.313,-1.554,-0.877,-0.268,-0.277
13563.0,Grambling State University,USA,10150.0,1.825,significant,246.0,7.618,-0.606,3.174,-0.121,-0.71,2.984,8.294,-0.268,3.883
80244.0,Thai Nguyen University of Techonology,VNM,10151.0,0.312,medium,755.0,-0.207,-0.465,1.694,1.531,-1.176,-0.989,-0.892,-0.268,6.119
8472.0,Dnipro State Medical University,UKR,10151.0,-0.192,low,1029.0,-1.755,0.032,-1.197,-0.139,-1.0,5.755,-1.413,-0.268,-0.165
3451.0,Sikkim Manipal University,IND,10151.0,0.065,medium,1521.0,-0.752,-0.503,-0.458,1.687,-1.241,0.98,-0.525,-0.268,1.372
77362.0,Krirk University,THA,10154.0,1.64,significant,1008.0,0.96,0.295,-1.125,8.68,-1.256,0.094,-1.049,-0.268,-0.692
7794.0,Vladimir State University,RUS,10156.0,1.136,significant,1527.0,-0.306,0.023,8.032,4.244,-1.146,-1.526,-1.413,-0.268,4.231
92626.0,Al-Karkh University of Science,IRQ,10157.0,0.829,medium,585.0,-1.337,-0.296,0.588,6.331,-1.359,0.181,-1.413,-0.268,-0.332
98093.0,Ningxia Normal University,CHN,10162.0,-0.143,low,422.0,0.303,-0.221,-0.478,1.064,-1.286,-1.259,-1.413,-0.268,-0.001
98175.0,Dwarkadas J Sanghvi College of Engineering,IND,10164.0,0.016,medium,879.0,-1.118,0.248,-0.511,1.178,-1.373,-0.288,0.124,-0.268,-1.186
78610.0,Russian-Armenian University,ARM,10167.0,-0.142,low,501.0,-0.058,-0.249,0.688,-0.024,0.731,-0.052,-1.413,-0.268,0.853
98157.0,PLA Naval Submarine Academy,CHN,10168.0,-0.312,very low,407.0,-1.306,-0.268,-0.25,0.225,-1.401,-0.384,-1.413,-0.268,2.475
99030.0,"Priyadarshini College of Engineering, Nagpur",IND,10169.0,0.529,medium,261.0,-0.009,-0.39,4.081,4.258,-1.308,-2.31,-1.413,-0.268,-1.186
93513.0,Tashkent Medical Academy,UZB,10169.0,2.793,significant,508.0,-1.386,1.366,0.187,12.721,-0.78,2.708,-1.413,-0.268,0.801
78774.0,"Islamic Azad University, North Tehran Branch",IRN,10169.0,-0.135,low,2029.0,-1.243,0.69,-0.751,0.536,-1.281,-1.535,-0.98,-0.268,-0.443
71.0,Universite Amar Telidji de Laghouat,DZA,10174.0,-0.257,low,1361.0,0.09,-0.4,0.541,-0.238,-1.258,0.179,-1.413,-0.268,1.939
97160.0,"Indian Institute of Management, Raipur",IND,10174.0,-0.688,very low,490.0,-1.548,-0.221,-1.583,-0.226,-1.401,-0.895,-1.413,-0.268,-1.186
98578.0,Wenzhou Business College,CHN,10176.0,1.482,significant,435.0,-1.225,4.315,-1.373,4.139,-1.345,-3.092,-1.413,-0.268,-1.186
33.0,Universite Mohamed El Bachir El Ibrahimi de Bordj Bou Arreridj,DZA,10178.0,-0.011,low,930.0,1.544,-0.277,0.302,0.129,-1.349,-0.325,-1.413,-0.268,2.569
96924.0,Imam Ja'afar Al-Sadiq University,IRQ,10179.0,2.862,significant,1278.0,0.44,7.227,0.809,1.989,-0.622,-0.266,2.642,-0.268,0.381
62117.0,Khyber Medical College,PAK,10181.0,2.765,significant,769.0,-1.617,-0.137,-1.916,1.56,-0.99,3.798,-1.413,28.119,-1.186
98829.0,Mahalingam College of Engineering and Technology,IND,10181.0,-0.195,low,790.0,-1.575,-0.193,-0.479,1.174,-1.278,0.112,-1.413,-0.268,0.712
80621.0,Qom University of Medical Sciences,IRN,10184.0,1.347,significant,1518.0,0.468,4.296,-1.187,0.246,-0.409,3.866,-1.154,-0.268,-0.19
12827.0,Gulf University,BHR,10185.0,1.549,significant,426.0,1.28,0.183,8.867,2.888,-0.774,-1.637,4.931,-0.268,-0.014
93029.0,Faculte des Sciences et Techniques Settat,MAR,10185.0,0.072,medium,962.0,0.068,-0.118,1.293,1.301,-1.224,-1.31,-1.413,-0.268,1.417
85686.0,Xinyu University,CHN,10185.0,0.507,medium,453.0,1.702,1.131,-1.345,1.531,-1.24,-0.132,-1.413,-0.268,-0.088
9010.0,Ibb University,YEM,10185.0,0.474,medium,1226.0,6.263,-0.493,-0.138,0.988,-1.064,1.12,-1.113,-0.268,-1.186
3972.0,University of Science and Technology of Mazandaran,IRN,10189.0,0.722,medium,702.0,-1.081,0.22,0.534,-0.173,8.56,1.822,3.035,-0.268,-0.473
5057.0,Daugavpils University,LVA,10189.0,0.191,medium,919.0,1.557,-0.08,3.499,0.364,-0.767,-0.373,-1.413,-0.268,0.734
97223.0,National Institute of Technology Mizoram,IND,10189.0,0.228,medium,852.0,-0.054,0.53,1.198,0.558,-1.344,-1.12,0.527,-0.268,-0.009
15161.0,Southeastern Louisiana University,USA,10194.0,-0.328,very low,456.0,-0.897,-0.137,-0.87,-0.431,-0.602,1.497,-1.413,-0.268,1.124
89512.0,Centro de Ecologia Aplicada y Sustentabilidad,CHL,10194.0,0.066,medium,692.0,5.357,-0.522,-0.259,-0.47,0.002,-0.317,-1.413,-0.268,-0.453
7556.0,Russian State University for the Humanities,RUS,10196.0,-0.061,low,1667.0,0.81,0.089,2.016,0.176,-1.124,-0.724,-1.413,-0.268,-0.87
95117.0,Hilla University College,IRQ,10196.0,2.478,significant,580.0,-1.139,6.607,0.974,2.517,-1.317,-1.311,2.319,-0.268,-0.324
98505.0,Edo State University,NGA,10199.0,1.233,significant,1065.0,-1.289,-0.08,5.839,0.828,-0.74,4.028,5.56,-0.268,4.688
84856.0,National Research University of Electronic Technology,RUS,10201.0,-0.101,low,1254.0,0.842,-0.324,2.857,-0.254,-0.878,-0.156,-1.413,-0.268,0.806
92500.0,Soran University,IRQ,10201.0,2.701,significant,775.0,2.992,7.321,-1.36,0.803,-0.461,3.799,-0.33,-0.268,0.111
1378.0,Hengyang Normal University,CHN,10204.0,-0.029,low,1301.0,0.995,-0.55,-0.467,1.462,-1.028,0.921,-1.413,-0.268,-1.186
78719.0,"Islamic Azad University, Hamedan",IRN,10204.0,-0.432,very low,561.0,-0.626,-0.277,-0.761,0.572,-1.228,-1.481,-1.413,-0.268,-1.186
78819.0,"Islamic Azad University, Lahijan",IRN,10204.0,-0.663,very low,706.0,-1.581,-0.39,-0.695,-0.027,-1.366,-1.044,-1.413,-0.268,-1.186
91862.0,Tongling University,CHN,10209.0,0.265,medium,721.0,1.689,-0.578,-0.746,2.426,-1.3,0.634,-0.94,-0.268,-0.493
32.0,Universite de Bechar,DZA,10212.0,-0.216,low,652.0,-0.2,-0.184,0.851,0.096,-1.326,-1.234,-1.413,-0.268,1.876
98828.0,MKSSS's Cummins College of Engineering for Women,IND,10212.0,1.758,significant,495.0,0.292,4.55,-0.649,3.149,-1.401,0.263,-1.413,-0.268,-0.173
91887.0,Vels Institute of Science Technology and Advanced Studies,IND,10212.0,0.723,medium,3201.0,-1.485,-0.193,-0.179,4.971,-1.378,0.665,-1.106,-0.268,2.348
3469.0,Tata Institute of Social Sciences,IND,10215.0,0.646,medium,1359.0,-1.295,2.69,-0.873,0.108,-1.061,-0.447,-1.413,2.66,-1.186
96986.0,Takoradi Technical University,GHA,10216.0,0.416,medium,355.0,5.351,-0.587,-0.786,-0.251,-1.196,-0.412,3.133,-0.268,-1.186
12497.0,Kharkiv National University of Radio Electronics,UKR,10217.0,0.662,medium,1640.0,1.92,-0.033,6.592,0.793,-0.69,-2.006,-1.189,-0.268,5.45
95852.0,Kazakh National Women's Teacher Training University,KAZ,10221.0,2.053,significant,381.0,-1.14,0.587,0.004,10.972,-0.891,0.064,-1.413,-0.268,0.125
98039.0,Qiannan Normal College for Nationalities,CHN,10222.0,3.018,significant,1002.0,4.443,8.213,-0.98,0.497,-0.965,-0.277,1.821,-0.268,-0.687
90804.0,Jiangsu Vocational Institute of Architectural Technology,CHN,10222.0,0.289,medium,556.0,4.913,-0.287,-1.299,1.146,-1.357,-0.591,-1.413,-0.268,-0.289
7620.0,St Petersburg State Marine Technical University,RUS,10228.0,0.379,medium,860.0,1.092,0.183,1.756,0.245,0.18,1.033,-1.001,-0.268,2.895
97153.0,Maharaja Surajmal Institute of Technology,IND,10228.0,0.807,medium,667.0,2.555,-0.531,-1.106,5.094,-1.255,-0.003,-1.413,-0.268,-0.433
8949.0,Le Quy Don Technical University,VNM,10233.0,0.615,medium,1926.0,-0.842,2.305,1.583,0.485,-0.972,-0.852,-1.086,-0.268,1.159
92561.0,Ecole Nationale d'Ingenieurs de Tunis,TUN,10235.0,0.983,medium,2571.0,3.945,2.324,0.537,0.43,-1.203,-0.721,-1.413,-0.268,0.858
92632.0,Faculte des Sciences de Bizerte,TUN,10236.0,-0.278,very low,1760.0,1.884,-0.653,0.545,-0.219,-1.18,0.365,-1.413,-0.268,-0.9
7044.0,Dagestan State University,RUS,10236.0,0.287,medium,844.0,0.066,-0.259,3.659,1.435,-1.257,0.561,-1.413,-0.268,1.817
94622.0,Ho Chi Minh City University of Industry and Trade,VNM,10240.0,0.627,medium,954.0,0.385,2.211,-1.122,0.933,-0.994,0.909,-1.413,-0.268,-0.662
78776.0,"Islamic Azad University, Central Tehran Branch",IRN,10240.0,-0.041,low,2810.0,-1.241,0.587,-0.055,0.31,-1.358,0.565,-0.937,-0.268,0.153
10301.0,Saveetha Engineering College,IND,10242.0,0.117,medium,2080.0,-1.384,-0.202,-0.13,1.64,-1.319,-0.854,-0.99,-0.268,4.591
96232.0,Sri Ramakrishna Engineering College,IND,10246.0,0.22,medium,1816.0,-1.532,1.357,-0.13,1.209,-1.334,-0.594,-1.413,-0.268,-0.088
92575.0,Ecole Nationale Superieure d'Ingenieurs de Tunis,TUN,10248.0,0.537,medium,1077.0,4.923,0.962,0.28,-0.109,-1.288,-0.75,-1.413,-0.268,0.669
86442.0,Yancheng Teachers University,CHN,10249.0,0.081,medium,1473.0,1.522,0.258,-1.254,0.589,-1.17,0.282,-1.413,-0.268,0.178
97136.0,Sreenidhi Institute of Science and Technology,IND,10249.0,0.501,medium,1057.0,-0.764,0.061,0.232,3.309,-1.309,0.239,-1.413,-0.268,2.155
1515.0,Shanghai Lixin University of Accounting and Finance,CHN,10251.0,-0.055,low,1234.0,0.429,-0.202,-1.67,1.614,-1.401,0.421,-1.413,-0.268,-1.186
99050.0,Yili Normal University,CHN,10251.0,1.928,significant,957.0,4.02,6.316,-0.693,-0.163,-1.223,-1.552,-1.029,-0.268,-0.664
93418.0,Amol University of Special Modern Technologies,IRN,10253.0,0.582,medium,821.0,-1.402,-0.738,-0.203,3.4,-1.283,1.837,3.317,-0.268,-1.186
77631.0,Pranveer Singh Institute of Technology,IND,10254.0,0.073,medium,742.0,-0.633,-0.287,1.681,0.722,-1.041,-1.16,0.196,-0.268,2.232
7315.0,Magnitogorsk State Technical University,RUS,10254.0,0.47,medium,1120.0,-1.271,-0.212,3.288,2.673,-1.293,-0.736,-1.413,-0.268,4.621
7236.0,Kabardino-Balkarian State University,RUS,10257.0,0.537,medium,839.0,-1.426,-0.165,3.595,2.505,-0.591,3.691,-1.413,-0.268,1.223
92445.0,Matrouh University,EGY,10258.0,-0.285,very low,372.0,-1.56,-0.4,-0.168,-0.124,-1.14,1.009,0.491,-0.268,0.175
97107.0,SNS College of Technology,IND,10259.0,1.257,significant,656.0,-1.485,2.371,-1.737,4.79,-1.068,-0.009,-0.753,-0.268,-0.416
98536.0,Ordos Institute of Technology,CHN,10260.0,-0.125,low,378.0,1.642,-0.54,-1.696,0.837,-1.401,0.45,-1.413,-0.268,0.128
80130.0,Universidad de Ciencias y Humanidades,PER,10260.0,1.515,significant,604.0,-0.939,-0.174,1.612,8.882,-0.838,-1.387,0.021,-0.268,-1.186
12091.0,State University of Management,RUS,10262.0,1.013,medium,1297.0,-0.644,0.126,0.843,5.456,-1.195,1.275,-0.897,-0.268,0.374
71170.0,West Kazakhstan Marat Ospanov Medical University,KAZ,10265.0,0.91,medium,382.0,0.069,0.784,-0.402,3.831,-0.447,1.574,-0.486,-0.268,-1.186
85868.0,Guangzhou Panyu Polytechnic,CHN,10265.0,0.421,medium,402.0,0.534,0.465,-1.133,2.314,-1.28,2.273,-1.413,-0.268,-1.186
924.0,Technical University of Gabrovo,BGR,10265.0,-0.166,low,401.0,-1.766,-0.146,4.14,0.497,-1.159,-1.199,-1.413,-0.268,0.672
91849.0,Yuxi Normal University,CHN,10269.0,0.471,medium,588.0,1.125,1.582,-1.239,0.787,-1.277,1.602,-1.413,-0.268,-1.186
96233.0,Sona College of Technology,IND,10269.0,0.443,medium,2103.0,-1.62,0.108,0.524,3.355,-1.309,1.091,-1.22,-0.268,0.712
91946.0,University of Hormozgan,IRN,10271.0,-0.553,very low,1234.0,-1.241,-0.475,-0.424,-0.249,-1.283,-0.511,-1.413,-0.268,0.848
80213.0,Universite de Maroua,CMR,10271.0,0.023,medium,1447.0,1.159,-0.606,1.893,1.44,-1.166,-0.515,-1.413,-0.268,-0.841
4053.0,Vali-e-Asr University of Rafsanjan,IRN,10273.0,0.273,medium,1387.0,-0.396,1.225,0.588,0.095,-1.191,0.642,-0.619,-0.268,0.257
3245.0,CV Raman Global University,IND,10273.0,0.067,medium,1232.0,-0.733,0.699,-0.343,0.472,-1.342,-0.744,-0.795,-0.268,1.27
5156.0,University St Kliment Ohridski in Bitola,MKD,10277.0,0.824,medium,392.0,-0.267,-0.118,-0.545,5.318,-0.534,2.084,-1.413,-0.268,-1.186
98631.0,Central State Medical Academy of Department of Presidential Affairs,RUS,10277.0,0.118,medium,633.0,0.974,0.098,1.467,-0.38,-0.174,1.266,-1.413,-0.268,2.155
98347.0,Shenzhen MSU-BIT University,CHN,10286.0,0.033,medium,1186.0,3.987,-0.428,0.07,-0.105,-0.807,-1.062,-0.617,-0.268,-0.759
7348.0,Russian University of Sport GTSOLIFK,RUS,10287.0,-0.145,low,335.0,-1.045,0.089,-0.689,0.546,-1.401,0.584,-1.413,-0.268,1.347
8110.0,University of Eswatini,SWZ,10289.0,0.032,medium,645.0,2.065,0.277,0.214,0.345,-0.761,-1.442,-1.413,-0.268,-1.186
97130.0,Acharya Institute of Technology,IND,10289.0,-0.126,low,374.0,-0.993,-0.437,-0.924,0.852,-1.206,2.005,-1.413,-0.268,2.17
97077.0,Heritage Institute of Technology,IND,10292.0,-0.436,very low,600.0,-1.016,-0.4,-0.775,0.064,-1.36,0.061,-1.413,-0.268,0.9
92546.0,Ecole Nationale des Sciences Appliquees de Tanger,MAR,10292.0,-0.347,very low,430.0,-1.044,-0.512,0.447,1.156,-1.231,-1.07,-1.413,-0.268,-1.186
942.0,Universite Nazi Boni,BFA,10295.0,-0.236,low,752.0,-0.1,-0.381,0.682,0.219,-0.465,0.549,-1.413,-0.268,-0.518
97055.0,CMR University,IND,10301.0,-0.349,very low,396.0,-1.639,-0.212,-1.285,0.906,-1.401,-0.085,-1.413,-0.268,0.086
1611.0,Weinan Normal University,CHN,10302.0,1.543,significant,503.0,1.426,1.122,-1.347,5.271,-1.256,1.836,-1.413,-0.268,4.323
97133.0,CVR College of Engineering,IND,10302.0,0.104,medium,1596.0,-0.865,-0.315,1.37,2.106,-1.325,-1.809,-1.413,-0.268,2.408
98980.0,ICN Business School,FRA,10305.0,0.015,medium,379.0,3.743,-0.165,-1.718,-0.132,-1.401,0.669,-1.413,-0.268,0.145
9937.0,Georgian Technical University,GEO,10305.0,1.277,significant,1288.0,2.905,-0.249,1.748,-0.14,7.346,5.559,3.049,-0.268,1.573
97157.0,ITM University Gwalior,IND,10309.0,-0.105,low,433.0,-1.194,-0.259,-1.28,1.144,-1.177,1.882,-1.413,-0.268,1.203
3254.0,Berhampur University,IND,10312.0,0.505,medium,686.0,-1.009,1.732,1.706,1.511,-1.295,-0.918,-1.413,-0.268,-0.453
97166.0,Technical and Vocational University,IRN,10315.0,-0.1,low,800.0,-0.485,0.831,-0.552,-0.088,-1.34,-0.473,-1.413,-0.268,0.066
7084.0,Chuvash State University,RUS,10316.0,0.699,medium,1156.0,-1.482,0.211,6.494,2.392,-1.128,1.058,-1.413,-0.268,3.046
62426.0,Dilla University,ETH,10318.0,0.14,medium,1306.0,-0.269,-0.503,-1.698,2.294,-0.509,2.905,-1.092,-0.268,-0.801
22328.0,Hadassah Academic College,ISR,10318.0,-0.196,low,352.0,2.573,-0.371,0.109,-0.545,-1.125,0.91,-1.413,-0.268,-1.186
78759.0,"Islamic Azad University, Tabriz",IRN,10318.0,0.088,medium,1780.0,-0.537,0.943,-0.898,0.658,-1.224,-0.198,-1.413,-0.268,0.225
98158.0,Nanchang Institute of Science and Technology,CHN,10321.0,2.321,significant,590.0,2.195,5.968,-1.546,2.465,-1.319,-0.142,-0.301,-0.268,0.513
38.0,Universite de Saida Dr. Moulay Tahar,DZA,10322.0,0.464,medium,914.0,1.712,0.671,0.383,0.712,-1.295,0.064,-1.413,-0.268,3.19
7811.0,Volgograd State Technical University,RUS,10323.0,0.804,medium,1911.0,-0.874,-0.155,6.065,3.61,-1.325,-1.382,-1.413,-0.268,4.333
80159.0,Urgench State University,UZB,10323.0,0.885,medium,712.0,-0.635,-0.39,7.484,3.197,-1.23,1.241,-1.413,-0.268,4.402
92364.0,Universite de Ghardaia,DZA,10323.0,-0.108,low,456.0,2.336,-0.371,0.48,-0.316,-1.241,0.883,-1.413,-0.268,-0.093
58690.0,University of Al-Ameed,IRQ,10327.0,1.594,significant,576.0,-0.7,0.662,0.057,5.44,-0.937,4.696,0.546,-0.268,3.178
91913.0,Baotou Medical College,CHN,10333.0,0.059,medium,1311.0,1.65,-0.155,-1.499,0.889,-0.16,0.553,-1.153,-0.268,-0.801
92654.0,Knowledge University,IRQ,10333.0,3.52,significant,546.0,2.519,10.044,-0.787,2.325,-1.09,0.883,-0.74,-0.268,-1.186
90166.0,Guangdong University of Education,CHN,10333.0,3.614,significant,679.0,0.306,9.34,0.246,1.07,-1.222,-0.053,-1.413,-0.268,15.74
97852.0,Jizzakh Polytechnic Institute,UZB,10333.0,0.265,medium,368.0,-0.844,-0.024,5.553,1.868,-1.335,-1.368,-1.413,-0.268,0.163
91929.0,Sirjan University of Technology,IRN,10339.0,-0.375,very low,465.0,-1.587,-0.447,0.574,0.353,-1.401,0.167,-1.413,-0.268,0.96
85463.0,Liupanshui Normal University,CHN,10341.0,-0.064,low,783.0,2.224,-0.653,-0.434,0.255,-1.277,1.187,-1.413,-0.268,1.049
97181.0,XIM University,IND,10342.0,-0.539,very low,628.0,-1.331,-0.24,-1.311,0.037,-1.13,-0.641,-1.413,-0.268,-0.374
91890.0,Zhengzhou Normal University,CHN,10342.0,1.018,medium,735.0,1.69,1.16,-0.701,3.719,-1.203,0.241,-1.413,-0.268,0.17
62425.0,Ambo University,ETH,10342.0,-0.036,low,1190.0,-0.138,-0.681,-1.832,2.089,-0.809,1.21,-1.413,-0.268,0.086
99076.0,Taiyuan University,CHN,10345.0,0.276,medium,338.0,0.205,-0.456,-1.975,4.246,-1.257,-1.359,-1.413,-0.268,-1.186
98625.0,Poornima Group of Colleges,IND,10346.0,-0.018,low,623.0,-1.066,-0.184,-0.151,2.222,-1.089,-2.745,-1.413,-0.268,1.34
97096.0,PSGR Krishnammal College for Women,IND,10347.0,0.17,medium,541.0,-1.228,-0.55,-0.832,3.124,-1.221,0.483,-1.413,-0.268,1.583
7457.0,Nizhny Novgorod State Technical University,RUS,10350.0,0.439,medium,1358.0,1.318,-0.268,3.414,0.878,-0.167,-0.709,-1.413,-0.268,5.073
92129.0,Techno India College of Technology,IND,10350.0,0.201,medium,498.0,-1.176,0.042,-1.407,1.448,-1.206,0.544,2.065,-0.268,-1.186
91941.0,Qom University of Technology,IRN,10353.0,0.494,medium,638.0,-1.28,2.315,0.63,0.683,-1.363,-1.243,-1.413,-0.268,1.169
97385.0,Birla Institute of Management Technology,IND,10356.0,-0.382,very low,343.0,-1.464,-0.24,-1.272,0.064,-1.33,2.118,-1.413,-0.268,0.314
3837.0,National University of Education,IDN,10358.0,0.662,medium,202.0,-1.581,-0.071,-0.557,5.661,-1.161,0.443,-1.413,-0.268,-1.186
2278.0,Universidad Tecnologica Indoamerica,ECU,10362.0,1.57,significant,987.0,1.678,-0.54,1.54,8.029,-0.983,-1.237,-0.23,-0.268,0.841
98508.0,Odlar Yurdu University,AZE,10362.0,0.154,medium,149.0,0.603,-0.503,6.885,2.259,-1.401,-5.073,-1.413,-0.268,-1.186
12031.0,North Ossetian State University,RUS,10365.0,0.506,medium,452.0,-1.718,0.126,2.38,2.575,-1.079,1.799,-1.413,-0.268,2.766
96309.0,Haldia Institute of Technology,IND,10367.0,-0.051,low,1147.0,-0.826,-0.362,1.648,0.229,-1.253,-0.626,-0.075,-0.268,2.813
359.0,Azerbaycan Tibb Universiteti,AZE,10374.0,0.023,medium,787.0,-1.225,-0.071,-0.879,1.247,-0.475,2.954,-1.413,-0.268,0.108
91386.0,Longdong University,CHN,10376.0,-0.032,low,668.0,0.884,-0.578,-1.152,1.645,-1.292,0.725,-1.413,-0.268,-0.433
78744.0,"Islamic Azad University, Qom",IRN,10377.0,-0.597,very low,491.0,-0.963,-0.606,-0.745,0.412,-1.055,-2.696,-1.413,-0.268,-0.165
77711.0,Navsari Agricultural University,IND,10377.0,-0.124,low,471.0,-1.696,0.117,-0.898,1.119,-1.092,2.277,-1.413,-0.268,-1.186
80605.0,Facultad Latinoamericana de Ciencias Sociales,MUL,10383.0,-0.018,low,899.0,1.451,0.023,-0.306,0.036,-0.672,0.595,-1.004,-0.268,-0.605
6126.0,Adekunle Ajasin University,NGA,10385.0,-0.132,low,877.0,0.722,-0.381,1.215,0.348,-0.792,-0.215,-1.413,-0.268,-0.029
77248.0,Chelyabinsk State University,RUS,10386.0,0.369,medium,1200.0,1.129,-0.268,5.314,-0.154,-0.895,-0.885,-1.413,-0.268,7.184
1967.0,Universite Marien Ngouabi,COG,10387.0,1.177,significant,481.0,0.042,3.63,-1.041,-0.002,0.568,3.524,-1.413,-0.268,1.991
97819.0,Vishwakarma Institute of Information Technology,IND,10390.0,0.894,medium,1659.0,-1.158,1.009,0.383,3.422,-1.254,-0.412,1.426,-0.268,-0.577
99113.0,Shanxi Institute of Energy,CHN,10390.0,-0.222,low,339.0,3.0,-0.681,-1.46,0.071,-1.258,0.628,-1.413,-0.268,-1.186
78775.0,"Islamic Azad University, South Tehran branch",IRN,10394.0,0.308,medium,1911.0,-1.416,2.362,-0.369,0.029,-1.388,0.483,-1.413,-0.268,-0.662
91947.0,Irkutsk State Medical University,RUS,10396.0,-0.236,low,833.0,-1.603,0.051,1.672,-0.232,-0.614,1.319,-1.413,-0.268,0.093
6838.0,Universidade da Maia,PRT,10398.0,0.395,medium,871.0,6.792,-0.428,-0.221,0.294,-0.76,-0.67,-0.464,-0.268,-1.186
96810.0,"Vietnam National University System, Hanoi",MUL,10399.0,0.31,medium,6806.0,0.927,0.493,-0.539,0.767,-0.242,1.472,-0.877,-0.268,-0.076
9022.0,Great Zimbabwe University,ZWE,10400.0,-0.191,low,613.0,1.983,-0.071,-0.051,-0.375,-1.282,-1.176,-0.814,-0.268,-1.186
11949.0,Dubna State University,RUS,10400.0,0.125,medium,996.0,1.069,-0.428,3.109,-0.178,1.744,0.813,-1.413,-0.268,1.335
84867.0,Togliatti State University,RUS,10404.0,0.763,medium,936.0,-0.694,-0.127,2.985,4.533,-1.245,-0.59,-1.413,-0.268,1.487
8647.0,Ivano-Frankivsk National Medical University,UKR,10406.0,0.044,medium,792.0,-1.497,0.023,0.089,1.368,-0.91,2.576,-1.413,-0.268,-0.13
358.0,Azerbaijan Technical University,AZE,10407.0,0.127,medium,513.0,-0.952,-0.061,3.83,0.982,-1.259,-0.556,-1.413,-0.268,2.237
91861.0,Beijing City University,CHN,10411.0,0.612,medium,511.0,-0.435,2.709,-1.832,0.886,-1.116,0.813,-1.413,-0.268,-1.186
9245.0,Shanghai Urban Construction Vocational College,CHN,10413.0,-0.334,very low,523.0,-0.443,-0.616,-1.661,1.152,-1.401,0.904,-1.413,-0.268,-1.186
78720.0,"Islamic Azad University, Shahrekord Branch",IRN,10414.0,0.424,medium,901.0,-0.511,1.657,0.313,1.368,-1.104,-1.683,-1.413,-0.268,-0.073
2595.0,Ecole Superieure des Sciences Economiques et Commerciales,FRA,10414.0,-0.442,very low,652.0,-0.909,-0.061,-1.587,-0.545,-1.066,0.271,-1.413,-0.268,1.273
99054.0,Madras Christian College,IND,10417.0,0.165,medium,532.0,3.127,-0.475,-0.038,1.32,-1.31,-0.45,-1.413,-0.268,-0.235
8327.0,Universite de Jendouba,TUN,10417.0,0.114,medium,1101.0,3.641,-0.371,-0.046,0.878,-1.136,-1.46,-1.413,-0.268,-0.274
97044.0,CMR Technical Campus,IND,10419.0,0.452,medium,668.0,-1.192,-0.39,-0.794,2.27,-1.292,0.085,-0.745,-0.268,8.719
11974.0,Ivanovo State University of Chemistry and Technology,RUS,10421.0,1.987,significant,1154.0,-1.33,-0.559,8.565,-0.455,-1.001,-0.415,-1.413,21.351,0.548
98820.0,Inner Mongolia University of Finance and Economics,CHN,10422.0,0.002,medium,476.0,0.691,-0.606,-1.364,1.759,-1.146,-0.85,-1.413,-0.268,1.971
4008.0,Malek-Ashtar University of Technology,IRN,10422.0,-0.027,low,1524.0,-1.591,1.582,-0.298,-0.1,-1.353,-0.575,-1.413,-0.268,-0.856
97089.0,FORE School of Management,IND,10427.0,-0.286,very low,344.0,-0.484,-0.127,-1.659,-0.545,-1.048,3.242,-1.413,-0.268,1.02
928.0,Prof Dr Assen Zlatarov University,BGR,10429.0,0.201,medium,668.0,-1.604,-0.221,4.382,1.41,-1.11,-0.204,-0.902,-0.268,2.197
12189.0,Yanbu Industrial College,SAU,10430.0,-0.283,very low,434.0,-0.418,-0.738,-0.937,1.019,-0.785,0.633,-1.413,-0.268,-0.033
96251.0,"Institute of Engineering and Management, Kolkata",IND,10442.0,0.199,medium,1137.0,0.952,-0.343,-1.108,2.854,-1.145,-1.375,-1.413,-0.268,-0.282
91949.0,Cherepovets State University,RUS,10446.0,0.549,medium,642.0,-1.303,0.784,6.691,0.594,-1.098,3.243,-0.698,-0.268,-0.394
26197.0,"CGC University, Mohali",IND,10449.0,-0.48,very low,844.0,-1.34,-0.127,-1.071,0.878,-0.941,-3.721,-1.413,-0.268,-0.585
52.0,Ecole Normale Superieure de Kouba Bachir el Ibrahimi,DZA,10450.0,-0.012,low,475.0,3.958,-0.324,0.317,-0.435,-1.196,-0.088,-1.413,-0.268,-0.138
98324.0,Lloyd Group of Institutions,IND,10455.0,1.847,significant,999.0,-1.253,4.7,4.022,0.344,-1.377,0.297,2.816,-0.268,1.827
84221.0,Belgorod State Technological University,RUS,10458.0,0.936,medium,1524.0,0.229,-0.531,4.701,4.939,-1.321,-1.082,-1.413,-0.268,2.756
92661.0,Al Maarif University,IRQ,10458.0,4.623,significant,738.0,-0.643,13.82,-0.459,2.569,-1.072,0.879,1.467,-0.268,-1.186
78726.0,"Islamic Azad University, Khomeinishahr",IRN,10458.0,2.837,significant,938.0,-1.602,8.767,0.921,-0.323,-1.349,-1.058,5.651,-0.268,-0.652
97076.0,PSNA College of Engineering & Technology,IND,10462.0,0.18,medium,1326.0,-1.706,-0.127,-0.631,2.882,-1.346,0.705,-1.413,-0.268,0.878
96374.0,Kemerovo State Medical University,RUS,10464.0,0.406,medium,547.0,-1.257,0.004,4.318,0.41,0.641,3.88,-1.413,-0.268,3.501
4019.0,Qom University,IRN,10465.0,-0.149,low,1630.0,-1.353,0.436,0.23,0.128,-1.326,-0.997,-0.56,-0.268,0.347
97070.0,Poornima University,IND,10466.0,0.431,medium,466.0,-1.078,-0.193,-0.465,3.715,-1.297,-1.503,-1.413,-0.268,3.694
98069.0,Al-Manara University,IRQ,10468.0,1.106,significant,625.0,-1.389,1.845,-0.253,4.303,-0.352,-2.603,-0.825,-0.268,2.008
78962.0,Vasyl' Stus Donetsk National University,UKR,10469.0,0.317,medium,730.0,-0.356,-0.127,1.737,1.816,-0.902,0.818,-1.413,-0.268,2.254
70963.0,Yogi Vemana University,IND,10470.0,-0.45,very low,808.0,-1.009,-0.559,-0.233,0.36,-1.251,-0.792,-0.536,-0.268,-1.186
3282.0,Sanskriti University,IND,10473.0,1.163,significant,789.0,-1.48,-0.033,-2.002,7.598,-1.309,0.738,-1.413,-0.268,1.971
92653.0,Al-Esraa University College,IRQ,10473.0,0.777,medium,840.0,-1.01,-0.09,-0.272,5.487,-0.534,-0.294,-1.413,-0.268,0.602
92211.0,University of Fallujah,IRQ,10475.0,2.189,significant,598.0,-0.763,0.399,0.764,10.898,-1.279,3.537,-1.413,-0.268,-0.349
29.0,Universite Larbi Tebessi,DZA,10478.0,0.432,medium,1204.0,0.268,1.263,0.658,0.67,-1.3,0.317,-1.413,-0.268,1.529
47.0,Ecole Nationale Polytechnique,DZA,10478.0,-0.36,very low,1343.0,1.344,-0.371,0.488,-0.273,-1.347,-1.538,-1.413,-0.268,-0.816
71637.0,Aviation University of Air Force,CHN,10480.0,0.202,medium,533.0,-0.773,0.474,-1.35,1.415,-1.173,4.157,-1.413,-0.268,-1.186
92505.0,Ecole Nationale des Sciences Appliquees de Agadir,MAR,10482.0,-0.026,low,620.0,-0.619,-0.437,0.792,1.14,-1.244,0.09,-0.778,-0.268,1.233
44.0,Universite Ziane Achour de Djelfa,DZA,10483.0,-0.057,low,1091.0,0.771,-0.324,1.084,0.269,-1.245,-0.066,-1.076,-0.268,1.104
11128.0,Osh State University,KGZ,10485.0,0.197,medium,413.0,-1.496,-0.249,3.082,1.985,-0.931,0.399,-1.413,-0.268,1.305
78636.0,Azerbaijan University of Architecture and Construction,AZE,10487.0,-0.105,low,333.0,-0.328,-0.09,3.787,-0.075,-1.401,0.038,-1.413,-0.268,0.337
97100.0,"University of Engineering & Management, Kolkata",IND,10489.0,0.871,medium,1039.0,1.394,1.958,-0.661,1.365,-1.167,0.19,0.14,-0.268,-0.689
96270.0,"Yeshwantrao Chavan College of Engineering, Nagpur",IND,10490.0,0.692,medium,1302.0,-1.032,0.098,0.576,3.989,-1.308,0.294,0.189,-0.268,-0.036
91916.0,Hamedan University of Technology,IRN,10493.0,-0.107,low,671.0,-1.288,0.681,0.728,background: #ffffff; color: #000000;,-1.401,-1.126,-0.064,-0.268,-1.186
22724.0,Tinbergen Institute,NLD,10498.0,0.468,medium,641.0,9.574,-0.024,-1.266,-0.545,-1.249,-1.178,-1.413,-0.268,-0.404
77651.0,Tianshui Normal University,CHN,10499.0,-0.38,very low,685.0,0.233,-0.625,-0.751,0.065,-0.94,0.214,-1.413,-0.268,0.272
97971.0,Shandong Institute of Commerce and Technology,CHN,10500.0,0.009,medium,753.0,-1.048,0.99,-1.919,0.565,-1.336,-0.099,-1.413,-0.268,0.794
43.0,Universite Mustapha Stambouli de Mascara,DZA,10501.0,0.197,medium,1518.0,0.847,-0.324,0.579,0.418,-1.257,2.006,0.462,-0.268,0.794
37.0,Universite Abbes Laghrour Khenchela,DZA,10501.0,0.185,medium,738.0,1.913,-0.381,1.567,0.304,-1.204,0.644,-0.862,-0.268,2.197
98752.0,Weifang Engineering Vocational College,CHN,10503.0,-0.371,very low,455.0,-1.279,0.032,-2.145,0.718,-1.401,0.16,-1.413,-0.268,-1.186
350.0,Azerbaijan State Oil and Industry University,AZE,10503.0,0.608,medium,1688.0,-0.681,-0.184,4.177,3.694,-1.185,-0.91,-1.157,-0.268,0.607
78743.0,"Islamic Azad University, Qazvin",IRN,10506.0,-0.216,low,1234.0,-0.907,-0.024,-0.643,0.64,-1.322,-0.438,-1.413,-0.268,0.841
96989.0,Ghana Communication Technology University,GHA,10507.0,1.045,medium,318.0,1.433,3.385,-1.001,1.262,-1.019,-0.758,-1.413,-0.268,-1.186
98594.0,Kristu Jayanti University,IND,10507.0,-0.075,low,916.0,-1.324,-0.071,-0.141,0.253,-1.374,2.083,0.306,-0.268,-0.076
86542.0,Tongren University,CHN,10509.0,-0.046,low,876.0,0.924,-0.644,-0.26,-0.367,-1.096,1.545,1.762,-0.268,-0.61
95308.0,Universite d'Ain Temouchent,DZA,10512.0,0.278,medium,573.0,2.925,-0.428,0.907,0.093,-1.189,3.392,-0.612,-0.268,0.558
8867.0,Tashkent State Pedagogical University,UZB,10514.0,2.214,significant,708.0,1.419,3.517,-0.479,2.406,-0.681,4.638,3.776,-0.268,0.232
96250.0,Shri Ramdeobaba College of Engineering and Management,IND,10517.0,0.359,medium,1089.0,-1.22,-0.249,0.11,4.396,-1.401,-0.634,-1.413,-0.268,-1.186
12103.0,Tula State University,RUS,10518.0,0.419,medium,1015.0,-0.979,0.408,5.514,0.484,-1.281,-0.119,-1.413,-0.268,5.207
98290.0,Sri Sri University,IND,10521.0,0.096,medium,462.0,-0.828,-0.315,-0.859,2.281,-1.033,1.687,-1.413,-0.268,-0.088
84638.0,Chongqing Industry Polytechnic College,CHN,10524.0,0.371,medium,459.0,-0.277,0.023,-1.651,3.438,-1.401,0.587,-1.413,-0.268,-0.096
12896.0,Francisk Skorina Gomel State University,BLR,10525.0,0.136,medium,538.0,0.122,-0.193,3.025,-0.448,-0.95,0.413,-1.413,-0.268,6.297
97227.0,Vasavi College of Engineering,IND,10526.0,0.306,medium,618.0,-0.817,-0.212,0.171,2.667,-1.401,0.168,-0.245,-0.268,0.448
98314.0,New Uzbekistan University,UZB,10526.0,0.993,medium,876.0,7.057,-0.23,-0.08,0.349,-1.013,-0.807,4.248,-0.268,-0.327
97057.0,"CMR Group of Institutions, Hyderabad",IND,10528.0,0.486,medium,2196.0,-1.083,0.314,-0.231,2.785,-1.257,-0.671,-0.935,-0.268,3.426
97121.0,Silicon University,IND,10532.0,-0.045,low,490.0,-1.038,-0.277,-0.429,0.521,-1.351,-0.566,-1.413,-0.268,6.464
77704.0,Shobhit University,IND,10533.0,0.745,medium,334.0,2.698,-0.54,-1.105,3.052,-1.255,2.741,0.158,-0.268,0.381
78810.0,"Islamic Azad University, Sari Branch",IRN,10534.0,-0.029,low,880.0,-1.047,-0.277,-1.53,1.117,-1.208,1.442,-1.413,-0.268,3.372
97058.0,"CMR Institute of Technology, Hyderabad",IND,10534.0,0.469,medium,614.0,-1.32,-0.09,-0.237,2.943,-1.322,-0.085,-0.43,-0.268,3.831
78538.0,Prince Abubakar Audu University,NGA,10534.0,-0.105,low,515.0,1.083,-0.268,-0.051,0.266,-0.694,1.579,-1.413,-0.268,-1.186
81022.0,Kosygin Russian State University,RUS,10538.0,0.354,medium,756.0,-0.027,0.023,2.001,1.597,-1.272,3.735,-1.413,-0.268,-0.49
97060.0,CMR Engineering College,IND,10541.0,1.027,medium,375.0,-1.329,2.737,-1.588,3.076,-1.271,1.867,-1.413,-0.268,-1.186
97242.0,Narula Institute of Technology,IND,10541.0,-0.336,very low,393.0,0.047,-0.503,0.493,0.385,-1.154,-0.129,-1.413,-0.268,-1.186
78667.0,Centre Universitaire Abdelhafid Boussouf de Mila,DZA,10543.0,0.184,medium,351.0,1.446,-0.202,3.234,0.496,-1.263,-3.137,-1.413,-0.268,4.539
93902.0,Azerbaijan University,AZE,10551.0,2.344,significant,509.0,9.242,-0.578,1.821,4.176,-1.115,-1.108,6.681,-0.268,2.748
8609.0,Polissia National University,UKR,10552.0,0.176,medium,632.0,-1.255,-0.043,3.451,2.1,-0.44,-0.574,-1.413,-0.268,-1.186
98655.0,Changji University,CHN,10556.0,-0.283,very low,356.0,1.962,-0.738,-1.227,0.482,-1.401,-1.308,-1.413,-0.268,0.21
77700.0,West Bengal State University,IND,10557.0,-0.194,low,676.0,-1.2,-0.428,-0.551,1.078,-1.114,1.219,-0.908,-0.268,-0.431
73.0,Universite Ahmed Draia d'Adrar,DZA,10559.0,-0.105,low,578.0,0.268,-0.315,0.009,-0.093,-0.939,2.519,-1.413,-0.268,1.41
6154.0,"Michael Okpara University of Agriculture, Umudike",NGA,10562.0,0.033,medium,1225.0,0.069,-0.381,1.641,1.16,-0.568,-1.118,-0.438,-0.268,-0.371
90768.0,Xianyang Normal University,CHN,10567.0,0.249,medium,649.0,0.617,0.38,-1.207,1.789,-1.177,-0.291,-1.413,-0.268,0.354
84951.0,Tambov State University,RUS,10569.0,0.186,medium,757.0,1.572,-0.184,2.777,0.559,-1.176,-1.611,-1.413,-0.268,2.815
96360.0,Moscow Automobile and Road Construction State Technical University,RUS,10570.0,1.093,medium,1012.0,-0.1,-0.259,3.244,5.288,-1.329,0.73,-0.959,-0.268,2.261
91883.0,Mudanjiang Normal University,CHN,10572.0,0.447,medium,559.0,0.228,0.652,-0.167,1.791,-1.271,1.158,-1.413,-0.268,1.059
84868.0,St Petersburg Academic University,RUS,10574.0,0.603,medium,982.0,5.563,-0.503,4.352,-0.439,0.503,-0.327,0.685,-0.268,0.344
98702.0,Velammal College of Engineering and Technology,IND,10575.0,-0.472,very low,703.0,-1.739,0.239,-0.54,-0.1,-1.366,-2.315,-1.413,-0.268,0.587
97244.0,Vivekananda Global University,IND,10575.0,0.523,medium,1884.0,-0.522,-0.099,0.182,2.921,-1.156,-0.338,0.119,-0.268,2.023
8870.0,Karshi State University,UZB,10577.0,0.534,medium,324.0,-1.288,0.126,1.341,3.002,-1.026,1.661,-1.413,-0.268,1.889
31.0,Universite Chadli Bendjedid El Tarf,DZA,10578.0,-0.01,low,356.0,1.26,-0.334,0.291,0.482,-1.264,1.475,-1.413,-0.268,0.225
67397.0,Zhejiang International Studies University,CHN,10579.0,-0.416,very low,370.0,-1.018,-0.306,-1.582,0.16,-1.204,2.247,-1.413,-0.268,-1.186
77748.0,Mianyang Normal University,CHN,10580.0,-0.067,low,938.0,0.889,-0.24,-0.944,0.903,-0.806,1.02,-1.413,-0.268,-1.186
7716.0,Tambov State Technical University,RUS,10581.0,0.479,medium,880.0,-0.579,-0.324,3.193,2.72,-1.042,-0.02,-1.011,-0.268,2.232
8089.0,University of Khartoum,SDN,10582.0,0.446,medium,2705.0,2.869,0.126,-0.679,0.961,-0.135,2.174,-0.807,-0.268,-0.627
91868.0,Aksum University,ETH,10584.0,0.981,medium,603.0,1.57,1.883,-2.196,0.927,0.693,5.845,-1.413,-0.268,0.503
98226.0,Hebei University of Environmental Engineering,CHN,10587.0,-0.273,very low,290.0,0.843,-0.663,-1.15,1.076,-1.401,-0.37,-1.413,-0.268,-1.186
97614.0,University of Religions and Denominations,IRN,10589.0,0.349,medium,352.0,6.796,-0.315,-1.147,0.196,-1.125,-0.138,-1.413,-0.268,0.267
96113.0,Al-Farahidi University,IRQ,10590.0,5.19,significant,2317.0,-1.03,14.412,0.272,3.175,-0.814,3.266,1.169,-0.268,2.16
91281.0,Handan College,CHN,10591.0,0.636,medium,483.0,1.172,-0.475,0.404,3.889,-0.999,1.256,-1.413,-0.268,0.369
97981.0,Juraj Dobrila University of Pula,HRV,10592.0,-0.263,very low,666.0,-0.178,-0.334,-1.15,0.16,-0.854,-0.625,0.399,-0.268,-1.186
77726.0,Hexi University,CHN,10592.0,-0.042,low,792.0,0.664,-0.014,-1.059,0.708,-1.309,1.377,-1.413,-0.268,-0.553
92745.0,Ecole Nationale d'Ingenieurs de Gabes,TUN,10595.0,-0.087,low,1063.0,0.746,-0.418,-0.096,0.437,-1.241,-0.108,-0.352,-0.268,0.22
70692.0,Tashkent Institute of Textile and Light Industry,UZB,10600.0,0.725,medium,431.0,-0.263,0.446,6.408,2.121,-1.288,2.138,-1.413,-0.268,-0.033
97163.0,Kalyani Government Engineering College,IND,10601.0,-0.147,low,679.0,-1.626,-0.418,1.426,0.455,-1.401,-1.311,0.307,-0.268,2.222
84871.0,Pacific National University,RUS,10602.0,0.977,medium,691.0,-1.159,0.295,2.155,4.444,-1.155,0.441,-1.413,-0.268,4.236
3950.0,Arak University of Technology,IRN,10603.0,-0.395,very low,589.0,-1.722,0.455,0.325,-0.191,-1.401,-0.807,-1.413,-0.268,-1.186
80620.0,"Islamic Azad University, Rasht",IRN,10605.0,2.51,significant,1209.0,-0.847,8.645,-0.194,-0.113,-0.959,1.642,-0.187,-0.268,0.9
96146.0,Al-Nisour University College,IRQ,10606.0,1.659,significant,1329.0,-1.772,2.925,0.529,4.054,-0.451,-1.969,2.151,-0.268,1.074
991.0,Universite de Yaounde II,CMR,10607.0,-0.055,low,366.0,-0.804,-0.099,0.72,1.453,-1.268,-1.008,-1.413,-0.268,0.212
98606.0,Baise University,CHN,10609.0,0.041,medium,540.0,0.161,-0.578,-1.095,2.163,-1.356,2.311,-1.413,-0.268,-1.186
92619.0,University of Samarra,IRQ,10612.0,1.566,significant,543.0,-0.954,-0.108,0.857,8.21,-1.356,0.543,-1.413,-0.268,4.365
78747.0,"Islamic Azad University, Sanandaj Branch",IRN,10614.0,1.645,significant,605.0,-1.498,6.71,-0.995,-0.027,-1.321,0.117,-1.413,-0.268,1.298
96490.0,Shupyk National Healthcare University of Ukraine,UKR,10614.0,0.043,medium,1757.0,-1.53,0.042,-1.427,0.079,-0.489,4.727,-1.413,-0.268,3.903
1341.0,Guizhou University of Engineering Science,CHN,10617.0,-0.27,very low,446.0,2.15,-0.691,-1.091,0.509,-1.183,-0.765,-1.413,-0.268,-1.186
4782.0,Kim Il Sung University,PRK,10620.0,0.203,medium,776.0,-0.412,0.981,1.222,-0.343,-1.37,0.229,-1.413,-0.268,3.66
98349.0,RK University,IND,10620.0,0.665,medium,555.0,1.188,-0.146,3.773,1.525,-1.313,-1.051,2.086,-0.268,0.645
98626.0,Poornima College of Engineering,IND,10624.0,-0.209,low,359.0,-0.68,-0.268,-0.688,0.91,-1.333,-2.573,-1.413,-0.268,3.096
77705.0,Huainan Normal University,CHN,10625.0,0.506,medium,989.0,2.239,0.624,-0.563,1.567,-1.327,-0.444,-1.413,-0.268,1.328
89080.0,Henan Institute of Technology,CHN,10629.0,0.584,medium,782.0,0.776,0.85,-0.526,2.461,-1.339,0.324,-1.413,-0.268,0.088
99075.0,Shandong Women's University,CHN,10634.0,0.995,medium,585.0,0.67,1.216,-1.684,4.545,-1.401,-0.132,-1.413,-0.268,-0.336
1420.0,Jilin Engineering Normal University,CHN,10636.0,1.84,significant,1125.0,-0.229,1.723,-1.11,8.278,-1.358,0.164,-1.413,-0.268,-0.523
98298.0,Maharishi University of Information Technology,IND,10637.0,0.64,medium,1050.0,-1.507,0.014,-1.152,3.833,-1.401,1.068,1.336,-0.268,-0.24
3391.0,Narendra Deva University of Agriculture and Technology,IND,10640.0,-0.215,low,299.0,-1.243,-0.071,-1.626,0.503,-0.995,3.775,-1.413,-0.268,-1.186
98045.0,Al-Zahraa University for Women,IRQ,10642.0,1.114,significant,471.0,-0.635,0.38,-1.158,4.778,-0.834,2.619,1.094,-0.268,-0.128
92947.0,Modern College of Business and Science,OMN,10642.0,-0.031,low,284.0,-0.992,-0.014,0.592,0.558,-1.23,2.494,-1.413,-0.268,0.717
96321.0,Marri Laxman Reddy Institute of Technology and Management,IND,10644.0,0.247,medium,483.0,-1.207,0.821,-0.383,1.834,-1.401,-0.637,-1.413,-0.268,0.876
8333.0,Universite de Sousse,TUN,10646.0,0.367,medium,5243.0,2.93,0.089,0.109,1.019,-1.058,-0.297,-0.75,-0.268,0.155
98454.0,Al-Hikma University,IRQ,10651.0,0.213,medium,231.0,-0.53,-0.099,-0.004,2.395,-1.296,2.177,-1.413,-0.268,-1.186
97167.0,Al-Zahrawi University College,IRQ,10655.0,1.053,medium,530.0,-1.263,-0.108,0.145,6.946,-0.851,0.737,-1.413,-0.268,-0.22
10194.0,Western Galilee College,ISR,10655.0,-0.371,very low,355.0,0.178,-0.259,0.668,-0.398,-1.332,-0.93,-1.413,-0.268,0.329
1361.0,Hebei University of Economics and Business,CHN,10658.0,-0.043,low,975.0,-0.034,-0.24,-1.312,1.49,-1.177,0.704,-1.413,-0.268,-0.163
70953.0,Rajiv Gandhi Proudyogiki Vishwavidyalaya,IND,10658.0,0.207,medium,817.0,-1.645,-0.39,-1.272,3.355,-1.401,-0.405,-0.498,-0.268,0.97
93261.0,Malayer University,IRN,10660.0,-0.438,very low,1191.0,-1.325,-0.39,0.264,0.288,-1.279,-1.242,-1.413,-0.268,0.697
77694.0,University Visvesvaraya College of Engineering,IND,10664.0,5.318,significant,588.0,4.1,15.689,0.107,1.498,-1.401,-0.407,-0.119,-0.268,0.505
98961.0,Chengdu Neusoft University,CHN,10665.0,0.612,medium,328.0,-0.076,1.62,-0.065,2.003,-1.253,0.524,-1.413,-0.268,-1.186
90988.0,Suqian University,CHN,10665.0,0.574,medium,831.0,2.216,-0.353,0.41,2.535,-1.401,0.948,-1.413,-0.268,2.418
97726.0,Shandong Huayu University of Technology,CHN,10667.0,0.142,medium,322.0,-0.781,1.103,-1.975,1.239,-1.401,-0.782,-1.413,-0.268,0.356
8427.0,Trakya University,TUR,10669.0,-0.301,very low,2759.0,-1.38,0.051,-1.027,0.004,0.025,0.627,-1.104,-0.268,-0.453
98329.0,Al-Noor University College,IRQ,10671.0,2.102,significant,973.0,-1.597,4.851,-0.863,4.233,-0.777,5.388,-1.413,-0.268,-1.186
93414.0,Ayatollah Borujerdi University,IRN,10671.0,-0.411,very low,490.0,-1.14,-0.409,0.199,0.094,-1.351,1.832,-1.413,-0.268,-1.186
3241.0,Assam University,IND,10677.0,-0.128,low,1987.0,-1.338,-0.447,-0.137,1.558,-1.083,-0.856,-0.984,-0.268,1.141
97723.0,Hubei Polytechnic University,CHN,10679.0,-0.081,low,1147.0,1.232,-0.362,-0.162,1.003,-1.104,-0.554,-1.413,-0.268,-0.749
12171.0,Jubail Industrial College,SAU,10681.0,-0.519,very low,387.0,-1.15,-0.597,-0.461,0.805,-1.15,-1.55,-1.413,-0.268,-1.186
70647.0,Samarkand State University,UZB,10683.0,2.421,significant,520.0,8.527,-0.221,8.26,5.08,-1.307,-1.38,-0.58,-0.268,8.498
95118.0,KUT University College,IRQ,10688.0,5.367,significant,447.0,1.889,13.735,-1.07,4.714,-1.075,0.888,2.08,-0.268,-0.063
8326.0,Universite de Gafsa,TUN,10688.0,0.176,medium,948.0,4.076,-0.484,0.031,0.447,-1.094,1.039,-1.413,-0.268,-0.125
77739.0,Manav Rachna International Institute of Research and Studies,IND,10690.0,0.141,medium,1674.0,-1.283,-0.23,-0.516,2.138,-1.227,0.452,-0.755,-0.268,1.556
78817.0,"Islamic Azad University, Ayatollah Amoli",IRN,10692.0,-0.394,very low,642.0,-1.264,0.436,-0.216,-0.382,-1.401,-1.063,-1.413,-0.268,-0.406
96615.0,Wuhan Business University,CHN,10695.0,0.104,medium,1424.0,-0.977,0.774,-1.318,0.959,-1.299,1.314,-1.413,-0.268,0.212
98661.0,Siddhartha Academy of Higher Education,IND,10701.0,0.008,medium,2680.0,-1.264,-0.108,-0.257,1.521,-1.383,-0.279,-1.286,-0.268,2.274
98152.0,Wuhan Technology and Business University,CHN,10704.0,1.29,significant,473.0,0.839,2.982,-1.9,2.547,-1.195,3.683,-1.413,-0.268,-1.186
7631.0,St. Petersburg State University of Industrial and Design,RUS,10705.0,0.605,medium,687.0,-0.555,-0.155,5.049,0.671,-1.295,1.652,-1.413,-0.268,9.407
78763.0,"Islamic Azad University, Varamin",IRN,10709.0,-0.508,very low,629.0,-1.113,-0.447,0.134,0.119,-1.362,-0.76,-1.413,-0.268,-0.386
78755.0,"Islamic Azad University, Shiraz Branch",IRN,10718.0,0.133,medium,1230.0,-0.752,1.15,-0.54,0.559,-1.263,-0.036,-1.413,-0.268,0.237
98297.0,Western Caspian University,AZE,10719.0,1.752,significant,1318.0,8.267,0.756,5.711,0.683,-1.014,-0.367,1.573,-0.268,4.308
99112.0,Dr BC Roy Engineering College,IND,10720.0,-0.078,low,630.0,-0.539,-0.306,2.197,0.615,-1.401,-1.728,-1.413,-0.268,3.193
85165.0,Zhengzhou University of Science and Technology,CHN,10724.0,0.571,medium,377.0,-0.9,-0.371,-1.163,5.136,-1.337,0.635,-1.413,-0.268,0.133
2498.0,Ecole des Hautes Etudes Commerciales de Paris,FRA,10725.0,-0.506,very low,698.0,0.212,-0.146,-1.586,-0.545,-0.844,-1.259,-1.413,-0.268,-0.428
98495.0,Mazaya University College,IRQ,10731.0,3.325,significant,514.0,-1.318,9.678,0.382,1.487,0.961,0.837,-0.622,-0.268,4.715
8328.0,Universite de Kairouan,TUN,10733.0,1.175,significant,938.0,4.019,2.756,2.177,0.457,-1.349,-0.785,-1.413,-0.268,0.416
590.0,Universite de Parakou,BEN,10734.0,-0.222,low,654.0,1.419,-0.306,0.324,-0.146,-0.324,-0.307,-1.413,-0.268,-1.186
80497.0,Lipetsk State Technical University,RUS,10735.0,0.18,medium,659.0,-1.544,0.004,6.919,0.564,-1.401,-1.466,-1.413,-0.268,3.722
6623.0,Caraga State University,PHL,10738.0,0.575,medium,468.0,0.548,0.418,1.497,2.915,-1.193,-2.044,-0.684,-0.268,-0.12
92701.0,"Arab Open University, Palestine",PSE,10739.0,1.53,significant,922.0,10.435,-0.212,-1.075,3.988,-1.217,0.809,-1.413,-0.268,-0.098
84850.0,Samara State University of Economics,RUS,10751.0,0.206,medium,1071.0,-1.688,-0.146,5.407,2.625,-1.401,-2.531,-1.413,-0.268,-0.25
78753.0,"Islamic Azad University, Shahr-e-Ray",IRN,10753.0,1.135,significant,630.0,-0.916,5.029,-0.796,-0.048,-1.362,-1.797,-0.684,-0.268,0.419
7626.0,St Petersburg State University of Aerospace Instrumentation,RUS,10755.0,0.447,medium,1315.0,-0.536,-0.277,5.84,2.275,-1.309,-1.221,-1.413,-0.268,2.629
70123.0,Al-Hadi University College,IRQ,10756.0,0.178,medium,527.0,-1.615,-0.296,1.664,2.527,-0.572,-1.898,-1.413,-0.268,2.622
36.0,Universite de Khemis Miliana,DZA,10758.0,0.826,medium,472.0,0.316,3.789,-0.236,-0.324,-1.195,0.43,-1.413,-0.268,-1.186
98689.0,Manav Rachna University,IND,10759.0,-0.16,low,635.0,-0.963,-0.334,0.295,1.429,-1.286,-1.045,-1.413,-0.268,0.414
90729.0,Yellow River Conservancy Technical Institute,CHN,10760.0,0.69,medium,442.0,0.037,-0.052,-1.809,5.128,-1.401,1.288,-1.413,-0.268,-1.186
95086.0,Ahl Al-Bayt University,IRQ,10762.0,0.154,medium,442.0,-1.574,-0.202,-1.828,1.464,-1.016,-0.644,2.832,-0.268,-0.056
78804.0,"Islamic Azad University, Qaemshahr",IRN,10767.0,-0.657,very low,600.0,-1.474,-0.456,-0.384,-0.11,-1.401,-1.514,-1.413,-0.268,-0.351
7269.0,Kirov Military Medical Academy,RUS,10767.0,0.24,medium,2543.0,-0.413,0.079,3.146,-0.34,-0.437,0.222,-0.959,-0.268,6.032
24.0,Polytechnic University of Tirana,ALB,10770.0,0.453,medium,575.0,-1.416,0.474,1.526,1.362,-1.021,1.52,-1.413,-0.268,4.936
77727.0,Yuncheng University,CHN,10773.0,0.544,medium,583.0,2.179,1.131,-1.096,0.53,-1.151,1.841,-1.413,-0.268,1.392
97618.0,"National University of Science and Technology, Iraq",IRQ,10778.0,0.891,medium,1769.0,-0.684,1.789,1.145,1.995,-0.92,-0.223,-0.308,-0.268,1.631
97940.0,Krasnoyarsk State Medical University,RUS,10781.0,0.474,medium,1471.0,-0.113,-0.043,0.945,-0.048,0.497,1.87,-0.53,-0.268,8.438
3411.0,Orissa University of Agriculture and Technology,IND,10787.0,-0.299,very low,1308.0,-1.102,-0.23,-0.216,0.214,-0.937,0.714,-1.413,-0.268,0.563
62813.0,Saint Petersburg State Institute of Technology,RUS,10789.0,-0.029,low,1241.0,0.91,-0.447,4.155,-0.083,-1.244,-0.986,-1.413,-0.268,2.043
95288.0,Centro de Educacao em Saude Abram Szajman,BRA,10790.0,-0.248,low,420.0,2.872,-0.362,-0.947,-0.421,-0.649,-2.111,-1.413,-0.268,0.232
78754.0,"Islamic Azad University, Shahrood Branch",IRN,10791.0,0.844,medium,527.0,-0.833,3.968,-1.194,0.248,-1.309,0.808,-1.413,-0.268,-1.186
92553.0,"Institute of Management Technology, Dubai",ARE,10791.0,0.273,medium,242.0,-1.673,0.079,-1.949,-0.33,-1.401,0.638,7.045,-0.268,-1.186
98370.0,Al-Amarah University College,IRQ,10793.0,1.282,significant,421.0,-1.086,1.967,4.212,-0.421,-1.17,3.121,5.443,-0.268,1.186
90966.0,Nanning University,CHN,10794.0,-0.118,low,801.0,1.697,-0.353,-1.344,0.433,-1.31,1.827,-1.413,-0.268,-1.186
1221.0,Baicheng Normal University,CHN,10796.0,0.241,medium,442.0,1.79,-0.681,0.453,1.7,-1.236,-0.365,-0.434,-0.268,1.072
3251.0,Bangalore University,IND,10799.0,1.897,significant,1594.0,0.727,5.48,0.562,1.257,-1.233,-1.678,-0.104,-0.268,1.665
98614.0,Sairam Group of Institutions,IND,10801.0,0.024,medium,3756.0,-1.379,0.22,-0.078,1.249,-1.362,0.088,-1.2,-0.268,1.211
98690.0,Lanzhou Institute of Technology,CHN,10803.0,-0.13,low,478.0,0.89,-0.165,-0.511,0.657,-1.248,0.286,-1.413,-0.268,-1.186
86250.0,Chongqing College of Architecture and Technology,CHN,10804.0,0.464,medium,345.0,-1.249,1.084,-2.262,3.846,-1.401,-1.909,-1.413,-0.268,-1.186
93415.0,Farhangian University,IRN,10805.0,-0.176,low,894.0,-0.976,0.427,-0.164,0.097,-1.347,1.533,-1.413,-0.268,-1.186
93871.0,Samarkand State Medical University,UZB,10810.0,7.01,significant,421.0,-0.374,15.586,0.21,12.111,-1.228,3.342,-1.413,-0.268,0.019
91030.0,Anhui Sanlian University,CHN,10811.0,-0.081,low,368.0,-0.233,-0.418,-0.59,2.152,-1.335,-0.775,-1.413,-0.268,-1.186
62121.0,Pakistan Institute of Nuclear Science and Technology,PAK,10814.0,-0.302,very low,613.0,-0.157,-0.719,-0.837,0.051,0.58,2.374,-1.413,-0.268,-0.364
95119.0,Al-Turath University College,IRQ,10817.0,8.888,significant,923.0,1.271,25.973,-0.082,3.926,-0.796,2.651,0.151,-0.268,2.13
97386.0,Lajpat Rai Educational Society,IND,10818.0,-0.294,very low,902.0,-1.44,-0.108,-1.325,0.092,-1.266,-0.105,0.856,-0.268,-1.186
98337.0,University of Tashkent for Applied Sciences,UZB,10819.0,1.195,significant,278.0,8.733,-0.39,6.755,-0.545,-1.401,-0.138,2.834,-0.268,0.6
99109.0,Guru Gobind Singh College of Pharmacy,IND,10820.0,-0.135,low,288.0,-1.091,-0.014,-0.105,-0.183,-1.317,0.615,1.411,-0.268,-1.186
92392.0,Universite de Tissemsilt,DZA,10821.0,0.281,medium,316.0,6.119,-0.24,-1.542,-0.05,-0.863,1.971,-1.413,-0.268,-1.186
8878.0,Samarqand Qishloq xo`Jalik Instituti,UZB,10822.0,1.893,significant,425.0,10.665,-0.287,6.648,1.544,-1.287,-1.343,-0.394,-0.268,9.382
